{"type": "FeatureCollection", "features": [{"type": "Feature", "properties": {"id": 8, "name": "Subbasin 8", "Subbasin": 8, "AREA_HA_TOTAL": 7151.22, "HRU_COUNT": 24, "DOM_LANDUSE": "PAST", "DOM_LANDUSE_HA": 5626.41, "DOM_LANDUSE_PCT": 78.68, "DOM_SOIL": "E12-2c-1152", "DOM_SOIL_HA": 5561.29, "DOM_SOIL_PCT": 77.77, "DOM_SLOPE_BAND": "25.0-9999", "DOM_SLOPE_BAND_HA": 5066.77, "DOM_SLOPE_BAND_PCT": 70.85}, "geometry": {"type": "Polygon", "coordinates": [[[-4.77560476914927, 32.47168218031825], [-4.775180222672099, 32.4715985449001], [-4.775115154777954, 32.46828335493063], [-4.774459903503667, 32.46721710001488], [-4.774084837793965, 32.46426477524774], [-4.7736585709081405, 32.4640915334564], [-4.773576013609553, 32.45988033737544], [-4.7712001158821336, 32.457314673031135], [-4.767466295562441, 32.45557465675821], [-4.764068857526098, 32.45481568753735], [-4.7636251922843345, 32.45374640423572], [-4.762771052594789, 32.45331024231835], [-4.760828785110048, 32.45127604766281], [-4.758609630808376, 32.45130706654022], [-4.7572428253984125, 32.45168465255065], [-4.756388734332834, 32.45124844543662], [-4.755331992414718, 32.451263183935566], [-4.754373976982555, 32.45091803700206], [-4.753107625341641, 32.45102530275466], [-4.752255293869322, 32.45067866773819], [-4.749395173368677, 32.45035994208832], [-4.747681905406864, 32.449218607539706], [-4.749137076665778, 32.44794364414106], [-4.7492115821590035, 32.44632935252983], [-4.749920087821616, 32.444706250549764], [-4.7503392906310085, 32.44452117285497], [-4.750328896809648, 32.443983565096495], [-4.749585771408119, 32.443814642675235], [-4.748153292981763, 32.44078727450317], [-4.747910834672972, 32.43917738180661], [-4.748402807117779, 32.4372884163403], [-4.747869327250945, 32.43702694586014], [-4.7476441779971434, 32.436313066595645], [-4.746048953653912, 32.435797442302466], [-4.7461390622188535, 32.43498956268161], [-4.745603875307176, 32.43463848016845], [-4.745181253708633, 32.4346443377754], [-4.744214824331045, 32.43385109665832], [-4.741566566598468, 32.43352924609235], [-4.740814931064035, 32.432912258625564], [-4.7400736339917975, 32.432832877963236], [-4.739659624552843, 32.43328672654284], [-4.739784211472994, 32.4342708883768], [-4.739049785757067, 32.43454990990555], [-4.738436490706168, 32.435633886690084], [-4.737804268216088, 32.43573223875063], [-4.737480420829343, 32.43537820447013], [-4.736108600677532, 32.435486750415734], [-4.735902439202329, 32.43575846985109], [-4.734637984256545, 32.43595514563336], [-4.733910389964882, 32.43659254683318], [-4.731800648966643, 32.43680083065861], [-4.730548154546163, 32.43762468235973], [-4.729588660167245, 32.4371897354993], [-4.729261416496766, 32.436656474432574], [-4.727465218262155, 32.43668112780907], [-4.727456672462922, 32.4362331153404], [-4.727141406473823, 32.436327065715844], [-4.726706814118647, 32.43570564390032], [-4.725009463412763, 32.43537040241049], [-4.724793029282366, 32.435104488990135], [-4.721838034705697, 32.43532417980284], [-4.720686015970733, 32.43587768279413], [-4.719856064506185, 32.43669565548107], [-4.719326067160001, 32.4366132668176], [-4.718068356078719, 32.43716818941717], [-4.717330435955858, 32.43726788128739], [-4.716687982888492, 32.436828510532756], [-4.716139309482011, 32.43576047512836], [-4.718574550302522, 32.43599614255375], [-4.719090936759214, 32.43536171134231], [-4.720040154111994, 32.43525912357037], [-4.720977450451951, 32.434529308953564], [-4.720866686297786, 32.43426194432489], [-4.723491041534071, 32.43332979407044], [-4.724953147637166, 32.43241351504222], [-4.72728095007783, 32.432560860990456], [-4.727260445918536, 32.431485630200044], [-4.72862709094778, 32.43110837478016], [-4.728933786065957, 32.4305664087599], [-4.729669924975601, 32.430377048593904], [-4.730915482226046, 32.42919479815447], [-4.730882953737097, 32.42749235167343], [-4.730432978558411, 32.42606451891682], [-4.730005260584947, 32.425801516696815], [-4.729858555933651, 32.423652506688704], [-4.730880757044909, 32.421845942369316], [-4.732642392452727, 32.42002920092785], [-4.732606416913875, 32.41814754850604], [-4.732180444060691, 32.41797415482431], [-4.732488789649274, 32.417521783842446], [-4.732263816143585, 32.41680786914012], [-4.731299404543786, 32.416104118925055], [-4.731289134993734, 32.41556650329088], [-4.730638222068818, 32.414679186127465], [-4.730721613037393, 32.41351290030615], [-4.72994286041191, 32.41146219447014], [-4.7295152147332065, 32.411199187597916], [-4.728825051143355, 32.408250994264385], [-4.728397424124252, 32.407987982839465], [-4.728385466824271, 32.40736076282353], [-4.7278436830713, 32.406651183844204], [-4.726985039018769, 32.40594594604638], [-4.726974799059985, 32.40540832831847], [-4.7278146553541145, 32.405127934349714], [-4.728330809613415, 32.40449347047593], [-4.72969704785106, 32.40411621595657], [-4.729998524260895, 32.40330543992279], [-4.732003586618916, 32.403188266499384], [-4.7370372697527054, 32.40123681922478], [-4.739682847734081, 32.401469197223115], [-4.740411849186077, 32.400921372742296], [-4.74293802980138, 32.400438322828784], [-4.743879955655425, 32.39997715930988], [-4.745365464016156, 32.40031509480963], [-4.746520330590396, 32.39994058797594], [-4.747051857226616, 32.40011247123602], [-4.747361796740456, 32.39974966933944], [-4.749778829845758, 32.39908874514562], [-4.75241397658105, 32.39878324561288], [-4.753579186513032, 32.398946286468416], [-4.754943490229353, 32.39847916255457], [-4.756527680224986, 32.39845708823043], [-4.758101447038098, 32.397897384554895], [-4.7596873626384895, 32.397964872393906], [-4.760527039407577, 32.397684265872215], [-4.7664430153758515, 32.39769109452113], [-4.767611722674026, 32.398033207472515], [-4.768136286399484, 32.39784659640248], [-4.768996904996875, 32.39864114711414], [-4.769630577535771, 32.39863224907928], [-4.769940419228211, 32.39826939487006], [-4.771100396904144, 32.39816346989694], [-4.7715105916746365, 32.397530324732315], [-4.77224811538933, 32.39743032805262], [-4.7726600500865155, 32.396886780367986], [-4.7758178166410765, 32.39630456397275], [-4.777277029323476, 32.39529811077087], [-4.778016283365645, 32.3952876818079], [-4.778852358706608, 32.39482775461508], [-4.780753285416779, 32.394800905115865], [-4.781694947999681, 32.394339467209065], [-4.783801787944493, 32.394040784274445], [-4.7846378208705085, 32.39358082003455], [-4.786010689441401, 32.39356136925305], [-4.789358239083681, 32.39190062433919], [-4.790840219309097, 32.392058822468954], [-4.7919859246141385, 32.39123590843133], [-4.79261953750675, 32.39122689664517], [-4.793136921927601, 32.39068178454876], [-4.795021791446446, 32.389848323676894], [-4.796376854616342, 32.38893276343044], [-4.796786830267235, 32.388299542798784], [-4.798358374754686, 32.38764975053647], [-4.802575153281178, 32.38723100599514], [-4.802990418901691, 32.38686656549281], [-4.804150197767058, 32.38676034254326], [-4.805403089766272, 32.386025400252166], [-4.806455475038579, 32.38583106981962], [-4.80676333961635, 32.38537853174048], [-4.808127140343109, 32.38491084781661], [-4.808538801038789, 32.38436719145017], [-4.810317797100705, 32.383535025867936], [-4.811477521626325, 32.38342873724137], [-4.812522703061686, 32.38287596102048], [-4.813158040649186, 32.38295644719242], [-4.813677043440368, 32.38250085524891], [-4.815162481852128, 32.38283796950008], [-4.816094870038707, 32.38192828942494], [-4.8162917040403626, 32.38120845453132], [-4.8172294467643955, 32.380567563682646], [-4.8171113008199065, 32.379941893457804], [-4.817617705829462, 32.37885909384206], [-4.818755813709121, 32.377677553754275], [-4.818430083872925, 32.377234129463304], [-4.817950322675807, 32.374373055086195], [-4.818472843178235, 32.37409664336851], [-4.818361878245394, 32.373829369594624], [-4.818877213504932, 32.37319456050374], [-4.819823837507545, 32.37300164783996], [-4.820237172228596, 32.37254755564072], [-4.8222377723752095, 32.37224977616538], [-4.822753071310794, 32.37161495237372], [-4.825181352976534, 32.37157981597038], [-4.826781238778597, 32.37236326293761], [-4.828436202741022, 32.370636399223045], [-4.830846382487222, 32.36970517034679], [-4.8321150882256045, 32.369776362127546], [-4.833289075621078, 32.370386666154886], [-4.834348450819729, 32.37055050393687], [-4.837941645365794, 32.37067741415604], [-4.837530223667863, 32.37122115908123], [-4.835841003040943, 32.37124577193126], [-4.83510740161793, 32.37152532744239], [-4.83415359049314, 32.37135996038431], [-4.83342902976256, 32.37208749751048], [-4.832689987241167, 32.37209824463324], [-4.8305946953570364, 32.37293531224336], [-4.830185025250269, 32.373568633348], [-4.8293494177261715, 32.37402888629548], [-4.82904712023761, 32.3747502701587], [-4.828213300534153, 32.37530011453867], [-4.828476805083705, 32.377895405970214], [-4.83053170075591, 32.38028544132219], [-4.830540736810093, 32.3807334326537], [-4.831811405600442, 32.380894220004734], [-4.833209385147841, 32.382128636037386], [-4.834272520465088, 32.38247166532817], [-4.834068584820737, 32.38283313089671], [-4.8343962217567755, 32.383366108915794], [-4.834086693814386, 32.38372911138774], [-4.834731109043758, 32.38425747792055], [-4.834567025156475, 32.38659010004778], [-4.835739438378704, 32.387110773264936], [-4.837252237418478, 32.388791588752625], [-4.837152083716411, 32.38906192166841], [-4.83875601314547, 32.390024395035], [-4.839642586096596, 32.39207281175033], [-4.840281640997777, 32.392332353043294], [-4.840907971487373, 32.391964707912], [-4.84354251021768, 32.391657320103874], [-4.843782847107271, 32.393087789017954], [-4.844735080471417, 32.39316347628842], [-4.845386916013172, 32.394050172204665], [-4.846557660871326, 32.39448114108681], [-4.848172736919688, 32.39598106972637], [-4.848185517051639, 32.39660824979525], [-4.850538077666268, 32.39800770257139], [-4.85066562430675, 32.39908131543351], [-4.850987933956869, 32.39934545237463], [-4.850911584732907, 32.40078055518278], [-4.851346828281304, 32.40140152707534], [-4.8509321706275035, 32.406964293297335], [-4.852549380062666, 32.40855374898332], [-4.854028042038505, 32.408531995936315], [-4.855643499050067, 32.41003181189428], [-4.858639443078548, 32.41186973879272], [-4.858861711982452, 32.412404200096056], [-4.86014573429799, 32.41319185702977], [-4.860386406044571, 32.41462227790821], [-4.860929249903969, 32.415331246733935], [-4.8609715645340845, 32.41739195975426], [-4.860139409175096, 32.418031615451056], [-4.8581471470246775, 32.418778008904496], [-4.857639198794279, 32.41977135908751], [-4.856910794043337, 32.42031984054259], [-4.85595459846289, 32.42006506363796], [-4.854373784975084, 32.42026759438104], [-4.854071554117861, 32.42098903163641], [-4.853439587650872, 32.421087956421125], [-4.85334678253861, 32.42171668656111], [-4.850221667525709, 32.42391359879583], [-4.849811925390683, 32.424546982277775], [-4.846967014258276, 32.42494722919772], [-4.846868681901929, 32.42530716557408], [-4.845404340709188, 32.42604561955133], [-4.8445610480863275, 32.42614759700035], [-4.8442532486310395, 32.42660022287437], [-4.842783396466567, 32.42706985686712], [-4.841951021093525, 32.42770939934548], [-4.84015875068826, 32.42791484740155], [-4.839124157999965, 32.42900544482382], [-4.837761699598141, 32.429563076738646], [-4.836317192351044, 32.43128699937616], [-4.833705056873081, 32.432759042755556], [-4.832670331360602, 32.43384959116178], [-4.83162470874962, 32.43440254714064], [-4.8315263064254115, 32.434762473603186], [-4.830473422248892, 32.4349570306688], [-4.830065303231387, 32.43567995314329], [-4.828493189879968, 32.4363301581831], [-4.82746559336688, 32.437779057331326], [-4.826217617435041, 32.438783025671576], [-4.824430497859773, 32.43925705179006], [-4.823911240448928, 32.43971269390997], [-4.8227508189389745, 32.439819121534754], [-4.820358534114861, 32.441735832918084], [-4.819409400052945, 32.44183917544985], [-4.818372598573047, 32.4428400167868], [-4.817110063697525, 32.44312711600506], [-4.81460472281232, 32.44468685698549], [-4.813655549236334, 32.44479015742417], [-4.813555270609701, 32.44506047404993], [-4.811142930363739, 32.44599143982591], [-4.810845651226244, 32.44698158089646], [-4.81022061364019, 32.44743868982344], [-4.8095060225833945, 32.44870369975076], [-4.808048144947319, 32.44980013460522], [-4.802071353550077, 32.452216058479976], [-4.800863900349396, 32.45528055993464], [-4.7990959034858, 32.45673982746156], [-4.798810930022645, 32.458357135589026], [-4.7977648107419135, 32.45890982568802], [-4.796632567917909, 32.46044960294973], [-4.795487840096483, 32.46136217906882], [-4.795611306734986, 32.46225665994954], [-4.794991419957352, 32.46298249520724], [-4.793631717520395, 32.46371887225139], [-4.792157429732665, 32.46400874530897], [-4.7897656263443595, 32.4660145128656], [-4.788714046433006, 32.46629833484948], [-4.786519332275977, 32.467584247063186], [-4.782425608535811, 32.46907627953288], [-4.7815800604283645, 32.46908825164655], [-4.778551945367111, 32.47101319379299], [-4.77560476914927, 32.47168218031825]]]}}, {"type": "Feature", "properties": {"id": 7, "name": "Subbasin 7", "Subbasin": 7, "AREA_HA_TOTAL": 14056.47, "HRU_COUNT": 34, "DOM_LANDUSE": "PAST", "DOM_LANDUSE_HA": 7856.35, "DOM_LANDUSE_PCT": 55.89, "DOM_SOIL": "E12-2c-1152", "DOM_SOIL_HA": 8041.78, "DOM_SOIL_PCT": 57.21, "DOM_SLOPE_BAND": "25.0-9999", "DOM_SLOPE_BAND_HA": 9831.84, "DOM_SLOPE_BAND_PCT": 69.95}, "geometry": {"type": "Polygon", "coordinates": [[[-4.859477221524248, 32.421805575102994], [-4.8593495252134025, 32.420731979846266], [-4.8585044645558595, 32.420744452118534], [-4.857533567257422, 32.41977291695648], [-4.8581471470246775, 32.418778008904496], [-4.860139409175096, 32.418031615451056], [-4.8609715645340845, 32.41739195975426], [-4.860929249903969, 32.415331246733935], [-4.860386406044571, 32.41462227790821], [-4.860364337601153, 32.41354712254831], [-4.858861711982452, 32.412404200096056], [-4.858639443078548, 32.41186973879272], [-4.857574039493539, 32.411437336237434], [-4.854028042038505, 32.408531995936315], [-4.852549380062666, 32.40855374898332], [-4.8509321706275035, 32.406964293297335], [-4.851346828281304, 32.40140152707534], [-4.850911584732907, 32.40078055518278], [-4.850987933956869, 32.39934545237463], [-4.85066562430675, 32.39908131543351], [-4.850538077666268, 32.39800770257139], [-4.848185517051639, 32.39660824979525], [-4.848172736919688, 32.39598106972637], [-4.846557660871326, 32.39448114108681], [-4.845386916013172, 32.394050172204665], [-4.844735080471417, 32.39316347628842], [-4.843782847107271, 32.393087789017954], [-4.84354251021768, 32.391657320103874], [-4.840907971487373, 32.391964707912], [-4.840281640997777, 32.392332353043294], [-4.839642586096596, 32.39207281175033], [-4.83875601314547, 32.390024395035], [-4.837152083716411, 32.38906192166841], [-4.837252237418478, 32.388791588752625], [-4.835739438378704, 32.387110773264936], [-4.834567025156475, 32.38659010004778], [-4.834731109043758, 32.38425747792055], [-4.834086693814386, 32.38372911138774], [-4.8343962217567755, 32.383366108915794], [-4.834068584820737, 32.38283313089671], [-4.834272520465088, 32.38247166532817], [-4.833209385147841, 32.382128636037386], [-4.831811405600442, 32.380894220004734], [-4.830540736810093, 32.3807334326537], [-4.83053170075591, 32.38028544132219], [-4.828476805083705, 32.377895405970214], [-4.828213300534153, 32.37530011453867], [-4.82904712023761, 32.3747502701587], [-4.8293494177261715, 32.37402888629548], [-4.830185025250269, 32.373568633348], [-4.8305946953570364, 32.37293531224336], [-4.832689987241167, 32.37209824463324], [-4.83342902976256, 32.37208749751048], [-4.83415359049314, 32.37135996038431], [-4.83510740161793, 32.37152532744239], [-4.835841003040943, 32.37124577193126], [-4.837530223667863, 32.37122115908123], [-4.837732307841026, 32.37077009068595], [-4.838680674146442, 32.37066663667278], [-4.839636299953645, 32.370921567390646], [-4.8403462710608505, 32.36947721319945], [-4.840329926305338, 32.36867083177485], [-4.840218905412706, 32.36840357912823], [-4.8390521599465, 32.36815173231114], [-4.838922997647885, 32.36698849805537], [-4.838386071427228, 32.36654820660385], [-4.837936585815752, 32.36521039248823], [-4.837397862240903, 32.36468049801243], [-4.836227548259911, 32.3642494264859], [-4.835470461434694, 32.36336420514611], [-4.833886952306429, 32.36338724953046], [-4.830913000056342, 32.362534227593386], [-4.8309372851272245, 32.35850076066285], [-4.829224838130388, 32.357360494173065], [-4.829215816700788, 32.35691250084973], [-4.8279346711691655, 32.356214081979374], [-4.826207895158248, 32.3543569805736], [-4.827762411836816, 32.35290045769245], [-4.828059247304055, 32.351910280417925], [-4.829726463112852, 32.35081060013674], [-4.829919523912377, 32.34991154946563], [-4.831888881519325, 32.34809045749233], [-4.832602431697239, 32.34682534127691], [-4.834163952441685, 32.34572714062], [-4.835190470664892, 32.344278208426566], [-4.836648183214604, 32.34327111364706], [-4.837490721948957, 32.34316921562314], [-4.838207781498352, 32.34208326787037], [-4.841667073071383, 32.34086767692056], [-4.84270249930894, 32.33986668012402], [-4.843002767954321, 32.33905566968028], [-4.8448915495879525, 32.33849030638515], [-4.8456175798651415, 32.337852310944626], [-4.846774845739032, 32.337656121439025], [-4.847386216096323, 32.33657167147314], [-4.848956490101651, 32.33592128887118], [-4.850197375829907, 32.334648346717245], [-4.851662063250879, 32.33399948018057], [-4.852400788125162, 32.333988633191], [-4.8527082553596275, 32.333535994097545], [-4.8546969039202565, 32.332700146480164], [-4.856170671364114, 32.33249921811078], [-4.856989293714719, 32.33123242484539], [-4.859087041362756, 32.33057415252639], [-4.86065345605413, 32.32974443559199], [-4.860960867883842, 32.329291778132], [-4.863182422326602, 32.32952785711845], [-4.8641284849805375, 32.32933463061065], [-4.865929779764778, 32.32966649536042], [-4.866677659862365, 32.33010355191528], [-4.870248978881254, 32.32924403194606], [-4.8709060964992466, 32.33039940296974], [-4.872279789315665, 32.33046864474875], [-4.8748105832513895, 32.330341430120136], [-4.8766952659103655, 32.32959641033546], [-4.880068374056466, 32.32936693194021], [-4.88363580646499, 32.32832784579229], [-4.885616602897578, 32.32713313969835], [-4.885705404744179, 32.32632519629196], [-4.886764333944904, 32.326488610200336], [-4.888956087501268, 32.32529069769822], [-4.892317803350032, 32.32452332286851], [-4.892521383357205, 32.32416177337034], [-4.894718600580687, 32.32323255276709], [-4.895666386437294, 32.323128690192064], [-4.89681025553296, 32.32230488199836], [-4.897445219573467, 32.32238495700519], [-4.899118507668659, 32.32164278819895], [-4.9008086180843815, 32.32170695778792], [-4.902902045636276, 32.32086878487693], [-4.904692027208875, 32.32066252523954], [-4.904673267009874, 32.319766571941955], [-4.905402470408822, 32.319307442433484], [-4.905389333972271, 32.31868027526435], [-4.907897171118596, 32.31747726770376], [-4.908100673551081, 32.31711569561262], [-4.909679548406732, 32.31691255956896], [-4.910406821496537, 32.31636380765858], [-4.913459016386135, 32.315959059858486], [-4.913873507224568, 32.315594278884234], [-4.916616687116661, 32.315552636464446], [-4.917240287665568, 32.31509504450683], [-4.917210080561212, 32.313661528410165], [-4.917703613599548, 32.312040805826534], [-4.920009546410818, 32.31128874962941], [-4.921047539437751, 32.310466339527395], [-4.922094975654211, 32.31009189431992], [-4.922156949861287, 32.30802961202512], [-4.921932709661324, 32.30740566378339], [-4.921614326754457, 32.3073208893477], [-4.921254334978549, 32.305265031596285], [-4.9224407924356095, 32.30148277613127], [-4.92217684140964, 32.298977338540325], [-4.922485735196832, 32.2986141392593], [-4.922662650967144, 32.29699822052834], [-4.922969644153294, 32.29654542557493], [-4.923915216909855, 32.29635176744717], [-4.923898178341219, 32.29554541545063], [-4.924723104256012, 32.29463660243497], [-4.925877721531581, 32.29435011842834], [-4.926180899561008, 32.293718127273564], [-4.929853738257423, 32.29276578617742], [-4.930266160622152, 32.29231136224477], [-4.933616753957192, 32.29109497133637], [-4.934358901892056, 32.291262846220775], [-4.935613206116041, 32.29070587680838], [-4.937065107011591, 32.28951849974337], [-4.939991695494677, 32.28821882643705], [-4.941334207113868, 32.28685383675474], [-4.943727558227357, 32.2852934099158], [-4.945823560462569, 32.284633754875486], [-4.949886988390257, 32.282240851198985], [-4.9501937967838305, 32.281787996162286], [-4.950826590278149, 32.28177821857038], [-4.951430596036536, 32.280424536580455], [-4.953829364803068, 32.27913270997044], [-4.955275072389249, 32.27767635785461], [-4.957886555291736, 32.276470784860614], [-4.9589257353549305, 32.27573768057638], [-4.958919957040582, 32.2754689012981], [-4.9594530255318, 32.275729497701015], [-4.960822051013444, 32.27561861894095], [-4.961964724630474, 32.27479425994061], [-4.96364817054055, 32.274588841371795], [-4.964423063447669, 32.276279620702056], [-4.96485069268757, 32.27654183440736], [-4.964969676237951, 32.27716734227709], [-4.964655230072396, 32.277261859041936], [-4.964664889492837, 32.27770982283035], [-4.964987066067501, 32.2779736769312], [-4.965016050661533, 32.27931756777368], [-4.967253962010363, 32.28035818575338], [-4.967158171961166, 32.280807792124314], [-4.967921575353911, 32.281960988617236], [-4.9670091497158095, 32.28367804095329], [-4.963966064332168, 32.2844424059942], [-4.963450312541891, 32.28498816599724], [-4.964848459243937, 32.28622112827373], [-4.965078728563507, 32.28711377060414], [-4.964768114175789, 32.28738747406592], [-4.965099992235444, 32.28809928910369], [-4.965849898983165, 32.28862534770741], [-4.965863436388469, 32.28925249542183], [-4.965445410364555, 32.289438250843254], [-4.96525186376135, 32.29024786845858], [-4.965675695327668, 32.29033089110796], [-4.966224346283118, 32.2913081940913], [-4.966650118429626, 32.29148080568491], [-4.9666655977854965, 32.292197545255206], [-4.96615562486174, 32.29301209412489], [-4.967063316297072, 32.295955494761856], [-4.967702010585387, 32.29621440579042], [-4.967721373748381, 32.29711032900037], [-4.968916554241953, 32.298704892671154], [-4.9702956017228965, 32.29904185927392], [-4.969680141766481, 32.29985806868591], [-4.969363685835505, 32.299863007565754], [-4.9692737053995995, 32.30058139117574], [-4.968857573918972, 32.30085675155013], [-4.968980501516309, 32.301661435412825], [-4.967402061870274, 32.30186529886903], [-4.967104959854909, 32.30276615504914], [-4.967741766289866, 32.302935471497605], [-4.967555964924177, 32.304103460235304], [-4.968200531072895, 32.304631142710456], [-4.968216030490735, 32.305347880118035], [-4.968749303112623, 32.30560842818742], [-4.968764807434959, 32.306325165247195], [-4.970675317098229, 32.306833075953435], [-4.970907646432874, 32.30781529260776], [-4.9713335055527335, 32.30798788459176], [-4.97112833791084, 32.30825995668669], [-4.970495368119974, 32.30826984319345], [-4.969567242262521, 32.30927017955088], [-4.969692130781614, 32.310164453043306], [-4.970233195623961, 32.310783361360855], [-4.969725099692269, 32.31168751722504], [-4.969648691413907, 32.31303304409334], [-4.970191714126473, 32.31374154362063], [-4.970218875445122, 32.31499583071031], [-4.971607885042688, 32.31578073159575], [-4.971947699202094, 32.316850886696805], [-4.97199625177842, 32.31909068140687], [-4.970956706630795, 32.31982390388723], [-4.97139815698294, 32.32071322747604], [-4.971712742965308, 32.32061868890298], [-4.9718201943428815, 32.32070663155449], [-4.971302355928186, 32.32116283514942], [-4.9712143206007875, 32.321970809857966], [-4.970899729430349, 32.32206534737203], [-4.970502918469849, 32.323236633885486], [-4.969476895806058, 32.32459698876503], [-4.969595991720353, 32.325222484076946], [-4.968982300630431, 32.326128285905035], [-4.968911700224884, 32.32774258577877], [-4.969130495726904, 32.328097658719486], [-4.970193440422661, 32.328439548847115], [-4.976348542985205, 32.329956453174674], [-4.97753069335595, 32.33092376528374], [-4.9801784666953495, 32.331330333662756], [-4.980612260842203, 32.33186125321363], [-4.98114182140908, 32.33194255813607], [-4.981370436771732, 32.332745562720355], [-4.9802096868010235, 32.33276379195523], [-4.9800064457815925, 32.333125469778864], [-4.979267783135206, 32.3331370635712], [-4.979597834429219, 32.33859881009891], [-4.979928083665351, 32.339220977711804], [-4.980352156682319, 32.3393039409348], [-4.980162565743974, 32.34029275641654], [-4.980590548546157, 32.340554900636796], [-4.980543586165747, 32.343244287559564], [-4.9811103216219905, 32.34502781754688], [-4.982922042952725, 32.34580593556546], [-4.984106431619498, 32.346862763594196], [-4.985744335349988, 32.3493463816157], [-4.987861047270824, 32.34958189336684], [-4.98893019328353, 32.350192383023945], [-4.989176585506429, 32.35180168019284], [-4.989598762620378, 32.35179501914387], [-4.989610534859545, 32.352332561226255], [-4.990148072210226, 32.35277218431191], [-4.991000288727681, 32.353117214979704], [-4.992900110032466, 32.35308720059232], [-4.995468623602042, 32.35465975698073], [-4.998334161967398, 32.35533134045341], [-4.999407387336524, 32.3561209147809], [-5.000783465838, 32.356278326703034], [-5.004612872888412, 32.35756181127913], [-5.004843747903575, 32.3584543488626], [-5.005484966584001, 32.3588026338087], [-5.005604366352687, 32.35942808031242], [-5.00602657466201, 32.3594213628775], [-5.006140042359336, 32.35977804063869], [-5.007639560781889, 32.36073999861893], [-5.009234754495295, 32.36125230937333], [-5.009784333544689, 32.36222937689859], [-5.009985073774091, 32.36652796883275], [-5.0114966547801085, 32.368027407567006], [-5.012191578498341, 32.37079455370439], [-5.012623768812989, 32.37123575620023], [-5.0117911580005865, 32.37178677131639], [-5.01084503212905, 32.37198110991306], [-5.0101437607821655, 32.373695086398136], [-5.009514316988713, 32.373884364536416], [-5.009524233765537, 32.374332309250164], [-5.008366936938371, 32.37452999655438], [-5.007747391582068, 32.37516721131263], [-5.006797258997996, 32.37518234303787], [-5.005018394321873, 32.375927619027635], [-5.00385513149342, 32.375856498408865], [-5.003442733750828, 32.37631115783889], [-5.001757534672206, 32.37651717558458], [-5.001026429706063, 32.37688726814033], [-4.999128093324533, 32.37700701403895], [-4.997251436958009, 32.378112216761366], [-4.996094059417114, 32.378309794177994], [-4.994109792906506, 32.3793270348221], [-4.991575967224168, 32.379367100711775], [-4.991345156862484, 32.37847453854195], [-4.9899687503628956, 32.378317036708346], [-4.989135931103706, 32.37886790952274], [-4.9897831352769915, 32.37948503988205], [-4.989800814248907, 32.38029134935321], [-4.988535848380985, 32.380400935889945], [-4.988015810916074, 32.380767624166495], [-4.9860117874019885, 32.38088884161592], [-4.986005905414701, 32.380620071211084], [-4.984950125083548, 32.380636704243706], [-4.984956003948919, 32.38090547482011], [-4.982951970653671, 32.38102664386925], [-4.982095600264667, 32.380502388608306], [-4.981035907333622, 32.38033980802303], [-4.978818767799308, 32.38037463952173], [-4.97690664960488, 32.37986692026101], [-4.9739465733458355, 32.3797340745785], [-4.972793008010443, 32.38011062235759], [-4.97131491178247, 32.380133750903525], [-4.971109592800177, 32.38040582641682], [-4.970049915681355, 32.38024315259867], [-4.96911525998357, 32.380974730737925], [-4.967852191131746, 32.381173702004254], [-4.967335945751917, 32.38171949055851], [-4.966704404525989, 32.38181896909507], [-4.966608531950889, 32.38226857252279], [-4.961961016211167, 32.382251388924914], [-4.960406327142674, 32.38361990655764], [-4.960231935096537, 32.38532542931708], [-4.9598173352753, 32.38569036403481], [-4.956868665512927, 32.38609467312206], [-4.956878327134695, 32.38654263126887], [-4.956049085380678, 32.38727247871646], [-4.953109986624739, 32.38812466117938], [-4.950927299134211, 32.38977166329553], [-4.948821254062775, 32.39007311722722], [-4.948625467194493, 32.39079311920691], [-4.947784576719675, 32.39098536365207], [-4.947270076697474, 32.39162066805737], [-4.94642533045699, 32.39163371961419], [-4.945693863820607, 32.392003503681934], [-4.944762727516404, 32.39291409645275], [-4.943704858192005, 32.39284079734838], [-4.942869693784362, 32.39330178685555], [-4.941815656553866, 32.393407656638544], [-4.940673272511721, 32.39432147555893], [-4.938476800400983, 32.39534112769874], [-4.937242154369684, 32.39688368964903], [-4.935777139620007, 32.39753356002568], [-4.933386518192011, 32.39936270678727], [-4.932234428169469, 32.399828490828305], [-4.931389597975427, 32.39984144453195], [-4.931067062997794, 32.39957752227297], [-4.927274851238789, 32.40008369882808], [-4.926861952395329, 32.400538124945754], [-4.925592790483722, 32.400467906646995], [-4.925072373808261, 32.40083434815814], [-4.923805108912224, 32.40085370511346], [-4.9234958943045415, 32.40121691514002], [-4.921911804845379, 32.40124108978374], [-4.919826238948733, 32.402527598955565], [-4.917923404746888, 32.40246695836485], [-4.916558078787892, 32.40284622503015], [-4.915315382461173, 32.40403021411354], [-4.914683616183919, 32.404129439586036], [-4.913333375657744, 32.40522542188543], [-4.912073598643081, 32.405603038044944], [-4.91176998802159, 32.4062350026158], [-4.909455946565901, 32.40671820989816], [-4.90715507179673, 32.40782853327043], [-4.9058895794392114, 32.40793730775746], [-4.903290589634745, 32.409948297409386], [-4.902764383576507, 32.410045869240236], [-4.902770025510381, 32.410314651691415], [-4.901521406089022, 32.41122973143151], [-4.901425184198999, 32.41167929672915], [-4.9003765029161945, 32.41205361199707], [-4.899337199742357, 32.412875890305884], [-4.898180997526916, 32.413162186277994], [-4.897139785932363, 32.41389485316268], [-4.89704353998487, 32.41434441585398], [-4.896304180037747, 32.41435554867069], [-4.894732947101074, 32.41500655164066], [-4.893672965344574, 32.414843246145885], [-4.8925242012990955, 32.41548787007096], [-4.890100442796553, 32.41579313125086], [-4.889791040910096, 32.41615626468628], [-4.889051663083414, 32.41616735549769], [-4.888531003892681, 32.41653365405981], [-4.885043481377224, 32.416496272061174], [-4.883890906514311, 32.416961630099365], [-4.881887719257606, 32.41717082060206], [-4.881670884278983, 32.41690519124632], [-4.8793433779983735, 32.41676069390519], [-4.878720761788461, 32.41730771998078], [-4.876193121692952, 32.41770388772973], [-4.875570479467096, 32.4182508990952], [-4.872399764147112, 32.41820845009261], [-4.871562134886025, 32.41857939161511], [-4.870815330885878, 32.41823199345016], [-4.870609621336243, 32.41850391814863], [-4.868611901151098, 32.41898168706441], [-4.8683097892133524, 32.41970315430368], [-4.867473974778339, 32.42016366549276], [-4.866938433900123, 32.419813111819415], [-4.863667553689761, 32.4200407984014], [-4.862605713463072, 32.419787635514254], [-4.862511131599436, 32.42032677406573], [-4.861562284938105, 32.420430424803804], [-4.859477221524248, 32.421805575102994]]]}}, {"type": "Feature", "properties": {"id": 5, "name": "Subbasin 5", "Subbasin": 5, "AREA_HA_TOTAL": 16020.94, "HRU_COUNT": 25, "DOM_LANDUSE": "PAST", "DOM_LANDUSE_HA": 14315.38, "DOM_LANDUSE_PCT": 89.35, "DOM_SOIL": "E12-2c-1152", "DOM_SOIL_HA": 13837.77, "DOM_SOIL_PCT": 86.37, "DOM_SLOPE_BAND": "25.0-9999", "DOM_SLOPE_BAND_HA": 13677.89, "DOM_SLOPE_BAND_PCT": 85.38}, "geometry": {"type": "Polygon", "coordinates": [[[-5.182419651446815, 32.2916981350826], [-5.181455473752671, 32.291087483641164], [-5.181326407484095, 32.29010392359498], [-5.179159329405919, 32.2877216900758], [-5.178274961156481, 32.28603422446514], [-5.1774248930302695, 32.28578004008345], [-5.176447967651718, 32.284631861927735], [-5.175064231314517, 32.28411800959262], [-5.17377099740825, 32.28297525951521], [-5.172169988181444, 32.28219626282331], [-5.171623510422041, 32.2813991066302], [-5.171920638662642, 32.28058743487081], [-5.170844795692898, 32.27970976446296], [-5.170285540883795, 32.27837511452497], [-5.169743371010152, 32.27775711029743], [-5.169108559833208, 32.277678402412555], [-5.167697260145671, 32.27599990608918], [-5.16696340984215, 32.27619174137543], [-5.1664191455205035, 32.27548413976915], [-5.166279624044631, 32.27405264713053], [-5.165305097448969, 32.272993950650005], [-5.162679696312614, 32.27348704470545], [-5.159832761219768, 32.273535784629765], [-5.15929705884328, 32.27318647622258], [-5.158687086459047, 32.26970179937565], [-5.157443039587551, 32.27061924699846], [-5.155751776727503, 32.27046890129372], [-5.154925211907446, 32.27119995889863], [-5.154284101940306, 32.27085242741002], [-5.153653582172504, 32.270952803397954], [-5.152829111892807, 32.27177343034383], [-5.149977984699633, 32.27164278115158], [-5.145479883629943, 32.27324281889907], [-5.144950560645538, 32.273162195121195], [-5.144085939579264, 32.27228069746213], [-5.1435587304179355, 32.272289650298106], [-5.142696237422822, 32.27149772488546], [-5.140884797819035, 32.27072188874777], [-5.139273752402774, 32.26949453678991], [-5.138213057311354, 32.26924364936556], [-5.135800561375067, 32.269822197563826], [-5.13409464759255, 32.26904447607586], [-5.131454485520222, 32.26890983874415], [-5.12985615442591, 32.2682198610585], [-5.129953218158801, 32.267859747823074], [-5.131842713057914, 32.26746938161312], [-5.132348939728062, 32.266564643912034], [-5.132007486225755, 32.26549498329851], [-5.132302833957709, 32.264593806532446], [-5.130884028903774, 32.26255652311206], [-5.131069761350422, 32.261477960670874], [-5.130568485103472, 32.258080896943824], [-5.131144508139658, 32.2556514623908], [-5.130060975755388, 32.25441507651789], [-5.129692405269325, 32.252180814644426], [-5.130919761709609, 32.25054696645704], [-5.131957184240567, 32.24981250468484], [-5.132252490789452, 32.24891132809265], [-5.133405775695891, 32.24862299429269], [-5.134126913130761, 32.247893857895086], [-5.135174764516663, 32.24760728990923], [-5.136410355412415, 32.24633172833822], [-5.137464478401948, 32.24631389287947], [-5.138811731454089, 32.24530527605328], [-5.142612833736668, 32.24550970658945], [-5.144588261231321, 32.24431113397168], [-5.146896725398223, 32.243823821622975], [-5.146983159237744, 32.243015783100105], [-5.148033018023073, 32.242818695238], [-5.148857286916602, 32.24199810550622], [-5.149808055831807, 32.24207154528596], [-5.149689984274369, 32.24153584230079], [-5.150824105757811, 32.24044111019182], [-5.153539247183564, 32.2393194230252], [-5.154253802487376, 32.23832143283007], [-5.155084322100749, 32.23776955382409], [-5.158014364606436, 32.23682334398997], [-5.158933290585326, 32.235552981334656], [-5.160901916804547, 32.234085423250896], [-5.163513465449205, 32.23305491904673], [-5.164649438917162, 32.23204965519153], [-5.165587355491173, 32.23158548785228], [-5.166116447971575, 32.23166603519475], [-5.167155491143941, 32.231020885553406], [-5.168089127657945, 32.230377536720475], [-5.1687906833664545, 32.22884198145945], [-5.170139453225588, 32.2279226356506], [-5.171500981830142, 32.227540766998835], [-5.17201300192548, 32.22690463663603], [-5.172746449341583, 32.226712788246886], [-5.173359577016189, 32.22589567713781], [-5.175250123026452, 32.225594285868546], [-5.175863220633135, 32.22477716376941], [-5.176491257322714, 32.22458710955204], [-5.17855619077903, 32.22275915524455], [-5.180870317223598, 32.22253999557665], [-5.182324248886506, 32.22161870911371], [-5.182932973069196, 32.22062239379141], [-5.1844986608778125, 32.21996800696849], [-5.1856342375086735, 32.21896256955154], [-5.186892328387605, 32.21867194681067], [-5.187823549544761, 32.21793888154831], [-5.188873014356523, 32.217741469758856], [-5.190225708709054, 32.21700108550088], [-5.191907402903727, 32.21679268849768], [-5.192107399772818, 32.2163411291324], [-5.193363278944236, 32.21596086367431], [-5.193978301629929, 32.21523324298383], [-5.194169676177567, 32.21442335853466], [-5.19645983912119, 32.213218538441275], [-5.197388770968249, 32.21239582744465], [-5.199070358802544, 32.212187339361996], [-5.200197043996489, 32.21082346001377], [-5.202605359252285, 32.21015418185299], [-5.203626602149634, 32.20879211131956], [-5.204463030960003, 32.20850867014954], [-5.205170303781258, 32.207241682159804], [-5.207258070647485, 32.20639867578179], [-5.207877248535449, 32.2058501538778], [-5.209971457412401, 32.205275844363406], [-5.210898017211268, 32.204363462264226], [-5.212779285133117, 32.203703214770776], [-5.213394070689869, 32.20297550870511], [-5.213484236423287, 32.20234660649021], [-5.214417244559118, 32.20170293971514], [-5.21558266963563, 32.20195136776435], [-5.217779914814918, 32.20128550828685], [-5.2181882855544, 32.20074063691837], [-5.220161715347112, 32.19954096028641], [-5.222218660017301, 32.19744361155589], [-5.222846401572579, 32.197253338638795], [-5.223555514903237, 32.19607583987571], [-5.2247012615460475, 32.19551797498414], [-5.224793525307831, 32.19497864680166], [-5.2300171448471415, 32.19309425265151], [-5.230322248649463, 32.19264078339015], [-5.230750182513938, 32.192902083893706], [-5.232117467066091, 32.19278832999986], [-5.2331533964054655, 32.19205309538919], [-5.233888607375637, 32.19195048756064], [-5.234088345699707, 32.19149887172557], [-5.235556563287192, 32.191204063061605], [-5.237626119209908, 32.18964395506896], [-5.2399238385856926, 32.18879670860881], [-5.24109793596085, 32.189403218415876], [-5.242890900478903, 32.18946103607517], [-5.244135179162251, 32.18863240060935], [-5.2448747459937035, 32.18870888633182], [-5.246015859248895, 32.18797168187472], [-5.246860758911186, 32.18804628457053], [-5.247271098048678, 32.187590906295085], [-5.248741404960605, 32.1873855266369], [-5.249050803069142, 32.18711117206266], [-5.255877734741678, 32.186182981139005], [-5.257652936062735, 32.18552397462071], [-5.257736149366494, 32.18462632231246], [-5.258561107644778, 32.183894653939696], [-5.262353042086316, 32.18382685353286], [-5.26350503351595, 32.18353738375334], [-5.264751253939508, 32.1827981333765], [-5.26538545293534, 32.182876387283265], [-5.266317881203018, 32.18223236081017], [-5.266949856285871, 32.18222103039093], [-5.267566281338007, 32.18158266094837], [-5.2688235533727905, 32.18129125544301], [-5.269334631729821, 32.18065476826677], [-5.270067474281557, 32.180462379295854], [-5.271098495966556, 32.17954769961321], [-5.273301427863254, 32.17914964376362], [-5.274365817912805, 32.17957858227101], [-5.276048796232359, 32.17945867974771], [-5.278549818123362, 32.178338237226264], [-5.280875876447064, 32.178654760435045], [-5.281070884395941, 32.178023929776806], [-5.2835718002875005, 32.176903392226606], [-5.285256947994113, 32.17687294536627], [-5.289637841302765, 32.17509098576498], [-5.291318460417864, 32.17488130928889], [-5.293720575682412, 32.17403121376764], [-5.297086239640882, 32.17379088244758], [-5.297915274979648, 32.17323812447893], [-5.299396460858647, 32.173480044277134], [-5.300655754513064, 32.17327790609792], [-5.301590077994629, 32.17272320891471], [-5.304424570839804, 32.17231312025748], [-5.3102259292068235, 32.17256571981977], [-5.311059395142792, 32.172192027664636], [-5.311906437547592, 32.17235577377545], [-5.315059066356979, 32.17202924593682], [-5.3171471895154285, 32.171274076071484], [-5.317962454951649, 32.170183751670976], [-5.319903493703395, 32.17194045683683], [-5.320358830709458, 32.173276327813845], [-5.318815439434369, 32.17473848303534], [-5.318629784513893, 32.17572765361735], [-5.317715973052698, 32.177088634483006], [-5.317296964643378, 32.17718592993982], [-5.315144208214941, 32.17955536144939], [-5.31420763933847, 32.180020584078385], [-5.3125632437283254, 32.181663746699826], [-5.312478306759641, 32.18247183687902], [-5.31165607936859, 32.183293410767284], [-5.311665138111634, 32.183651705827806], [-5.31072171777797, 32.183848183704136], [-5.309901725338917, 32.184759321159575], [-5.308857484031365, 32.18513685812883], [-5.308163145612555, 32.18685222708687], [-5.3081789767555945, 32.18747924462218], [-5.3090374711748085, 32.188090872705835], [-5.30947916913152, 32.188889340407016], [-5.310225559805478, 32.1892341623344], [-5.3104611323650985, 32.19021562329849], [-5.310779402182016, 32.190299420663955], [-5.310009160324031, 32.193181182740084], [-5.308545731467969, 32.19365599469599], [-5.308241024872548, 32.19410963519989], [-5.309740682496089, 32.19506800613441], [-5.309884511435493, 32.196588834074376], [-5.31020506781735, 32.1967622054818], [-5.310223183528581, 32.19747879478818], [-5.310866570285726, 32.19791510822798], [-5.311214319936278, 32.199163359762174], [-5.312352718336859, 32.19833600225573], [-5.312774095706452, 32.19832829224067], [-5.313078791819876, 32.19787464147067], [-5.313811661915892, 32.197681997109484], [-5.315819996632965, 32.19791405951306], [-5.318950750968357, 32.19669166385678], [-5.320633946658979, 32.19657115583152], [-5.322864334984228, 32.19724710262754], [-5.323402433515396, 32.197685285506005], [-5.324455860885739, 32.19766591613753], [-5.325181863642826, 32.19720448882335], [-5.32791162765796, 32.19679578219969], [-5.328429205584973, 32.19642779001589], [-5.328452388494008, 32.1932012381094], [-5.32874557774012, 32.19229969084837], [-5.329695886101479, 32.192371793839335], [-5.331674421603532, 32.19143916661984], [-5.336206105426282, 32.1914451063434], [-5.336409905835057, 32.1911724962747], [-5.337041911504222, 32.19116081279023], [-5.337554838398555, 32.19061364207937], [-5.338912714134905, 32.19014045221429], [-5.339004294865123, 32.189601071563764], [-5.339636288502617, 32.18958937562134], [-5.340879630387088, 32.18875982787773], [-5.342461892453582, 32.18882013108535], [-5.342736566184694, 32.18720198406565], [-5.343400687428616, 32.18844427377886], [-5.342883216945436, 32.18881232279067], [-5.342892399951184, 32.18917060957477], [-5.344197725181028, 32.19075946474962], [-5.345042688841493, 32.190833405890054], [-5.345720663170563, 32.192613108914514], [-5.346458009781108, 32.19259942305036], [-5.348120359927813, 32.19167241180435], [-5.349492003533555, 32.19173653769233], [-5.3499041279153685, 32.19137042051517], [-5.350641462291068, 32.191356710730055], [-5.352466710148947, 32.192666963240484], [-5.353943703494741, 32.19272907944812], [-5.354889408237745, 32.19262184998034], [-5.355502948296106, 32.19189350698133], [-5.356553975355486, 32.19178430257019], [-5.358066963924023, 32.189157285614286], [-5.358692012137447, 32.18887678252801], [-5.362790612672524, 32.188441782924066], [-5.363617033808543, 32.187799037057566], [-5.3644596603902235, 32.18778327856575], [-5.364864753418396, 32.187148405117156], [-5.366346293382076, 32.1873895206482], [-5.366882208142819, 32.18773794166981], [-5.367724832170901, 32.18772216145146], [-5.3683405559580875, 32.18708333207905], [-5.3700165009784095, 32.18669346727632], [-5.371912378158114, 32.18665790794219], [-5.37403286077451, 32.18715578256643], [-5.378030612805987, 32.18690141261569], [-5.38020981237245, 32.18560581310717], [-5.383666834736865, 32.18482376828785], [-5.38600031041843, 32.18540703791677], [-5.386325633976237, 32.18575934933619], [-5.3917954523596805, 32.185387135658644], [-5.393068711059525, 32.18572148977784], [-5.395582394995283, 32.18513620163816], [-5.3989480201896045, 32.184893150677944], [-5.399465228502011, 32.18452488364168], [-5.399888866962904, 32.184606454462546], [-5.400293693646278, 32.183971479570474], [-5.402079445051398, 32.18375833459146], [-5.402213006706864, 32.184831148171654], [-5.4028614172994045, 32.185446112933214], [-5.4028755424600305, 32.18598351999401], [-5.402466018534921, 32.186439366824644], [-5.400495439848939, 32.18764176779445], [-5.397759326517283, 32.18778331058232], [-5.395669241374959, 32.18845022889429], [-5.394716608131935, 32.18828905436283], [-5.3944311290990825, 32.18945942873138], [-5.394569307271235, 32.190711390066134], [-5.394997665413846, 32.19097211264166], [-5.394927539876326, 32.19231763260266], [-5.395814799743296, 32.194003459388234], [-5.395983536412942, 32.196419803144714], [-5.396524309160846, 32.19694722623744], [-5.396648438700614, 32.19766177353528], [-5.396966799729526, 32.19774534866861], [-5.396985596120427, 32.198461893111066], [-5.39773706453275, 32.198985314092965], [-5.397772321322461, 32.20032883382546], [-5.398203085804458, 32.200679110511], [-5.398030018484796, 32.20211619533071], [-5.397103088697394, 32.2029402938122], [-5.397133641041819, 32.204104677411486], [-5.39593293247364, 32.20654698697387], [-5.3960805707807, 32.20815721324559], [-5.397061622518706, 32.20939318174695], [-5.397305236977919, 32.21064313469209], [-5.398171572326067, 32.211522819638], [-5.397120392232532, 32.2116323785444], [-5.396497673794219, 32.21200264057835], [-5.3949150178640615, 32.21194303534705], [-5.393554807650323, 32.212327259351056], [-5.393337057168347, 32.212062546374625], [-5.391759091044774, 32.21218203787847], [-5.391541345940673, 32.211917321534045], [-5.3893148496466265, 32.21142176685826], [-5.386493703425863, 32.212371208626635], [-5.3849110393353685, 32.21231147800186], [-5.382499555397433, 32.21280503514518], [-5.381335970596952, 32.21264774419354], [-5.380713176325202, 32.21301793171498], [-5.380518807618366, 32.21364888411229], [-5.379467572313933, 32.21375829820445], [-5.378954786798252, 32.21430563155954], [-5.37664157629094, 32.21452838965315], [-5.3747730793127895, 32.21563887844307], [-5.373616451402248, 32.215750225439514], [-5.371855578485755, 32.21694826377104], [-5.36975532364174, 32.21725651311695], [-5.368413498691721, 32.21835703168977], [-5.36768060128505, 32.218549994722544], [-5.366561070070504, 32.22009439469001], [-5.3664812431678826, 32.22108163531239], [-5.365132361705673, 32.221913413630716], [-5.365183414914624, 32.22388394877506], [-5.364867305360426, 32.223889866557435], [-5.364771216775534, 32.224250118128175], [-5.364244365197804, 32.224259979041506], [-5.364258284342937, 32.224797397930935], [-5.363942171415824, 32.224803313548506], [-5.363743026404866, 32.22525510606024], [-5.36183474953282, 32.22484273082038], [-5.361324112670559, 32.22547956962607], [-5.357462356108599, 32.226985508278226], [-5.356635552174475, 32.22762822900777], [-5.3558979282791075, 32.22764198747775], [-5.354768845378861, 32.22882801413314], [-5.352262895616732, 32.22977083755754], [-5.351035282145425, 32.23122750787403], [-5.348302329164198, 32.23154718498664], [-5.346421609357807, 32.23220943000136], [-5.342937136276375, 32.2320052676052], [-5.341679459993555, 32.232297430187685], [-5.340847897109335, 32.23276091210961], [-5.339587906098054, 32.232963483361246], [-5.338971683241328, 32.23360219228091], [-5.335510084975657, 32.23429354132496], [-5.33164748724487, 32.235798725738455], [-5.330066694246371, 32.23582789697956], [-5.32840794141814, 32.23693385461788], [-5.326614065395238, 32.23687729691475], [-5.325470780124742, 32.23752565043874], [-5.323990775966753, 32.23737366229146], [-5.319722218262414, 32.23951325882871], [-5.315419352734867, 32.240309128960334], [-5.31313023920063, 32.241516061400674], [-5.310078342213395, 32.241751148387735], [-5.309349649847001, 32.24212293272629], [-5.307457067958812, 32.24233675357825], [-5.307030955365707, 32.242165308753535], [-5.3050488128894315, 32.243008032142534], [-5.303889451497744, 32.24302918652487], [-5.303685444644457, 32.243301751904475], [-5.302844530600188, 32.24340670246393], [-5.301664821411204, 32.24262167488716], [-5.29913756634728, 32.24275732169168], [-5.299171431326338, 32.24410092726647], [-5.298864266684688, 32.244464978009255], [-5.298339530637277, 32.24456414328809], [-5.297411246383677, 32.24538756672347], [-5.295944667706368, 32.245772696717005], [-5.295130766416228, 32.246952484119234], [-5.294404220716084, 32.24741376053017], [-5.291374554428587, 32.2485441470668], [-5.290358757456657, 32.25008602860309], [-5.289302451404931, 32.25001556726248], [-5.289100633521579, 32.25037768573758], [-5.286698750694713, 32.25131735228926], [-5.286198661636418, 32.252401787687035], [-5.285676108553976, 32.25259047733028], [-5.283825859078899, 32.254505871277736], [-5.283094708450235, 32.25478793835577], [-5.283000510823911, 32.25523771700076], [-5.282060768384054, 32.25561316460872], [-5.28176022193189, 32.25624590183537], [-5.280712809002424, 32.256533670251365], [-5.279793201720335, 32.25771527429594], [-5.2784407108541, 32.258456608311484], [-5.278034713578261, 32.259091240184716], [-5.276673239469075, 32.25947425724709], [-5.274813720486446, 32.2610312323098], [-5.273770696529726, 32.26149809643894], [-5.273030521966853, 32.261421808597106], [-5.272940736453178, 32.26205073202844], [-5.2724270306437795, 32.2625976707024], [-5.2711708996946935, 32.2629787341587], [-5.270251104479383, 32.264160276112435], [-5.269208019952556, 32.264627104993814], [-5.267251754108763, 32.26654417423298], [-5.2656859445422395, 32.26719959221619], [-5.26333675242237, 32.27028865570065], [-5.261149371055107, 32.27140323952761], [-5.2611560393949945, 32.271671966567425], [-5.258230556895956, 32.27279971992987], [-5.255347127896995, 32.27562935242121], [-5.2543937544158394, 32.27546715135471], [-5.253427090930462, 32.274767486281405], [-5.25194654489084, 32.27461467597674], [-5.251008678175355, 32.27507948226984], [-5.250165178105594, 32.27509452098761], [-5.249965363519074, 32.27554616137696], [-5.249220662509469, 32.27529058554921], [-5.24859466758516, 32.27557058542582], [-5.247322779739253, 32.27532438807798], [-5.247013093292101, 32.27559874855564], [-5.244906531304123, 32.275725845244196], [-5.244493603709183, 32.276091651647306], [-5.24279996126717, 32.275852907017736], [-5.24183117298157, 32.27506357252308], [-5.24046488217102, 32.275267061775956], [-5.239087577262495, 32.2750226515629], [-5.237411562572738, 32.27550044953841], [-5.236240740500387, 32.27507311589141], [-5.2341561304047515, 32.27609580568653], [-5.23247787136019, 32.276483962729266], [-5.23175734280533, 32.277213633438116], [-5.22852590823125, 32.27879420139828], [-5.225169219276612, 32.279570350208594], [-5.222976741806989, 32.280505145684494], [-5.221188530902732, 32.280715859103616], [-5.218479653026852, 32.282107746927004], [-5.215004222261264, 32.282348017698084], [-5.214059540480248, 32.28254382548244], [-5.21375190271331, 32.28290768796469], [-5.210485146583002, 32.283054558363126], [-5.209549138058321, 32.28360864772129], [-5.205548526493642, 32.28394746936482], [-5.204709254953835, 32.28414136596184], [-5.2040960572916966, 32.28495862722764], [-5.202621890978633, 32.28507397903696], [-5.20220657888117, 32.2853500768052], [-5.201246677475575, 32.284918737212095], [-5.200194316748713, 32.285026703472084], [-5.194865873778647, 32.28718066984698], [-5.193490636331434, 32.287025344325215], [-5.192128340199215, 32.28740748161681], [-5.189330558711998, 32.28951724007048], [-5.188592348338347, 32.28953004388503], [-5.183782057809666, 32.29131609831943], [-5.182518671504468, 32.291427570732004], [-5.182419651446815, 32.2916981350826]]]}}, {"type": "Feature", "properties": {"id": 6, "name": "Subbasin 6", "Subbasin": 6, "AREA_HA_TOTAL": 12644.01, "HRU_COUNT": 17, "DOM_LANDUSE": "PAST", "DOM_LANDUSE_HA": 7003.37, "DOM_LANDUSE_PCT": 55.39, "DOM_SOIL": "I-Bk-X-2c-1237", "DOM_SOIL_HA": 12644.01, "DOM_SOIL_PCT": 100.0, "DOM_SLOPE_BAND": "0-9.0", "DOM_SLOPE_BAND_HA": 6948.88, "DOM_SLOPE_BAND_PCT": 54.96}, "geometry": {"type": "Polygon", "coordinates": [[[-4.18365610551746, 32.28906152134451], [-4.18175687485976, 32.28907931320377], [-4.179216443328367, 32.288475606288294], [-4.179516733711438, 32.287217879387526], [-4.179090050534004, 32.28686331575316], [-4.176969420613751, 32.286076366457], [-4.176656364570015, 32.28634819637697], [-4.175176913359002, 32.286182700863435], [-4.174412927874076, 32.28421778731299], [-4.173032098640784, 32.28351352419965], [-4.171556156102524, 32.28361686514878], [-4.171035532973583, 32.28415951945559], [-4.17019147224447, 32.284167345052225], [-4.170501086619502, 32.283626650467376], [-4.170381764566724, 32.28255210703842], [-4.168796878647301, 32.28238751286615], [-4.167713108390553, 32.28015660228431], [-4.167184445044366, 32.2800718525927], [-4.167074350629114, 32.27971432000897], [-4.1661236803472335, 32.27963346557621], [-4.165982629324292, 32.276856002890945], [-4.164397848982655, 32.276691350860276], [-4.163440347285612, 32.276072712802836], [-4.163212192278332, 32.27473024968615], [-4.162361358608467, 32.27420025796596], [-4.161597755778462, 32.27223525445272], [-4.160006218905385, 32.27153278153303], [-4.1597769875438075, 32.270100682518105], [-4.158616578298503, 32.27011133367161], [-4.157661461287594, 32.26967190340965], [-4.156287800306567, 32.26950521201233], [-4.156174352449453, 32.26887878572896], [-4.155747845727618, 32.26852413810118], [-4.155220395423934, 32.26852896382111], [-4.154149609650726, 32.26728382334405], [-4.152775989999614, 32.267117092705135], [-4.152605921162008, 32.26200928129129], [-4.154598742325086, 32.261094700624206], [-4.1557476797166375, 32.26018781326316], [-4.158381272972137, 32.25989477467622], [-4.159211441852172, 32.25881150338495], [-4.161944750993326, 32.25806928639189], [-4.16362210258407, 32.25724710464618], [-4.164676869434734, 32.25723738385259], [-4.1649887202052325, 32.25687595656886], [-4.166773789674308, 32.256232015776995], [-4.169101140479236, 32.256748324374584], [-4.170155899500813, 32.25673855797061], [-4.170150150279739, 32.256290422096704], [-4.170568600959227, 32.256017631637896], [-4.173845245094655, 32.25652505212046], [-4.174992774758905, 32.2555283678026], [-4.175818083463892, 32.254086484029074], [-4.176445139396346, 32.25363245697639], [-4.176973655987746, 32.253717171634655], [-4.177071032567225, 32.253088799924974], [-4.177807017792076, 32.252902664524456], [-4.1779055451954, 32.25236391923332], [-4.178740044567266, 32.251639033258556], [-4.178734254316777, 32.2511908984037], [-4.180108830851366, 32.25144697855026], [-4.1836912981180125, 32.25114454885115], [-4.183892931171928, 32.2504255577139], [-4.184934806632768, 32.24942977483157], [-4.186822716381406, 32.24860531392094], [-4.188404703415131, 32.2485904424137], [-4.190170730887194, 32.246512151049046], [-4.190801171203899, 32.24632693509766], [-4.1907964925621215, 32.245968428480765], [-4.191533560552043, 32.24587184156141], [-4.191842924045671, 32.24533109750529], [-4.191728097981616, 32.24461507921252], [-4.192462811483791, 32.24433923387238], [-4.193081513925382, 32.24325774074612], [-4.194757129981229, 32.24234553013769], [-4.195482423186193, 32.24135265522635], [-4.1962206229515155, 32.2413456684507], [-4.197468468115518, 32.239989283387196], [-4.197463764433365, 32.23963077728292], [-4.200285118966319, 32.23763197927414], [-4.200382320886649, 32.23700359226315], [-4.2014262227606425, 32.23618693217099], [-4.201818526638451, 32.2339422597367], [-4.202966647486166, 32.233034958321426], [-4.202401638119065, 32.23017192896725], [-4.203135021449972, 32.22980639801774], [-4.203117306588338, 32.228462000645294], [-4.202370951389893, 32.22784163950735], [-4.202035750182749, 32.22641062375737], [-4.20287100271531, 32.22577521226813], [-4.203051181538013, 32.22344291451462], [-4.203887581771723, 32.22289712340035], [-4.203741983416563, 32.21985082392007], [-4.2051090511787, 32.21956888349604], [-4.20761215490579, 32.21748332321878], [-4.207814717749457, 32.21685392297159], [-4.210227694876344, 32.21593446480584], [-4.210742952393345, 32.21503315236678], [-4.213042095536033, 32.21348726699797], [-4.213987341009454, 32.21320927924653], [-4.215439429084912, 32.211402569739064], [-4.217745567315496, 32.210394359883374], [-4.218364944636716, 32.209402376358035], [-4.219204711726185, 32.20912536678814], [-4.220666210076345, 32.20803561000829], [-4.221287935669225, 32.207222865375165], [-4.221919237498235, 32.20712712733019], [-4.222956611353655, 32.20586216774366], [-4.226828090793196, 32.20367335230267], [-4.228798391745835, 32.20123399896106], [-4.230168715065108, 32.20122067338414], [-4.230797551151115, 32.200945640210264], [-4.230668008505032, 32.199154146587105], [-4.230975781228209, 32.19852368632399], [-4.230651116307523, 32.197899382477054], [-4.231485909470761, 32.1972637903249], [-4.231654458409347, 32.19412482646383], [-4.232909603982718, 32.193395492308724], [-4.232588570070168, 32.19304007087702], [-4.232679470496902, 32.19196353113299], [-4.233731038458277, 32.191774000284134], [-4.234896472902574, 32.192210813271956], [-4.238162621863335, 32.19208923691255], [-4.238585430301811, 32.1921747339637], [-4.238802299053043, 32.192620798137305], [-4.239647922675608, 32.19279178636047], [-4.23974846115118, 32.19243224990314], [-4.241740085697072, 32.19160596886874], [-4.242048974900757, 32.191065109169394], [-4.242886061839435, 32.19060869601623], [-4.242973184637935, 32.18926327437676], [-4.243284496011169, 32.18890166328345], [-4.246229439363303, 32.188424487263696], [-4.248239265629525, 32.18894249061819], [-4.250453776078395, 32.18901024987046], [-4.251080012653117, 32.18855586798772], [-4.252763860671903, 32.18835992302888], [-4.253076357598243, 32.188087914219466], [-4.254554323653693, 32.188252535639336], [-4.256654803689608, 32.1876938550678], [-4.257816589527307, 32.18786157988962], [-4.25899071799196, 32.188925545767475], [-4.259518922957269, 32.18900992340219], [-4.260039719262188, 32.18855654794746], [-4.261099835321566, 32.18899416760583], [-4.26246995837082, 32.18898049660366], [-4.263324254018126, 32.189778701500835], [-4.264590232210925, 32.18985568509582], [-4.2664985125589965, 32.190643323356], [-4.267115984132793, 32.18956148967032], [-4.268484869261139, 32.189458128440144], [-4.269728445910693, 32.187921813820616], [-4.272669456617302, 32.18717515191674], [-4.272978146161125, 32.18663422129706], [-4.2742328470099205, 32.185904486996954], [-4.275058474315024, 32.184641243601604], [-4.276207743407972, 32.18391255308617], [-4.278839926562168, 32.18370668940349], [-4.28041320763887, 32.183152947381664], [-4.281257555666271, 32.183234033322414], [-4.281986469086613, 32.18259918622643], [-4.283461871038702, 32.182584221966565], [-4.283995090547617, 32.183026995386854], [-4.285688829371374, 32.183547610956836], [-4.286526881393369, 32.18318053997125], [-4.2865180573098876, 32.18255316984633], [-4.287461482028713, 32.1821850208628], [-4.2875618209670225, 32.18182545089217], [-4.288196653841579, 32.181998260527585], [-4.288613143239984, 32.1816354691768], [-4.290931601063163, 32.18161182535437], [-4.295965919970186, 32.179857235392625], [-4.297233047272206, 32.18002351908712], [-4.2975441091854325, 32.17966178020591], [-4.298807418673956, 32.17955917634643], [-4.300695368158422, 32.178912315832896], [-4.3034416536535565, 32.179332227757655], [-4.304399030076607, 32.1799498158599], [-4.3062843854319635, 32.17912362541763], [-4.308286621056551, 32.17910292996516], [-4.3101937427486, 32.179800282606166], [-4.311586831898146, 32.18139930537331], [-4.311609963997834, 32.183012526940026], [-4.310142274043777, 32.183565560444244], [-4.310919796339652, 32.1863362416604], [-4.313152266868131, 32.18765762969123], [-4.3140237215990656, 32.189620583179874], [-4.314554549899986, 32.18988397587909], [-4.3154273467003295, 32.191936540820876], [-4.315960772304717, 32.1923791733122], [-4.316802647317658, 32.192280772513406], [-4.317756374032464, 32.19262938312109], [-4.319333433034399, 32.19234402875969], [-4.319973569292186, 32.192875166973174], [-4.321347604253749, 32.19312972542003], [-4.321570056013363, 32.19393412859745], [-4.323054696123239, 32.19454605766811], [-4.325998037063648, 32.19397740734968], [-4.327370801907398, 32.19414227670882], [-4.328007090906764, 32.19440450454668], [-4.328016203683607, 32.195031863091984], [-4.328554916518905, 32.195832930621854], [-4.329615425371548, 32.196269964458956], [-4.33079830502391, 32.19787097244951], [-4.33164804411487, 32.198310206822136], [-4.333235607735978, 32.198741657212075], [-4.333762619344111, 32.19873609884682], [-4.333864098369924, 32.19846611976805], [-4.336077538908938, 32.19844274905712], [-4.338402939652727, 32.19886633498835], [-4.33893782739142, 32.1993984881951], [-4.338755899526263, 32.2013724083643], [-4.339404090387295, 32.202441175546156], [-4.3394132842118855, 32.20306853037786], [-4.340583278174287, 32.20377321750293], [-4.341122153552368, 32.20457422606538], [-4.342176240473808, 32.20456303960701], [-4.343343639587445, 32.205088456027795], [-4.345139552887091, 32.205338267689974], [-4.3465244007814965, 32.20630951968852], [-4.3481095238089855, 32.206561533588236], [-4.350979460317347, 32.208144340355354], [-4.352248387643174, 32.20839968031421], [-4.3530996514082805, 32.20892838587868], [-4.35362406214293, 32.208743500130375], [-4.353401289427402, 32.20793916376328], [-4.354029777738281, 32.20766352637377], [-4.35582177618667, 32.20764431960993], [-4.356763827250138, 32.20718603398722], [-4.359080203168472, 32.20698188086466], [-4.360374484009155, 32.208939943456485], [-4.360901548526621, 32.208934270396334], [-4.3611203844023, 32.209469727902714], [-4.361862286038546, 32.20973064410703], [-4.3629070658656115, 32.20909193505848], [-4.3638557824674065, 32.209081702922724], [-4.364793789750805, 32.208354494922084], [-4.365324867240254, 32.20861766676317], [-4.36669254611188, 32.208423616664525], [-4.367725203357805, 32.20697827986479], [-4.368040092638018, 32.20688523709415], [-4.368254938759613, 32.20715181844587], [-4.368479181255567, 32.20804574617654], [-4.368060218628465, 32.20822955191876], [-4.368176365623194, 32.208945378850316], [-4.367861469473159, 32.20903842212164], [-4.3681911271968366, 32.20993120937302], [-4.36820320538477, 32.210737797863516], [-4.367785571675658, 32.21101122391795], [-4.368024581980502, 32.21289098194633], [-4.367506886626631, 32.21352403182169], [-4.367723089311815, 32.21388023433415], [-4.367413541625815, 32.21433176055845], [-4.3681581842707375, 32.214771879818755], [-4.368493238059424, 32.21602314827927], [-4.368920293069156, 32.21637706537344], [-4.368824272672096, 32.217005552889454], [-4.369367504271322, 32.218075292907855], [-4.368948498301349, 32.21825910252284], [-4.369298356994459, 32.22049619598613], [-4.370475523535714, 32.22164869569069], [-4.371740648749367, 32.221634970794916], [-4.372382638106837, 32.222255447952726], [-4.373970795285336, 32.22268636848243], [-4.374927744312135, 32.22321377253614], [-4.375145349365782, 32.2236595808894], [-4.375673845597046, 32.223743464402475], [-4.375906309150676, 32.22517509625202], [-4.376651081242651, 32.225615161174765], [-4.37655916015434, 32.22651251368036], [-4.377097135342557, 32.227223733367666], [-4.37815687854044, 32.22757072115079], [-4.377235011968038, 32.22937347278985], [-4.377770305148061, 32.22990544806858], [-4.378109611634664, 32.231425543795325], [-4.377820349225546, 32.233221398465965], [-4.378144787607937, 32.23375567039672], [-4.377639224156841, 32.235195343199656], [-4.378090761248303, 32.23716238853585], [-4.377573006017808, 32.237795479156375], [-4.3776933321329095, 32.238780151554785], [-4.376137307656863, 32.24050017265285], [-4.375845281924814, 32.24211678175221], [-4.375216630311933, 32.24239253088331], [-4.375126034994619, 32.243379501095866], [-4.37439731951965, 32.244014875051356], [-4.374317513117475, 32.24571880644919], [-4.372417978389819, 32.24564982111701], [-4.369800443639872, 32.24693311860866], [-4.369166360458636, 32.246850357314834], [-4.362449264609831, 32.24907421864922], [-4.355301992829296, 32.25076453245482], [-4.354036455217366, 32.250778103701045], [-4.353724060407624, 32.251050357254044], [-4.352037998612349, 32.251158049468636], [-4.347727290965059, 32.25210046556702], [-4.345093349464331, 32.25230781008163], [-4.342570134146259, 32.252872464310826], [-4.340777238117722, 32.25289150694468], [-4.336991020257084, 32.253648720491285], [-4.3257178949708, 32.254574254560104], [-4.315803960682208, 32.254677913151866], [-4.314958927223854, 32.254597076980275], [-4.314744116607671, 32.2543304057729], [-4.313059219359177, 32.25452720270143], [-4.307883589802895, 32.25404308147906], [-4.304708032333076, 32.2532691975066], [-4.3039710478745485, 32.25336644320124], [-4.301536362313142, 32.25276410053688], [-4.299109365388267, 32.25269944726989], [-4.298789139038237, 32.25243383209141], [-4.297627740233688, 32.2523561316243], [-4.293940249716236, 32.25266286489614], [-4.292891938227446, 32.25312177894802], [-4.290149798964902, 32.25314981467888], [-4.289097662093392, 32.25333982823834], [-4.288261518496392, 32.25388617509563], [-4.286361831537511, 32.25381589831361], [-4.283103670397253, 32.25465576105842], [-4.279418537505067, 32.25514132085364], [-4.279002942248457, 32.25559371085848], [-4.2773166725431375, 32.25570040990537], [-4.276481688762429, 32.256336304537115], [-4.271957670131209, 32.25718866803505], [-4.2710184103182405, 32.25791521352938], [-4.269649752713359, 32.25810825093275], [-4.269339568942341, 32.2585595502622], [-4.267973389646907, 32.25893181753538], [-4.2676619489934415, 32.25929348909279], [-4.266396248612765, 32.25930618547294], [-4.265769617768083, 32.25976064861458], [-4.262303806119878, 32.26087097006522], [-4.257256965290772, 32.262086581678844], [-4.256630268685212, 32.26254100090026], [-4.2534732821436965, 32.26311019048251], [-4.253163000763994, 32.26356145216692], [-4.248423734205228, 32.26414620585561], [-4.247377502646256, 32.26478399934922], [-4.246217198436065, 32.264795453615925], [-4.245487392522607, 32.26543010906479], [-4.2444337855554926, 32.26553013146629], [-4.243494215682013, 32.26625647893204], [-4.238645597362209, 32.26657303479326], [-4.2367395794828315, 32.266053893219706], [-4.234629897083551, 32.266074534290794], [-4.233263451583686, 32.266446431931755], [-4.232221929120083, 32.267442602776256], [-4.229173712351746, 32.2682790382312], [-4.228230366973259, 32.26873640025474], [-4.228025428352534, 32.269186577369766], [-4.224139216296852, 32.27047922267375], [-4.223307325960244, 32.27138365241665], [-4.22142170147085, 32.27238790979428], [-4.22068205710807, 32.27230542458192], [-4.21879878047633, 32.273488894463505], [-4.216053559390581, 32.27333608598573], [-4.212580623496709, 32.27399694032111], [-4.211953616766081, 32.27445114441416], [-4.202282362485508, 32.27714306864282], [-4.191956403021082, 32.2782269710526], [-4.19112060366963, 32.27886231847379], [-4.18943727146015, 32.279236735138205], [-4.189346976997507, 32.280402869792184], [-4.187048103623595, 32.28212761022381], [-4.186750267022608, 32.28356460569463], [-4.187393816773062, 32.2843652901675], [-4.187301157182071, 32.28535217075185], [-4.185403172476046, 32.28545964189186], [-4.184784107666781, 32.28654109926464], [-4.18394468805428, 32.28690752247927], [-4.18365610551746, 32.28906152134451]]]}}, {"type": "Feature", "properties": {"id": 1, "name": "Subbasin 1", "Subbasin": 1, "AREA_HA_TOTAL": 17139.86, "HRU_COUNT": 14, "DOM_LANDUSE": "PAST", "DOM_LANDUSE_HA": 15477.76, "DOM_LANDUSE_PCT": 90.3, "DOM_SOIL": "I-Bk-X-2c-1237", "DOM_SOIL_HA": 17139.86, "DOM_SOIL_PCT": 100.0, "DOM_SLOPE_BAND": "25.0-9999", "DOM_SLOPE_BAND_HA": 14512.18, "DOM_SLOPE_BAND_PCT": 84.67}, "geometry": {"type": "Polygon", "coordinates": [[[-4.9379496026963094, 32.27158024241879], [-4.9373149705822845, 32.271500358460386], [-4.937410901852545, 32.27105076878446], [-4.93664797372903, 32.26989736730409], [-4.936080743223276, 32.26802397117226], [-4.936694409728713, 32.267118324045285], [-4.9365661184919025, 32.2660448084513], [-4.936980296122122, 32.265679961125535], [-4.936850100865127, 32.26451685121589], [-4.935874445870123, 32.263277081629354], [-4.936576400712527, 32.261563468644155], [-4.936352194451741, 32.26093954109106], [-4.935175212973497, 32.26015096994581], [-4.934301268785178, 32.2587303796272], [-4.933114836425551, 32.257493813700776], [-4.932691183049424, 32.257410674220836], [-4.9317118682906145, 32.25599167641556], [-4.930435244586814, 32.255473453798324], [-4.929066465824367, 32.2555839930091], [-4.927021517255189, 32.253643485277365], [-4.926140196273622, 32.251864449148236], [-4.924980438188068, 32.25188213098314], [-4.924690166616289, 32.24812234316169], [-4.9256125422137265, 32.24685354698049], [-4.926879555118398, 32.246923848723945], [-4.927082837794138, 32.2465622511167], [-4.928445803218209, 32.24618295299177], [-4.929066990311965, 32.24563572321227], [-4.930328299650922, 32.24543720572401], [-4.931265742523767, 32.24488513197593], [-4.931777685814769, 32.24416031158125], [-4.9355653142515425, 32.243743833194266], [-4.936805658195762, 32.24255971020948], [-4.937724002881888, 32.24111164372005], [-4.9396063135753066, 32.24036576453359], [-4.941582571326112, 32.239080670966395], [-4.943052681952449, 32.2387891956189], [-4.944509418024806, 32.23787054274802], [-4.946399246184684, 32.23748294402589], [-4.947543509931902, 32.23674831868306], [-4.948804647274034, 32.23654962269132], [-4.949632641690844, 32.23581985748003], [-4.9504740266161615, 32.235717246088896], [-4.954747950724968, 32.23341059705429], [-4.956120192460716, 32.2334789808998], [-4.956530306304509, 32.23293488880279], [-4.957478984630373, 32.2329201933539], [-4.958199545268304, 32.23210241495631], [-4.959351336050472, 32.23172606322475], [-4.9619402947128375, 32.22953492187371], [-4.963297063482381, 32.22888648155403], [-4.963808662325552, 32.22816154300448], [-4.965169254162801, 32.22769227067882], [-4.966100507040584, 32.22687117198359], [-4.967357597080744, 32.22649311064242], [-4.967867219212358, 32.22567856386101], [-4.969317690189173, 32.22449086117082], [-4.970574732903701, 32.22411276948802], [-4.972239806083388, 32.223100934058714], [-4.973052000618721, 32.221654281154606], [-4.973776206612882, 32.22101560766109], [-4.974607732980829, 32.220464876490716], [-4.975975905182912, 32.2203538658438], [-4.976487356374059, 32.2196288808707], [-4.978677293547144, 32.21851912962882], [-4.979173180011361, 32.21707739217147], [-4.9810254831397, 32.214987034099906], [-4.981527146877545, 32.213814067149286], [-4.982678603178986, 32.21343751456875], [-4.983500278452757, 32.21243876574072], [-4.984230177040368, 32.21206881514583], [-4.984214607745229, 32.211352074082996], [-4.985557310343183, 32.21007626163696], [-4.987545893776903, 32.209417642053545], [-4.9876415267632765, 32.208968022371685], [-4.988266001641743, 32.20859970726069], [-4.991099506046925, 32.2080173611203], [-4.991716146974958, 32.20729066053925], [-4.992344500747225, 32.2071015108204], [-4.992748419955246, 32.20628853548633], [-4.993690935777455, 32.20600480256951], [-4.99420216824527, 32.20527975311519], [-4.994931964442516, 32.20490974430017], [-4.996083248473183, 32.20453307571375], [-4.998083383380596, 32.204411849649794], [-4.998902848947319, 32.203323417295394], [-4.999535080076245, 32.20331341724121], [-5.000461850573802, 32.20231290064455], [-5.001825779744757, 32.202022438162565], [-5.002887336176003, 32.2023641128867], [-5.00308432970097, 32.2017336311588], [-5.002416773273749, 32.20013099628421], [-5.003353300552793, 32.199578419451726], [-5.003339552786357, 32.198951277098686], [-5.0047852039930225, 32.197584014294684], [-5.005596666742585, 32.19613717629551], [-5.006217046427091, 32.19558959482923], [-5.007994430033907, 32.194934014624074], [-5.008917086489512, 32.19375425879572], [-5.01173223301035, 32.19236514943198], [-5.013429806670305, 32.192875860480655], [-5.017850917448257, 32.19262612354854], [-5.01837177444906, 32.19234894082089], [-5.01825059228312, 32.191633894533986], [-5.018767485554261, 32.19117752833901], [-5.019057832056099, 32.19000779745888], [-5.020216739078197, 32.18998928365819], [-5.021153050801943, 32.18943658260197], [-5.023466880459145, 32.18922032498559], [-5.024395228474241, 32.18830923787606], [-5.025025361516491, 32.18820952382753], [-5.0252241597899605, 32.18766860439043], [-5.026776636839521, 32.186389011234766], [-5.0287862475577185, 32.18671526938572], [-5.030040510855417, 32.186247024227384], [-5.033012225181743, 32.18718511941061], [-5.036047451976308, 32.186240052812295], [-5.036770930356928, 32.18560104397043], [-5.038871915424697, 32.18529831366698], [-5.0391679812701815, 32.184397316797465], [-5.040322804652734, 32.1841994417609], [-5.041594970997276, 32.18453739449145], [-5.04465004351961, 32.18448802551116], [-5.046985730184664, 32.185256829938226], [-5.049299366701067, 32.1850401060095], [-5.051521713229015, 32.18545217461263], [-5.052358463056169, 32.1851697287418], [-5.051706275679006, 32.18428409493662], [-5.0517874992816, 32.183207313857], [-5.053250262337678, 32.18264583645335], [-5.053673652300122, 32.18272858205232], [-5.053645485214235, 32.181474333085426], [-5.055426249214505, 32.18099728780428], [-5.056698417518478, 32.18133508819088], [-5.0582745253276356, 32.1811301973699], [-5.059544686754492, 32.181378379677184], [-5.060166651210833, 32.180920138359774], [-5.06344033661873, 32.181225242419714], [-5.064485668332341, 32.180849692123985], [-5.067325840450558, 32.18062404332235], [-5.069130829260312, 32.18122186916036], [-5.071428054660741, 32.180288040242694], [-5.071284162996923, 32.17858758914998], [-5.071808826653722, 32.17848937205985], [-5.071895899761823, 32.17768135189253], [-5.071575828798806, 32.17750735302527], [-5.071227356823302, 32.17607911716326], [-5.070692565401263, 32.17572938964378], [-5.070682424940355, 32.175281447926835], [-5.071519017002635, 32.174998881073336], [-5.071616235685062, 32.174638802252375], [-5.073190154354032, 32.17434414314558], [-5.072965275585717, 32.17372047920173], [-5.0735627506778815, 32.17218711764457], [-5.075762505518546, 32.17161329966363], [-5.076060199209621, 32.170801819537296], [-5.076799538208057, 32.170879301352244], [-5.079300971554529, 32.16967311842857], [-5.079292827364721, 32.16931476667195], [-5.078541288184823, 32.1686997710483], [-5.078546893743125, 32.16430822683289], [-5.079672856684082, 32.162855773430984], [-5.08040194990393, 32.16248529689766], [-5.080493012861673, 32.16185644865892], [-5.081122888089436, 32.161756464617724], [-5.0828867972955845, 32.16056234991316], [-5.083490148108003, 32.15929771254581], [-5.084632295901245, 32.15856192225994], [-5.089780432927304, 32.15793924246742], [-5.090837661745418, 32.15810101335254], [-5.092153500625385, 32.155749102993425], [-5.093084911463341, 32.15501672415516], [-5.093270949001145, 32.153938190606326], [-5.093688086358462, 32.1537520445309], [-5.094293294807428, 32.15257694981595], [-5.095024294507252, 32.15229598160755], [-5.095835986131583, 32.15093821768286], [-5.098344829170876, 32.15009003646022], [-5.099276132834118, 32.14935761591103], [-5.100118557606118, 32.14934363350318], [-5.10105189474653, 32.148700787716315], [-5.101892256012359, 32.148597206801924], [-5.102501440603234, 32.14760125164444], [-5.103447090357918, 32.14749591078728], [-5.103860059823233, 32.147130559379356], [-5.104035666923309, 32.14560408047107], [-5.10521866435754, 32.1466598530739], [-5.105235141441551, 32.1473765472439], [-5.1057740048714075, 32.14790530497204], [-5.1070355550245905, 32.14779467857066], [-5.110047987552553, 32.14595205077752], [-5.110434083262448, 32.14442205466051], [-5.111697643045892, 32.14440097041661], [-5.1130954381567655, 32.14563232377453], [-5.113937821172192, 32.14561825082954], [-5.11555454174815, 32.147204400273], [-5.115975739887284, 32.147197356011475], [-5.11726004783339, 32.148072075497474], [-5.117276620025733, 32.14878876393555], [-5.11769782498011, 32.14878171363465], [-5.118554744237141, 32.14939471063083], [-5.118691141569196, 32.15073673634323], [-5.121580001540907, 32.152659972010525], [-5.121701916710669, 32.153374891660036], [-5.124334569511633, 32.15333070666055], [-5.125547016999444, 32.15564047065599], [-5.127118317602364, 32.15525557503691], [-5.12807233733992, 32.15550838933353], [-5.128398676991012, 32.15595100032849], [-5.128318363865728, 32.15702779587307], [-5.126961823688776, 32.15758833653936], [-5.126972232510184, 32.15803626332932], [-5.128256797251311, 32.15891085873817], [-5.1282734624641675, 32.15962754083165], [-5.129122217988689, 32.15988211700632], [-5.129452748219306, 32.16050389447482], [-5.13094382896782, 32.16119574310424], [-5.132205516204834, 32.16108485924541], [-5.135019742799718, 32.159782702984515], [-5.136807965527351, 32.15966288464031], [-5.137349172142059, 32.1602810806735], [-5.137473315624316, 32.161085563301874], [-5.139602632606699, 32.16203537986805], [-5.14243564698796, 32.16153932203594], [-5.1430570430097, 32.161080694861354], [-5.144004865234694, 32.16106463121911], [-5.144523036042405, 32.16069736676033], [-5.146102731198606, 32.16067057206468], [-5.147979439871132, 32.159832135590506], [-5.149761323047052, 32.15944338261646], [-5.151004003839976, 32.15852605754023], [-5.15301121663193, 32.158760765280476], [-5.153948467528471, 32.15829670928249], [-5.155841929968907, 32.15817483056465], [-5.156972888285903, 32.15699049400163], [-5.1588536398595926, 32.15633107028821], [-5.159464348006583, 32.155424449745276], [-5.16071533169803, 32.15486536900359], [-5.160704759120834, 32.15441745189821], [-5.161837723852247, 32.1533226592942], [-5.161822915508578, 32.152695575649155], [-5.162534640732685, 32.15160797573453], [-5.164114160362111, 32.15158096296115], [-5.165784144517568, 32.15092504545275], [-5.166607467567748, 32.15010437156758], [-5.168833606922163, 32.15069355957986], [-5.17090774095767, 32.14931369104829], [-5.171653326993776, 32.149659370951625], [-5.173656123609107, 32.14971459186092], [-5.174911192087694, 32.149334542709276], [-5.175652534562645, 32.1495010331247], [-5.178895450794242, 32.1485490257388], [-5.179877245719344, 32.14996601704125], [-5.181164300191568, 32.15092964113953], [-5.1797178360113625, 32.1521196221941], [-5.1793307539016915, 32.1535601970149], [-5.177751216094901, 32.15358740118937], [-5.176504623524525, 32.15432581029095], [-5.176108964349693, 32.1554080474555], [-5.1752792987268075, 32.155960033339376], [-5.172611522482271, 32.15896331851251], [-5.1734901613151925, 32.16047174819298], [-5.175097500663771, 32.16160916424186], [-5.1758602437215355, 32.16267147304952], [-5.177229314142776, 32.16264791178351], [-5.178716492700097, 32.163160014968824], [-5.179797368534838, 32.16430643627298], [-5.180111178531063, 32.164211408163645], [-5.1807558757959455, 32.164738006421324], [-5.18224310628702, 32.16525006560577], [-5.18353040903219, 32.16621365294359], [-5.183562477009984, 32.16755738127366], [-5.184725255351507, 32.16771653618255], [-5.184950867323455, 32.16833996959469], [-5.184230743134547, 32.169069359834644], [-5.184346757284176, 32.169515449702125], [-5.185419220737964, 32.17030348850525], [-5.1854342008362435, 32.17093056056816], [-5.185027890439902, 32.17156491291412], [-5.183033169582263, 32.171868220997865], [-5.183359829821884, 32.17231067493411], [-5.1831748381201335, 32.173389293807396], [-5.1835036433039585, 32.17392132880299], [-5.184565456425699, 32.17426146370727], [-5.184700737305211, 32.17551378790023], [-5.186510574003814, 32.17628907224455], [-5.1872046690931155, 32.178876006442124], [-5.188505084492361, 32.180377019037735], [-5.188634001049355, 32.18136059099553], [-5.189377771616144, 32.181616568995366], [-5.189811979033484, 32.182146759943606], [-5.1910802865936, 32.18230402294059], [-5.1923292681981055, 32.18165504269184], [-5.1935180244723265, 32.18288908093155], [-5.193425582543325, 32.18342839483608], [-5.193969457222826, 32.1841359044312], [-5.193055805808875, 32.185585649830834], [-5.193092335501839, 32.18710852753993], [-5.192578525360714, 32.18765514983497], [-5.192187235452309, 32.188916592127406], [-5.193038568968376, 32.18926029936983], [-5.1934749853661994, 32.18988005558307], [-5.193085849558896, 32.191231081087565], [-5.193517977109667, 32.191671674654316], [-5.193539474413918, 32.192567483980085], [-5.195130425188076, 32.192987957400376], [-5.195272348346093, 32.19450900165137], [-5.195698046206873, 32.19468084409098], [-5.19712787667295, 32.197165305778775], [-5.197375196801501, 32.19868451358834], [-5.197080675241819, 32.199585814077636], [-5.197416125380813, 32.20038654489104], [-5.198375096564854, 32.200817958818014], [-5.19978353663276, 32.202406576500415], [-5.201716662409396, 32.203896419535724], [-5.202144575077269, 32.204157817804365], [-5.202770250089452, 32.20387806073694], [-5.20343264854006, 32.20512116351042], [-5.204069131293827, 32.205289300557354], [-5.204185297955203, 32.20573536354709], [-5.205038994507364, 32.20616856022617], [-5.205587427811022, 32.20705516751839], [-5.2047596640426494, 32.20769693560544], [-5.204463030960003, 32.20850867014954], [-5.2035233987366345, 32.208883528650006], [-5.202605359252285, 32.21015418185299], [-5.200197043996489, 32.21082346001377], [-5.199070358802544, 32.212187339361996], [-5.197388770968249, 32.21239582744465], [-5.19645983912119, 32.213218538441275], [-5.194169676177567, 32.21442335853466], [-5.193978301629929, 32.21523324298383], [-5.193363278944236, 32.21596086367431], [-5.192107399772818, 32.2163411291324], [-5.191907402903727, 32.21679268849768], [-5.190225708709054, 32.21700108550088], [-5.188873014356523, 32.217741469758856], [-5.187823549544761, 32.21793888154831], [-5.186892328387605, 32.21867194681067], [-5.1856342375086735, 32.21896256955154], [-5.1844986608778125, 32.21996800696849], [-5.182932973069196, 32.22062239379141], [-5.1819112895268065, 32.221984313929106], [-5.180661693274062, 32.22263321468312], [-5.17855619077903, 32.22275915524455], [-5.176491257322714, 32.22458710955204], [-5.175863220633135, 32.22477716376941], [-5.175250123026452, 32.225594285868546], [-5.173359577016189, 32.22589567713781], [-5.172746449341583, 32.226712788246886], [-5.17201300192548, 32.22690463663603], [-5.171500981830142, 32.227540766998835], [-5.170139453225588, 32.2279226356506], [-5.1687906833664545, 32.22884198145945], [-5.167985863782553, 32.23046892733214], [-5.166116447971575, 32.23166603519475], [-5.165587355491173, 32.23158548785228], [-5.164649438917162, 32.23204965519153], [-5.163513465449205, 32.23305491904673], [-5.160589969052467, 32.234269996249935], [-5.15987127374695, 32.23508885388738], [-5.158933290585326, 32.235552981334656], [-5.158014364606436, 32.23682334398997], [-5.155084322100749, 32.23776955382409], [-5.154253802487376, 32.23832143283007], [-5.153539247183564, 32.2393194230252], [-5.151239387157198, 32.240165181830086], [-5.149689984274369, 32.24153584230079], [-5.149808055831807, 32.24207154528596], [-5.148857286916602, 32.24199810550622], [-5.148033018023073, 32.242818695238], [-5.146983159237744, 32.243015783100105], [-5.146896725398223, 32.243823821622975], [-5.144588261231321, 32.24431113397168], [-5.142612833736668, 32.24550970658945], [-5.138811731454089, 32.24530527605328], [-5.137464478401948, 32.24631389287947], [-5.136410355412415, 32.24633172833822], [-5.135174764516663, 32.24760728990923], [-5.134126913130761, 32.247893857895086], [-5.133405775695891, 32.24862299429269], [-5.131312123448069, 32.249285677653965], [-5.12940835739966, 32.24904893362346], [-5.12784592692722, 32.24988184077905], [-5.124797177279963, 32.25029164845588], [-5.123137604041417, 32.25148461039773], [-5.12301758689266, 32.25085929279197], [-5.122374652035901, 32.25042200259257], [-5.122353805295663, 32.24952615939997], [-5.121588796091075, 32.24837396108262], [-5.12134879545447, 32.24712332086347], [-5.12060672974263, 32.24695654384586], [-5.120465912681581, 32.24543537755826], [-5.119930522904934, 32.245085887157806], [-5.119918031722206, 32.24454837995252], [-5.118849351695872, 32.243938975941695], [-5.118272374995655, 32.24179778479341], [-5.1174062375317275, 32.240826491996], [-5.116668386273828, 32.24083885873763], [-5.116552587804275, 32.240392701117834], [-5.115694791347278, 32.23977973439705], [-5.115014592606569, 32.237729873072304], [-5.114051428736159, 32.23711865821655], [-5.113389961980491, 32.23587505025122], [-5.11045320976876, 32.23655148730578], [-5.110041955959876, 32.23700645662034], [-5.108367920164238, 32.23757212775304], [-5.107411006489865, 32.23722961633449], [-5.106793062125544, 32.23786726337974], [-5.105943622330004, 32.23761256814938], [-5.103418045252122, 32.237833888467605], [-5.103089442252572, 32.23730163992621], [-5.101196291054324, 32.23751238484719], [-5.099578118748834, 32.235926129692814], [-5.09884235908441, 32.23602797656182], [-5.098400146857028, 32.23513912185172], [-5.096819115606897, 32.235165374829286], [-5.095399519733336, 32.23303804500857], [-5.093603611771287, 32.232888580186874], [-5.093080722099119, 32.23307648533488], [-5.092983540088956, 32.23343657662508], [-5.091086331138552, 32.23346799503994], [-5.090974772937388, 32.23320098057294], [-5.089916666728434, 32.23303924903423], [-5.088126912360708, 32.23315846545644], [-5.086764899727507, 32.23353945299157], [-5.085417204990512, 32.23454753299489], [-5.084679389317596, 32.23455971084967], [-5.08446039983317, 32.234204842548756], [-5.083081995270907, 32.23386909732146], [-5.081719947990345, 32.23425003171514], [-5.08034767758699, 32.23418301707407], [-5.079091015231417, 32.23456218794143], [-5.078369518755141, 32.23529102538571], [-5.076575618730695, 32.23523090622984], [-5.07426895544885, 32.235806527221904], [-5.071526404135096, 32.23576190993816], [-5.068806193084025, 32.23670269646035], [-5.067437946534646, 32.23681471794248], [-5.066712278229196, 32.237364317761056], [-5.062483853266332, 32.23689570127578], [-5.06102434965978, 32.237636490584364], [-5.059660119119776, 32.23792760485744], [-5.057541860314827, 32.237514019852554], [-5.056072210403389, 32.23780681260833], [-5.054274223710706, 32.237567201323074], [-5.049220676103793, 32.23791814629987], [-5.047651609838521, 32.2384813185108], [-5.047464914579168, 32.23955980075413], [-5.046534304456749, 32.240381473578594], [-5.046341565177206, 32.24119118821625], [-5.043612877820763, 32.241773092936846], [-5.042872978285126, 32.24169544013553], [-5.042359950222248, 32.24233108628278], [-5.041834884834068, 32.24242919648324], [-5.04216917578418, 32.243230384984656], [-5.041854935521302, 32.243325086611904], [-5.041864961198919, 32.24377303162435], [-5.041443298098399, 32.24377984736271], [-5.041783606731764, 32.24484980365], [-5.041157118196774, 32.245128793690334], [-5.0411952065947325, 32.24683098480897], [-5.041626909722314, 32.24727211415724], [-5.041426095127966, 32.24772346698789], [-5.039741371779911, 32.24784030767018], [-5.038778569076294, 32.24722850305032], [-5.0376169478144135, 32.247157627216296], [-5.035844802810911, 32.24808241965079], [-5.032047640488277, 32.24805394764252], [-5.02909982522775, 32.24828058385228], [-5.0274230319773885, 32.24875562002578], [-5.026151991484513, 32.24850715181278], [-5.024680056348481, 32.24871000008589], [-5.0229137016809275, 32.24990338713692], [-5.020293972712507, 32.250662295157284], [-5.016643707438504, 32.25251307235031], [-5.016796685604574, 32.25466155494691], [-5.01563695532181, 32.25468007034485], [-5.014701939720602, 32.25532234384095], [-5.013645652171775, 32.25524956888213], [-5.012812092640415, 32.25571096709562], [-5.010074821741237, 32.25593380961263], [-5.0089249393045305, 32.25640021720806], [-5.007546426401571, 32.25606365064241], [-5.007315840434667, 32.255171095093104], [-5.006062491011158, 32.255728743434226], [-5.0033153538141075, 32.255503485437], [-5.00226890390301, 32.25587857003551], [-5.001443142810854, 32.25669825983943], [-4.999859677038337, 32.25663372354496], [-4.998602330876936, 32.25701211794503], [-4.998502787811693, 32.25728256015501], [-4.997026708288079, 32.2573059113149], [-4.995978248167805, 32.25759135419405], [-4.994945462547132, 32.258593519723405], [-4.993260445045201, 32.25870975028954], [-4.992754803219807, 32.25970357686026], [-4.992991137351184, 32.26086493801327], [-4.990159935380066, 32.261626570043454], [-4.989123130257904, 32.26244950843039], [-4.988383090613782, 32.26237154133246], [-4.987445842686815, 32.262924031259836], [-4.986697990332623, 32.26248768732865], [-4.986578883394258, 32.26186220370743], [-4.985721701362341, 32.26124832849119], [-4.9853780686552245, 32.2599990160502], [-4.983790646978928, 32.25975509612603], [-4.982714835631626, 32.258786143194015], [-4.981457379704754, 32.25916437068564], [-4.980811130230261, 32.25854715055359], [-4.979335014361691, 32.25857029580829], [-4.978897711144736, 32.25786016747971], [-4.977730140354768, 32.257519967247994], [-4.975949379566623, 32.25808558001862], [-4.972561837810206, 32.257511179349876], [-4.971835409535521, 32.25806026151249], [-4.970156163074141, 32.25844496255143], [-4.969970452613709, 32.259612957820465], [-4.96881449556337, 32.25981023140565], [-4.9688299730135475, 32.260526973639664], [-4.968101563996704, 32.26098644309997], [-4.967712675055443, 32.2625160936958], [-4.966667916301049, 32.26298048454472], [-4.96560576085475, 32.26263853092885], [-4.964660639714462, 32.26283248537943], [-4.964125704734287, 32.26248231510271], [-4.962967766949013, 32.26258994393829], [-4.962036137208869, 32.263411030560846], [-4.961092926445146, 32.26369455201607], [-4.960485310564618, 32.264869087381534], [-4.959436633720935, 32.26515423431392], [-4.957011378438073, 32.26519184608319], [-4.955456595219794, 32.26647065828282], [-4.953570058909507, 32.26703759982978], [-4.952218418938234, 32.26795473747992], [-4.9485564128687605, 32.26935565400258], [-4.947804850469231, 32.26873988726297], [-4.947064781680439, 32.268661678575995], [-4.945189614663705, 32.26976606177268], [-4.944367023621338, 32.270764589327015], [-4.943740036645698, 32.27104311351587], [-4.942261776278221, 32.270976239362035], [-4.941111327551361, 32.27144204908403], [-4.940574517641569, 32.27100218375278], [-4.939627340509497, 32.27110636176343], [-4.939516166515517, 32.27083919916986], [-4.939094352006605, 32.27084567818512], [-4.9379496026963094, 32.27158024241879]]]}}, {"type": "Feature", "properties": {"id": 4, "name": "Subbasin 4", "Subbasin": 4, "AREA_HA_TOTAL": 18042.79, "HRU_COUNT": 16, "DOM_LANDUSE": "PAST", "DOM_LANDUSE_HA": 13318.23, "DOM_LANDUSE_PCT": 73.81, "DOM_SOIL": "I-Bk-X-2c-1237", "DOM_SOIL_HA": 18042.79, "DOM_SOIL_PCT": 100.0, "DOM_SLOPE_BAND": "25.0-9999", "DOM_SLOPE_BAND_HA": 8491.7, "DOM_SLOPE_BAND_PCT": 47.06}, "geometry": {"type": "Polygon", "coordinates": [[[-4.770135707092337, 32.251010298354124], [-4.7698674531110745, 32.24805635067976], [-4.769006577905208, 32.247172134835715], [-4.768432499225896, 32.244760229305506], [-4.767122172503314, 32.24244824855219], [-4.7663737469935405, 32.24192094990673], [-4.766249237613486, 32.24093678655159], [-4.765502563358097, 32.24049908545664], [-4.764417088026931, 32.23890095173832], [-4.763668707477389, 32.238373635201555], [-4.762928990227456, 32.23829433197435], [-4.761750270260955, 32.237324869080815], [-4.761117717225417, 32.237333688390436], [-4.759083543223314, 32.235748726492766], [-4.757296513091811, 32.23604247917994], [-4.756463465687412, 32.236591831147855], [-4.755620065953193, 32.236603554004795], [-4.754785280067167, 32.23706329137767], [-4.7538364495771965, 32.23707646676755], [-4.753219387907565, 32.23789168325493], [-4.751218000177562, 32.23800906961419], [-4.750265721023511, 32.237843010104434], [-4.749729997438779, 32.23740229065317], [-4.74867573453129, 32.23741688749973], [-4.745836077422143, 32.23781467286759], [-4.745305515329463, 32.2376427472906], [-4.744366950283038, 32.238193478788475], [-4.743525242205254, 32.23829472597772], [-4.741658325812485, 32.239933784693484], [-4.741782569148612, 32.24091798176131], [-4.742534273350439, 32.24162464058355], [-4.741808225688712, 32.24226205050216], [-4.741175631683603, 32.24227077117917], [-4.740461533824343, 32.24353540609751], [-4.740138396498181, 32.24318134506755], [-4.73908747722387, 32.24337507358182], [-4.738237178771292, 32.24302826372604], [-4.736626684790212, 32.241526733337786], [-4.734938072080808, 32.241460306893295], [-4.7348275295640745, 32.24119294004068], [-4.734511235127092, 32.24119728317409], [-4.734516344939098, 32.24146609797354], [-4.732618571303484, 32.241492140429024], [-4.730914662064837, 32.240619214293886], [-4.730174945752046, 32.24053971887976], [-4.729523678507245, 32.23956272384539], [-4.72699335919475, 32.239597339004824], [-4.725930584592564, 32.23916372020749], [-4.725097310779019, 32.23971287255055], [-4.724983411482316, 32.2392662851191], [-4.724559998894725, 32.23918243719523], [-4.724425784923075, 32.237660583668074], [-4.725054965114478, 32.23747273706808], [-4.72556177314839, 32.23639027322476], [-4.726194331638729, 32.23638163211037], [-4.72692044786437, 32.235744309236736], [-4.726911970706683, 32.2352962823573], [-4.7275343451040985, 32.23475000262403], [-4.727313321671131, 32.23421525322397], [-4.727837048229584, 32.23402883493638], [-4.72803941325543, 32.23357792457317], [-4.729307884648684, 32.2337398262961], [-4.7298282077413445, 32.23337418942523], [-4.7301359836591885, 32.23292183266111], [-4.729908157521332, 32.232028666915646], [-4.73062402087706, 32.230853692790205], [-4.731984276644577, 32.230297283104754], [-4.732183213018366, 32.229667156421634], [-4.735311693975105, 32.2278316600656], [-4.735289553463091, 32.2266667938228], [-4.734657065312546, 32.22667547813919], [-4.734325502207133, 32.225873372712854], [-4.735039560320384, 32.22460877095809], [-4.735015723451466, 32.22335429878888], [-4.735634563121691, 32.22262877235301], [-4.735646306177373, 32.217699039771354], [-4.7353062587431936, 32.21644890879774], [-4.735819649855746, 32.215724829586065], [-4.7356359287069685, 32.211604434753596], [-4.736147588883018, 32.21079074942091], [-4.736232550120668, 32.20971403814142], [-4.738408335501561, 32.2077123012], [-4.738573086224218, 32.20529006074167], [-4.739293759165579, 32.20438385961817], [-4.739660727882098, 32.20151069111061], [-4.739405616864379, 32.199183854215036], [-4.739767452683738, 32.196041868005395], [-4.739310132314574, 32.19416595538756], [-4.738455188267204, 32.193550312282575], [-4.738341292620983, 32.19310373404653], [-4.7372756147932895, 32.19249097977559], [-4.736942465147039, 32.19159926804284], [-4.734695603866892, 32.18983753607576], [-4.733601106596937, 32.18770145124986], [-4.731893125362138, 32.186559679322414], [-4.731232074430269, 32.18504503718075], [-4.729949025203352, 32.18407667669104], [-4.7296142860648756, 32.18309533497785], [-4.730219351202545, 32.18165299072237], [-4.7300902583562525, 32.180399948338426], [-4.728805594604209, 32.17934196681772], [-4.727639859147009, 32.17899938093845], [-4.7275260374081265, 32.178552789514015], [-4.7280274440959635, 32.17720149998379], [-4.728958730310102, 32.17629247864074], [-4.728941795136362, 32.17539641738], [-4.729766005365863, 32.17439922491395], [-4.730501793326343, 32.1742995299291], [-4.7314364174933985, 32.17356970392319], [-4.731835781989156, 32.172399055543465], [-4.733184992424201, 32.17130502242442], [-4.735066016045545, 32.17047256864503], [-4.736967416266664, 32.170715357882955], [-4.737483957452181, 32.170170487922086], [-4.739271490137704, 32.169966660998924], [-4.739788013131194, 32.16942178218953], [-4.741250954644835, 32.168774246554065], [-4.742492943731007, 32.167591963902325], [-4.746256333330064, 32.1660163682651], [-4.747311485341672, 32.16609142564657], [-4.749712128274711, 32.16489306316612], [-4.751713637576991, 32.16486536064572], [-4.752666868023217, 32.16512104280272], [-4.754863600940248, 32.16428392510962], [-4.756547347003337, 32.164170925572385], [-4.756082999729225, 32.16193665102301], [-4.756278203532587, 32.16112728087394], [-4.755841381950407, 32.160326684704685], [-4.756247257403287, 32.159514390115994], [-4.757290297114774, 32.158962131501966], [-4.7585560429350675, 32.15903417096934], [-4.759284780286381, 32.15857589398547], [-4.760621389403722, 32.15685435026284], [-4.761669544197851, 32.15657087186293], [-4.761757633259966, 32.15567335664214], [-4.762368922976434, 32.15458929611405], [-4.763095880353127, 32.15404139397727], [-4.7638331861512775, 32.15403111654616], [-4.764981444824751, 32.1534773293374], [-4.766561374022162, 32.15345527781725], [-4.767419569581213, 32.154249950308014], [-4.769410437138759, 32.15368434891878], [-4.769937080326346, 32.153676982128964], [-4.770047605782271, 32.15394432191399], [-4.772359636509371, 32.15364306668719], [-4.772471903555418, 32.15400000845486], [-4.77245108809902, 32.15292475617983], [-4.773697661142578, 32.15201099910779], [-4.773371269236351, 32.15147780261378], [-4.773682039855296, 32.15120456020203], [-4.773548946302447, 32.149772367233155], [-4.773958091173806, 32.14913923045617], [-4.774795466472304, 32.14885860082623], [-4.775206335707744, 32.148315064679025], [-4.776793121197933, 32.14865130553522], [-4.777620046615026, 32.14783303249714], [-4.777604393323748, 32.14702659477594], [-4.78013905071817, 32.14734947335923], [-4.7811852869873395, 32.14697623480591], [-4.782470057676701, 32.14803368397341], [-4.784890701697843, 32.14790993011058], [-4.785427788919889, 32.14844012288196], [-4.78544176490713, 32.14915695320215], [-4.7859736201423315, 32.14941833189841], [-4.786210483205101, 32.15075941424142], [-4.788768022164565, 32.1522469620015], [-4.788683701499162, 32.15332369404821], [-4.789131274281469, 32.15466178972828], [-4.787596832415062, 32.157013816982875], [-4.788860809187291, 32.156995949728866], [-4.790012445490429, 32.1566211465207], [-4.790974446568712, 32.15732455653809], [-4.7898490852129, 32.15904342022612], [-4.789016923030505, 32.159592961179285], [-4.789037938391785, 32.16066820262137], [-4.789785799582726, 32.1611953925728], [-4.790229927274727, 32.162354274081025], [-4.7909813160142685, 32.16306066274163], [-4.7924648243890235, 32.163487789662454], [-4.793832469470672, 32.16337877358607], [-4.795189565499963, 32.162732124172265], [-4.796353554351816, 32.162984483388364], [-4.796783700894117, 32.16342651404347], [-4.7988781372651985, 32.162769349550935], [-4.801304422664149, 32.162914077070106], [-4.801629254010703, 32.16335759043393], [-4.802584354172155, 32.16370249464515], [-4.8033605650376385, 32.16566324341039], [-4.804006738465427, 32.16637105154779], [-4.805272600630918, 32.16644261829335], [-4.805279671128992, 32.16680102853912], [-4.806773914278637, 32.1677655977002], [-4.808568280972683, 32.16791920784351], [-4.809526996963373, 32.1684432613778], [-4.810882273766036, 32.16770684303172], [-4.812260596992305, 32.16813523950431], [-4.8146763718614025, 32.167742091711894], [-4.815420877741019, 32.168089917928846], [-4.815535109200712, 32.168536415995334], [-4.8158493603033, 32.16844227714763], [-4.816288517560295, 32.16933224665981], [-4.817336617861743, 32.16904830841653], [-4.818606082595, 32.16929894366968], [-4.819550612726655, 32.16910610385995], [-4.820723654219194, 32.16980624192968], [-4.821562840307752, 32.16961490354142], [-4.822518074566026, 32.16995965172757], [-4.822969800328656, 32.171476806561586], [-4.824021473915934, 32.171372016007], [-4.824564284715317, 32.17217083201771], [-4.825826656832384, 32.17206298643098], [-4.826574815553821, 32.17258994675955], [-4.826485567810066, 32.17339788097209], [-4.827449808138563, 32.17419059641045], [-4.827469496995169, 32.17517621118576], [-4.8281033875509305, 32.17525667673209], [-4.827516038118767, 32.17750584545512], [-4.828780269972018, 32.17748756914511], [-4.829321368349688, 32.178196759934394], [-4.830062427277464, 32.17836529188388], [-4.830400004546962, 32.179435931159446], [-4.831783971493357, 32.180132907411306], [-4.831901889438918, 32.18075858847682], [-4.832651950482394, 32.181375109252706], [-4.833601958228015, 32.181450964181344], [-4.834257461056401, 32.18260660787989], [-4.8355235569622, 32.182677862442475], [-4.836480776782108, 32.1831120982823], [-4.836504168553897, 32.184276908189375], [-4.8379900126535, 32.18479307985289], [-4.838438475232537, 32.18613096262635], [-4.84045297560433, 32.18672904321694], [-4.841433718556321, 32.18832804496427], [-4.842391024711155, 32.18876223245722], [-4.844293011668866, 32.189003382575656], [-4.844834299733342, 32.18971249877601], [-4.845150396905894, 32.18970788606106], [-4.846345608895275, 32.191482969382434], [-4.847510085083075, 32.19173483784109], [-4.84762812895234, 32.19236049861601], [-4.849003357043471, 32.1926092727818], [-4.849333964179606, 32.19332144913923], [-4.850082431559529, 32.193848257211016], [-4.849791704866379, 32.195107281915355], [-4.8505619580411246, 32.196709284996054], [-4.850879892750201, 32.19679425692392], [-4.850908923821023, 32.198227854342974], [-4.851661072017264, 32.198933850433846], [-4.852296959445902, 32.19910378722914], [-4.852109812268539, 32.20027167187491], [-4.852536770841834, 32.200534294514505], [-4.852562199323497, 32.2017886903559], [-4.853099996685321, 32.20231856527484], [-4.85311089847626, 32.202856163201915], [-4.853854014181665, 32.203114145621754], [-4.853970302000703, 32.203650197650475], [-4.855018657418256, 32.20336593818185], [-4.8554292651077455, 32.202822154279986], [-4.856077925471188, 32.20361926720269], [-4.856092485339894, 32.20433606306982], [-4.856937361272055, 32.204413280154576], [-4.857053669086672, 32.20494932850722], [-4.8581238929858115, 32.20574023566717], [-4.859601083564383, 32.205808137606475], [-4.860029913072419, 32.20616033220296], [-4.861296343163714, 32.20623131544466], [-4.863919968581663, 32.20565489716229], [-4.864136218505535, 32.205920586084055], [-4.865617071798102, 32.20616761538767], [-4.865822349671765, 32.20589570742081], [-4.8666635839894195, 32.20579366074622], [-4.8682754732123605, 32.20729348618524], [-4.869011332305707, 32.20719298119554], [-4.869443869900666, 32.20772433968038], [-4.870185233012368, 32.207892623940765], [-4.8709357728527305, 32.208508897066], [-4.872196730139398, 32.20831097363891], [-4.873030629704474, 32.207850489751756], [-4.87387554676185, 32.207927591778756], [-4.875021909500032, 32.207283210623956], [-4.875853945175536, 32.20673311047219], [-4.876974510380882, 32.204834334829975], [-4.879311323921265, 32.205695869279026], [-4.87972179264693, 32.20515201164951], [-4.880670225244899, 32.20513790355671], [-4.881084372387122, 32.20477323825325], [-4.882134490014638, 32.2045783546843], [-4.8822287968079445, 32.20403919664584], [-4.882753850588304, 32.20394175137037], [-4.8831642908939745, 32.20339788348323], [-4.88483926846557, 32.20283516469269], [-4.8849169249913516, 32.20148962284974], [-4.885852373988511, 32.20084829123681], [-4.887641915871587, 32.20073195505096], [-4.888595853155614, 32.2009865828566], [-4.8890062453270255, 32.2004426975673], [-4.8905683410024405, 32.19952308942953], [-4.8902188626358285, 32.19791505643741], [-4.890516447215591, 32.19701435114516], [-4.894402184254321, 32.19632880264272], [-4.896108554751969, 32.19728909987568], [-4.896311861793699, 32.19692754867754], [-4.897982911697701, 32.19618546774964], [-4.900306637792148, 32.196419434487], [-4.901140280518672, 32.195958773740806], [-4.901877867063733, 32.195947679250565], [-4.901970185983156, 32.19531891329801], [-4.903223417061967, 32.194762300483205], [-4.9051219076249515, 32.19482332989657], [-4.9068208777602305, 32.19542509142026], [-4.907123897800984, 32.19479314419168], [-4.908175705261933, 32.1946876473307], [-4.9093235199060405, 32.19413256609671], [-4.911955816494803, 32.19400315798573], [-4.912992607085436, 32.19318084791274], [-4.914665319503999, 32.19252815040451], [-4.915073639749175, 32.19189459053116], [-4.916127279290655, 32.191878625639], [-4.916746312783304, 32.19124186682528], [-4.917481975327174, 32.19114108627741], [-4.918522443066219, 32.190497926564284], [-4.921577942591054, 32.190451522677236], [-4.922511126925269, 32.18972033653957], [-4.924078342445216, 32.18906912122683], [-4.92469918657962, 32.18852192221362], [-4.924689756128386, 32.18807394145194], [-4.925214664441014, 32.187976324762154], [-4.925517532973097, 32.18734433856625], [-4.926663256131292, 32.18669951074393], [-4.928307403660776, 32.18470269995644], [-4.928830398268554, 32.18451547310206], [-4.929539522713136, 32.183160281276145], [-4.930683273148101, 32.18242582379551], [-4.934372487411928, 32.182459063590365], [-4.936468141271367, 32.181889238172275], [-4.939848875919436, 32.182285540739194], [-4.940053876620844, 32.182013521759785], [-4.9419406818496014, 32.18153643531687], [-4.944149229011804, 32.18132324814679], [-4.944446230002545, 32.18042243624573], [-4.945589820344186, 32.17968784955992], [-4.9485242919034516, 32.17892566908759], [-4.9498594218068765, 32.17729184900254], [-4.951112094507991, 32.176734780716316], [-4.951849504345072, 32.17672340080603], [-4.951941465217482, 32.17609461063886], [-4.953167326051882, 32.17428319515331], [-4.955055809680798, 32.17389551606412], [-4.95546185157368, 32.173172243350976], [-4.956296906978761, 32.17280083093525], [-4.956388834609017, 32.17217203851846], [-4.958547241996088, 32.16962914922202], [-4.958968584508554, 32.169622623455204], [-4.959690581856, 32.16889444351191], [-4.961157585782336, 32.16851320637457], [-4.961772302542484, 32.167697054283025], [-4.9626072812686335, 32.167325602851655], [-4.962484654774706, 32.166520887367746], [-4.962785276081109, 32.165799228261704], [-4.963520670217776, 32.16569818935595], [-4.963828971665501, 32.165334905710274], [-4.964462877071528, 32.16541468567143], [-4.965807151690233, 32.164228684434704], [-4.967909876179882, 32.16401673719395], [-4.967900243223055, 32.16356876621621], [-4.9684230293654075, 32.163381382879805], [-4.971362555648144, 32.16288748067536], [-4.974110719775324, 32.16329273802254], [-4.974436366628845, 32.16373577505358], [-4.975280923020757, 32.16381221222477], [-4.976254026013425, 32.16496212284601], [-4.979224554494737, 32.16590153537068], [-4.979659442485965, 32.16652209610327], [-4.980613236429731, 32.16677603463648], [-4.982085928365539, 32.16666333955056], [-4.982513074578247, 32.16692551602195], [-4.982928573997057, 32.16665013091535], [-4.98409109613775, 32.16681114644227], [-4.985132741539143, 32.166257058670205], [-4.987760152155152, 32.165946920858985], [-4.98846825620376, 32.16459143488085], [-4.989613227950411, 32.163946063076075], [-4.991719768830309, 32.16391290813295], [-4.992552630672687, 32.16345167204564], [-4.993603942260874, 32.16334548190562], [-4.995166255130568, 32.16251423501909], [-4.995798205736371, 32.16250426487445], [-4.9967304935995385, 32.16177256251948], [-4.999039795728572, 32.16137759186927], [-5.0002860552837936, 32.16055127808591], [-5.0013373211845655, 32.16044502528769], [-5.002168140588528, 32.15989413642867], [-5.007132001950926, 32.16044282909386], [-5.008703965558228, 32.16005938175829], [-5.009012063709404, 32.15969599556853], [-5.009749310441739, 32.15968428366187], [-5.011410818353112, 32.158582394799254], [-5.013407946908129, 32.15837137481975], [-5.0143479327439895, 32.157997916522994], [-5.018350036769216, 32.1579341202427], [-5.021372610744365, 32.15645188666074], [-5.023025994090865, 32.154991487356455], [-5.0254502114459365, 32.15504231719688], [-5.025760207533223, 32.15476848446978], [-5.0277552230732, 32.154467651381715], [-5.028589791875991, 32.15409577911134], [-5.028579865820576, 32.15364782404065], [-5.0291064295325265, 32.153639378808066], [-5.02982971360914, 32.15300041513782], [-5.030459598105551, 32.1529006836138], [-5.031310043327297, 32.153245521452725], [-5.031323958345077, 32.15387265751907], [-5.033746151409988, 32.15383373856106], [-5.034608563492805, 32.15471609741282], [-5.03620420845237, 32.155407403734046], [-5.03653210998729, 32.15593986085443], [-5.036951375882939, 32.15584348742424], [-5.037815832141687, 32.15681541257081], [-5.039200903551802, 32.157510071579466], [-5.041205911326118, 32.15765697719389], [-5.042165752708065, 32.158179219142546], [-5.046368414379642, 32.15766318542127], [-5.047960183426367, 32.158175157528795], [-5.048881963594121, 32.15699513971295], [-5.049821775893856, 32.15662142410275], [-5.050222969322073, 32.15571869910342], [-5.050844815926862, 32.1552605071766], [-5.050834780569437, 32.15481255840665], [-5.051865818223275, 32.15380999323828], [-5.054061275256742, 32.153057384695025], [-5.056489449678046, 32.153286799822375], [-5.058879353016139, 32.151813970461916], [-5.05959232921271, 32.150726898864775], [-5.060118865923595, 32.15071832528628], [-5.060319400569099, 32.15026694882085], [-5.061467689280495, 32.14980013151392], [-5.062287942227364, 32.14880091951884], [-5.062709162041708, 32.14879405222439], [-5.063636715339472, 32.14788270441936], [-5.06381097816528, 32.14626666436583], [-5.065459436813376, 32.14462656526957], [-5.0667169703785495, 32.1443371628739], [-5.067249534878987, 32.14459732810646], [-5.069246181139197, 32.1443854436153], [-5.069568153093919, 32.14464904307559], [-5.070080476127213, 32.144013307705016], [-5.070922867439596, 32.143999521668725], [-5.071544528311838, 32.14354123474483], [-5.072267426472728, 32.142902042925215], [-5.072358533929326, 32.142273197208745], [-5.07330417670771, 32.1421680825472], [-5.074022994341423, 32.141349704228965], [-5.075288571117765, 32.14141857380552], [-5.075804897057943, 32.14096199445109], [-5.077169668663572, 32.14076035234943], [-5.077143257249843, 32.13959570215702], [-5.076381833438082, 32.13853273757315], [-5.077327431474951, 32.13842759457224], [-5.078366122786481, 32.13778318447453], [-5.0786697989220055, 32.1372404650153], [-5.079299508813928, 32.13714049668448], [-5.079289341410006, 32.136692554680465], [-5.080218641265657, 32.135870683985445], [-5.080313758267013, 32.135421011190175], [-5.082287764813705, 32.134223458895946], [-5.085250067785696, 32.13480202871281], [-5.086296820395672, 32.134515909409906], [-5.0861066462344695, 32.13541526151742], [-5.0866494106856806, 32.136123285282906], [-5.089279584056653, 32.135990262345835], [-5.0894962910923915, 32.13625554867709], [-5.090128023343171, 32.13624511499612], [-5.090454111090946, 32.13668783582493], [-5.091184999810762, 32.13640689398893], [-5.093296915310639, 32.13664083738626], [-5.093922505431445, 32.1363616219162], [-5.095852542312051, 32.13785323175569], [-5.095990631121046, 32.139284886438574], [-5.096527342532625, 32.13972410107901], [-5.098220226166834, 32.140054523791036], [-5.09952069949181, 32.1416461334002], [-5.100158627624399, 32.14190440954505], [-5.100168899102055, 32.14235234520595], [-5.100707703251864, 32.14288112740083], [-5.101236236504764, 32.142961971719984], [-5.1012526800803135, 32.14367866814481], [-5.103810663070184, 32.14498047461653], [-5.103860059823233, 32.147130559379356], [-5.103447090357918, 32.14749591078728], [-5.102501440603234, 32.14760125164444], [-5.101892256012359, 32.148597206801924], [-5.10105189474653, 32.148700787716315], [-5.100118557606118, 32.14934363350318], [-5.099276132834118, 32.14935761591103], [-5.098344829170876, 32.15009003646022], [-5.095835986131583, 32.15093821768286], [-5.095024294507252, 32.15229598160755], [-5.094293294807428, 32.15257694981595], [-5.093688086358462, 32.1537520445309], [-5.093270949001145, 32.153938190606326], [-5.093084911463341, 32.15501672415516], [-5.092153500625385, 32.155749102993425], [-5.090837661745418, 32.15810101335254], [-5.089780432927304, 32.15793924246742], [-5.084632295901245, 32.15856192225994], [-5.083490148108003, 32.15929771254581], [-5.0828867972955845, 32.16056234991316], [-5.081122888089436, 32.161756464617724], [-5.080493012861673, 32.16185644865892], [-5.08040194990393, 32.16248529689766], [-5.079672856684082, 32.162855773430984], [-5.078546893743125, 32.16430822683289], [-5.078541288184823, 32.1686997710483], [-5.079292827364721, 32.16931476667195], [-5.079300971554529, 32.16967311842857], [-5.076799538208057, 32.170879301352244], [-5.076060199209621, 32.170801819537296], [-5.075762505518546, 32.17161329966363], [-5.0735627506778815, 32.17218711764457], [-5.072965275585717, 32.17372047920173], [-5.073190154354032, 32.17434414314558], [-5.071616235685062, 32.174638802252375], [-5.071519017002635, 32.174998881073336], [-5.070682424940355, 32.175281447926835], [-5.070692565401263, 32.17572938964378], [-5.071227356823302, 32.17607911716326], [-5.071575828798806, 32.17750735302527], [-5.071895899761823, 32.17768135189253], [-5.071808826653722, 32.17848937205985], [-5.071284162996923, 32.17858758914998], [-5.071428054660741, 32.180288040242694], [-5.069130829260312, 32.18122186916036], [-5.067325840450558, 32.18062404332235], [-5.064485668332341, 32.180849692123985], [-5.06344033661873, 32.181225242419714], [-5.060166651210833, 32.180920138359774], [-5.059544686754492, 32.181378379677184], [-5.0582745253276356, 32.1811301973699], [-5.056698417518478, 32.18133508819088], [-5.055426249214505, 32.18099728780428], [-5.053645485214235, 32.181474333085426], [-5.053673652300122, 32.18272858205232], [-5.053250262337678, 32.18264583645335], [-5.0517874992816, 32.183207313857], [-5.051706275679006, 32.18428409493662], [-5.052358463056169, 32.1851697287418], [-5.051521713229015, 32.18545217461263], [-5.049299366701067, 32.1850401060095], [-5.046985730184664, 32.185256829938226], [-5.04465004351961, 32.18448802551116], [-5.041594970997276, 32.18453739449145], [-5.040322804652734, 32.1841994417609], [-5.0391679812701815, 32.184397316797465], [-5.038871915424697, 32.18529831366698], [-5.036770930356928, 32.18560104397043], [-5.036047451976308, 32.186240052812295], [-5.033012225181743, 32.18718511941061], [-5.030040510855417, 32.186247024227384], [-5.0287862475577185, 32.18671526938572], [-5.026776636839521, 32.186389011234766], [-5.0252241597899605, 32.18766860439043], [-5.025025361516491, 32.18820952382753], [-5.024395228474241, 32.18830923787606], [-5.023466880459145, 32.18922032498559], [-5.021153050801943, 32.18943658260197], [-5.020216739078197, 32.18998928365819], [-5.019057832056099, 32.19000779745888], [-5.018767485554261, 32.19117752833901], [-5.01825059228312, 32.191633894533986], [-5.01837177444906, 32.19234894082089], [-5.017850917448257, 32.19262612354854], [-5.013429806670305, 32.192875860480655], [-5.01173223301035, 32.19236514943198], [-5.008917086489512, 32.19375425879572], [-5.007994430033907, 32.194934014624074], [-5.006217046427091, 32.19558959482923], [-5.005596666742585, 32.19613717629551], [-5.0047852039930225, 32.197584014294684], [-5.003339552786357, 32.198951277098686], [-5.003353300552793, 32.199578419451726], [-5.002416773273749, 32.20013099628421], [-5.00308432970097, 32.2017336311588], [-5.00299074283914, 32.202272851413184], [-5.000879409417122, 32.20212704556566], [-4.999535080076245, 32.20331341724121], [-4.998902848947319, 32.203323417295394], [-4.997874595983236, 32.204504773024496], [-4.996083248473183, 32.20453307571375], [-4.9946217100615895, 32.20518350991578], [-4.9938821346061415, 32.20510555607756], [-4.992914224313506, 32.204224590730064], [-4.990804804428429, 32.204168210066925], [-4.989003704439755, 32.20374844992569], [-4.987920736643623, 32.202421139070026], [-4.986209474837169, 32.20128293872512], [-4.985360672348101, 32.20102740368952], [-4.983996695708249, 32.20131768995478], [-4.983376139796986, 32.20186516870704], [-4.979615767325393, 32.20344771571609], [-4.9786868090333405, 32.20435849571785], [-4.9775335076298415, 32.20464541544506], [-4.975357438282637, 32.20638228890171], [-4.9724397636400655, 32.20795145526685], [-4.971405307512633, 32.2088638303207], [-4.9667094898043285, 32.211087956702144], [-4.96577646785186, 32.21181946164483], [-4.964831867699003, 32.212013398164046], [-4.962649601400608, 32.213481286025676], [-4.961078429909361, 32.21395379531565], [-4.955128919059624, 32.216734693423554], [-4.953762679941829, 32.2169350713827], [-4.952511402238108, 32.21758177778781], [-4.951771748314255, 32.217503580081804], [-4.9507312319634025, 32.21814701387299], [-4.948738340964061, 32.21862588200882], [-4.947182284294798, 32.21981498031166], [-4.9408027337273275, 32.2222433496923], [-4.940496061909725, 32.22269617996926], [-4.9398655776547, 32.22279548486747], [-4.938516325944196, 32.22380205668434], [-4.935266034302203, 32.22465849729267], [-4.934748524674081, 32.22511454335252], [-4.9339053157589685, 32.225127451887545], [-4.932027053683026, 32.22605242790555], [-4.930131704514753, 32.22617101943499], [-4.929098503424527, 32.22717266533239], [-4.927634200247704, 32.227732759549525], [-4.923856624711831, 32.228596954977505], [-4.92269716065638, 32.22861460454979], [-4.922283083813392, 32.22897940276188], [-4.9200808566161855, 32.22955063586069], [-4.9186013899938885, 32.22939386183565], [-4.9178710702472355, 32.229763447883485], [-4.912284461324544, 32.229848127133344], [-4.911224753841592, 32.22959528786429], [-4.9096511346689375, 32.229977580885844], [-4.907219254842862, 32.22965581541219], [-4.905449760253023, 32.23075801127825], [-4.90460835420952, 32.230860322940636], [-4.904408750869047, 32.23140108049303], [-4.903471269159036, 32.231952956880136], [-4.902961026249789, 32.23276726646793], [-4.900976859899439, 32.23369338536739], [-4.900359305654229, 32.23441967480518], [-4.899728686780948, 32.23451878391783], [-4.898794872069006, 32.235249821284846], [-4.897319061238665, 32.235271993986636], [-4.8968068828960885, 32.23599668416474], [-4.894824440799788, 32.23701230797649], [-4.891452940661387, 32.237152456805525], [-4.88988095253334, 32.23762410836787], [-4.887243639844006, 32.23757390968168], [-4.885880606488012, 32.23795276515043], [-4.884615578973139, 32.23797164351782], [-4.884077384806177, 32.23744192034745], [-4.8833394555956895, 32.23745292358201], [-4.878312554369063, 32.23914101982211], [-4.876731242323383, 32.239164521875516], [-4.874119640672389, 32.24036842273477], [-4.872332973980185, 32.24066379274189], [-4.8718150496571475, 32.24111959512571], [-4.871078922839361, 32.24122012605436], [-4.870333611249179, 32.240872661604556], [-4.868977790693293, 32.24160973200644], [-4.86802530425518, 32.2414445697969], [-4.866556698771244, 32.24182478056047], [-4.865598717606808, 32.241390804617], [-4.8645463070536605, 32.24149596827282], [-4.863921082457873, 32.241863697364984], [-4.862441477329386, 32.24170626953636], [-4.861581627647556, 32.24091231332345], [-4.8615505531932754, 32.23938913557483], [-4.860897921888678, 32.23841286876829], [-4.857960726252256, 32.239173106785394], [-4.854256385934222, 32.23851052732848], [-4.851410003548366, 32.238552274226414], [-4.850337618817396, 32.23767172687906], [-4.850326718682014, 32.237134131071215], [-4.849899589475527, 32.236871508506496], [-4.847044184094927, 32.236465158006965], [-4.8470242372214525, 32.23547956363185], [-4.846384476037397, 32.23513041116378], [-4.845223065738328, 32.23505775348921], [-4.844457978552882, 32.233724534527994], [-4.842029779940266, 32.233580708536024], [-4.841509928448579, 32.233946791433134], [-4.8401395074184865, 32.233966759048826], [-4.838854645413015, 32.232999578214745], [-4.837166184703078, 32.23293451552762], [-4.8361120239133575, 32.2329498398915], [-4.834963253977154, 32.23350428736331], [-4.833803668394687, 32.233521123732494], [-4.830728602895776, 32.23266945606091], [-4.829979911670154, 32.23214254398601], [-4.828713129399437, 32.232071259375395], [-4.8267174052809665, 32.232458635759485], [-4.826101041762909, 32.233274184298274], [-4.824837827561791, 32.233382062542056], [-4.824007023168837, 32.234021445375994], [-4.819600893097481, 32.23516050021437], [-4.817830173949592, 32.236261510423354], [-4.815730665289384, 32.236739835838755], [-4.814690701390597, 32.23747179175801], [-4.810605880043277, 32.23887480257575], [-4.810296716648237, 32.23923774022939], [-4.806413727408826, 32.2401895916209], [-4.806000889358559, 32.24064362841823], [-4.804637428956603, 32.24102162076135], [-4.803700981348495, 32.241662382968876], [-4.801490527997556, 32.241873178757565], [-4.7995068244532, 32.24288734866811], [-4.7971944279485275, 32.243278776158874], [-4.796883430844779, 32.24355208130966], [-4.795931027165651, 32.243386371311765], [-4.795310785647019, 32.24402257692466], [-4.793734600137733, 32.24431384944722], [-4.792796278531236, 32.24486493237641], [-4.791531089009177, 32.24488288234321], [-4.790381881180846, 32.245436938446495], [-4.788171294434985, 32.24564750533699], [-4.785663685648637, 32.24684813192822], [-4.783027805317921, 32.24688536665462], [-4.781678145306594, 32.247979937898364], [-4.779674847501447, 32.24800817899312], [-4.778738146042843, 32.24864876421514], [-4.77758182413314, 32.24884429701672], [-4.777170546519671, 32.24938784824125], [-4.7741128256539005, 32.24943083290434], [-4.773699782015107, 32.2498847706798], [-4.770135707092337, 32.251010298354124]]]}}, {"type": "Feature", "properties": {"id": 2, "name": "Subbasin 2", "Subbasin": 2, "AREA_HA_TOTAL": 14756.18, "HRU_COUNT": 12, "DOM_LANDUSE": "PAST", "DOM_LANDUSE_HA": 13325.5, "DOM_LANDUSE_PCT": 90.3, "DOM_SOIL": "I-Bk-X-2c-1237", "DOM_SOIL_HA": 14756.18, "DOM_SOIL_PCT": 100.0, "DOM_SLOPE_BAND": "25.0-9999", "DOM_SLOPE_BAND_HA": 9392.44, "DOM_SLOPE_BAND_PCT": 63.65}, "geometry": {"type": "Polygon", "coordinates": [[[-4.658799655819817, 32.18942194210503], [-4.657745896442969, 32.189435762093154], [-4.657726401217191, 32.188360451153656], [-4.656333804696858, 32.18712387273608], [-4.656088978379127, 32.18524483664585], [-4.655447018132213, 32.18471545876274], [-4.655006075744621, 32.18364566269843], [-4.654260385128135, 32.18320726654956], [-4.6537124765045315, 32.182049233843344], [-4.6525404790454274, 32.18134750898632], [-4.652101206793684, 32.180367310194136], [-4.650404034503973, 32.17976205525835], [-4.64933422412007, 32.17887970402581], [-4.649319682710996, 32.178073216062344], [-4.64973628774916, 32.177798889636094], [-4.649617997237947, 32.17708338583833], [-4.6500345969627945, 32.17680905856666], [-4.65023077235797, 32.175999821220714], [-4.650172585084262, 32.17277386870277], [-4.648942600324822, 32.16884614868589], [-4.649129082477483, 32.167499252696594], [-4.64869637696297, 32.166877476459824], [-4.648788811882134, 32.16615922351195], [-4.648469534705929, 32.16598412278739], [-4.648129280339489, 32.164644091014026], [-4.6466221652486865, 32.162871096875044], [-4.646601208684226, 32.16170616523938], [-4.646170160686341, 32.16117398849502], [-4.645823516372018, 32.15947550705873], [-4.643092661143469, 32.15995916187378], [-4.642677722047919, 32.16032307546123], [-4.640789573441199, 32.160795735647845], [-4.64006501044169, 32.16152218146429], [-4.639013166901736, 32.16162544532886], [-4.638387512925961, 32.161992075193105], [-4.6367019855543585, 32.16201389434219], [-4.635027661286971, 32.16266296557385], [-4.633659757492975, 32.162770270006966], [-4.632927127539354, 32.16304862349336], [-4.631892830622365, 32.16413754725211], [-4.630944696404574, 32.16414977534434], [-4.630844138318689, 32.16441996599967], [-4.628330118721695, 32.16525903595445], [-4.626856815232747, 32.16536762439074], [-4.625503181948607, 32.16628134122163], [-4.624141569670803, 32.166746988986674], [-4.62172642031617, 32.16722613411202], [-4.6200407825878145, 32.16724773444128], [-4.618787649013614, 32.16789119902946], [-4.6146772869332615, 32.167854104565926], [-4.614053069092432, 32.16831022973254], [-4.612472759064396, 32.16833038546055], [-4.607966147536426, 32.16973223217965], [-4.605439176080575, 32.16985396334221], [-4.603346182811795, 32.17068719839588], [-4.600608459744733, 32.17081150497245], [-4.599664941594526, 32.17109233711856], [-4.599251341117013, 32.17154572691261], [-4.597252658107245, 32.17175024661636], [-4.593903028436153, 32.17304735053177], [-4.592849423656629, 32.173060623819865], [-4.592015894949891, 32.173608910485875], [-4.590437034118577, 32.173718406318315], [-4.588568535144741, 32.17535526585781], [-4.586156051425065, 32.17601296935739], [-4.585647868736848, 32.17709492685995], [-4.582908362721199, 32.1771292442463], [-4.582183201724499, 32.17785537549439], [-4.580918802283701, 32.17787118735827], [-4.579240670053533, 32.17834031458957], [-4.577890989723482, 32.17952237994107], [-4.575998983606205, 32.17981486872526], [-4.574853808402904, 32.18063582488195], [-4.574846093967426, 32.180187759702555], [-4.57441844558628, 32.17983455537953], [-4.5729371114857, 32.17949445926762], [-4.572399483783977, 32.17887371875785], [-4.571661905876207, 32.17888288709328], [-4.571234275646124, 32.17852967134933], [-4.57037133340067, 32.17737516881025], [-4.570247508663311, 32.176301117678754], [-4.569712993592025, 32.1758595909099], [-4.56780413842356, 32.17516620844457], [-4.567071193662292, 32.1754441893806], [-4.56613825305943, 32.176352070145626], [-4.5650784638297255, 32.17600665932722], [-4.562760425205153, 32.17603532319696], [-4.562019806653707, 32.17586520731566], [-4.56073554845481, 32.1747158384995], [-4.559255869279153, 32.17446519140395], [-4.557977768818117, 32.17367424800098], [-4.557438750419623, 32.17296382519015], [-4.557438869449006, 32.166779166564616], [-4.55711823005166, 32.16651421571906], [-4.556773203450763, 32.16481543964194], [-4.556454096971197, 32.164640100803375], [-4.556327411258053, 32.16338680016323], [-4.556612985263964, 32.16159062995008], [-4.557132108860731, 32.16113607701687], [-4.557118389568114, 32.160329550338176], [-4.556165690040648, 32.16007237451055], [-4.5557245021741375, 32.15891257332865], [-4.554767255242802, 32.15838654374096], [-4.55454895563316, 32.15794106175876], [-4.551292366748187, 32.15851883382705], [-4.547921295080589, 32.15856012533573], [-4.54719598852257, 32.15928606207662], [-4.545519513769902, 32.15984435243499], [-4.544041622375036, 32.15968313260092], [-4.543519417360266, 32.15995840434012], [-4.542876757149833, 32.1593388119461], [-4.539823191595587, 32.15946564868444], [-4.538527393531757, 32.15759911655767], [-4.539359609515744, 32.156961560786065], [-4.539231665752062, 32.155618619061244], [-4.538802762485364, 32.15517567019608], [-4.536802754941979, 32.155289613069726], [-4.53490207499901, 32.155043786122484], [-4.5332240942304765, 32.15551229864018], [-4.532826725876306, 32.15695124708851], [-4.528979843132758, 32.16004533158001], [-4.52497360031722, 32.15991442054018], [-4.522212177670623, 32.158603174797626], [-4.520321875997206, 32.158984439216916], [-4.519575515168225, 32.15845560491783], [-4.519544279468267, 32.156573675125514], [-4.520257887595816, 32.15513096495658], [-4.519910617791854, 32.15325283152372], [-4.520318592193896, 32.152441227363376], [-4.521256234352589, 32.15180252196858], [-4.521248790708521, 32.15135444337841], [-4.522494980860758, 32.150263850944235], [-4.524693645442599, 32.14943067374699], [-4.52510902289322, 32.149067133485644], [-4.52510006887064, 32.14852943990559], [-4.5260391304666525, 32.1479803165049], [-4.526671140421165, 32.14797269271346], [-4.527801421778156, 32.14625601293198], [-4.530302460184996, 32.14461238741846], [-4.531140613433952, 32.14433334800892], [-4.534621022725336, 32.14456008803185], [-4.535642779399124, 32.14266538996139], [-4.536586225364229, 32.142385037233716], [-4.537723773665801, 32.14111635115662], [-4.540128203675937, 32.14001151042344], [-4.5409708047067685, 32.14000125311852], [-4.541799832058572, 32.13918445497847], [-4.542952360086172, 32.13881187481989], [-4.543784378867126, 32.138174294355636], [-4.544941418829547, 32.13807054145555], [-4.546957679694217, 32.138942244652725], [-4.547878339631067, 32.13731758779387], [-4.5487224275792455, 32.13739689443087], [-4.5493422348838095, 32.13667224169156], [-4.551349399222282, 32.13700618667352], [-4.551952486375322, 32.13529576061421], [-4.553312519964015, 32.134741276318984], [-4.555211292759764, 32.13489722447305], [-4.555937870601318, 32.13426086159041], [-4.556032536290265, 32.133632265274656], [-4.557919100574883, 32.133071257784394], [-4.55885170289757, 32.13216344293068], [-4.559587384064297, 32.13206474663359], [-4.560732113571687, 32.13124393742413], [-4.562095085762271, 32.13086859054297], [-4.562404915351686, 32.130506233759554], [-4.564193707923547, 32.13039450678277], [-4.565146115036001, 32.13065163229807], [-4.5654452166974036, 32.12966196934841], [-4.565759621685749, 32.12956844728976], [-4.566391492807162, 32.129560629129536], [-4.567456871939005, 32.13026450442066], [-4.568088747344352, 32.13025667763896], [-4.57006051614871, 32.12852920670138], [-4.570567105813275, 32.127357692557375], [-4.571612513643821, 32.12689655169475], [-4.572024526088358, 32.12635363733051], [-4.5735933743414705, 32.12570671256882], [-4.574119909467129, 32.12570016577133], [-4.575078451290258, 32.126315672603106], [-4.575685650006602, 32.12487398821875], [-4.576949321270391, 32.12485825170766], [-4.577362834700771, 32.12440493481339], [-4.579149937269781, 32.124203386986906], [-4.580605665424456, 32.12310962340636], [-4.581344336999425, 32.12319003067824], [-4.5821713007378655, 32.12228336854559], [-4.583551070490932, 32.122893545546084], [-4.584063650931091, 32.122080436728865], [-4.585520835125024, 32.121076232629605], [-4.587312504662531, 32.12114341214988], [-4.588249347281292, 32.12050423204462], [-4.588238480585639, 32.11987693888144], [-4.589181516896298, 32.119596205535835], [-4.589384348075721, 32.11914549524148], [-4.590328927417802, 32.11895436691554], [-4.590428008101586, 32.118594591123134], [-4.592007477587964, 32.118574738040515], [-4.5933638916899895, 32.1178406111977], [-4.594082275435309, 32.11675597483854], [-4.596573484484913, 32.11466302994812], [-4.59825348914326, 32.114372934314545], [-4.599084892789561, 32.11373500717987], [-4.599823499890966, 32.11381530861259], [-4.599806303851825, 32.112829566702175], [-4.600115922444396, 32.11246712331248], [-4.600955117442087, 32.1122772490787], [-4.601055714405755, 32.112007079041575], [-4.601483133323403, 32.112360203807704], [-4.602108613153232, 32.11199375989129], [-4.6025376017824176, 32.11243649376842], [-4.603268367542089, 32.112068711488725], [-4.603447613063138, 32.11027378924819], [-4.604062100315701, 32.10928004685091], [-4.604791267107636, 32.10882264385765], [-4.605177910923847, 32.10684582495984], [-4.605693349424374, 32.10621186112319], [-4.605459258430598, 32.10487033974541], [-4.606717927340266, 32.10458547678674], [-4.607857172098985, 32.10349542433023], [-4.612263169010903, 32.102543075857795], [-4.613542270623009, 32.10342310866054], [-4.614598218639372, 32.10358891366106], [-4.615875778211473, 32.1043793092066], [-4.616824880776556, 32.10445682630119], [-4.617040180321577, 32.10472297430829], [-4.617563423678738, 32.10453702624998], [-4.617989287047941, 32.10480048252038], [-4.618107212928861, 32.105516034872196], [-4.619266891653983, 32.10559084219326], [-4.62012497087497, 32.10647618944484], [-4.620965647722725, 32.10637579757387], [-4.622342242846796, 32.106806328521806], [-4.624438376668701, 32.10624165994454], [-4.6256028312748265, 32.10658524436146], [-4.627907910613432, 32.10592820384591], [-4.628008421076061, 32.10565801494482], [-4.629164922624923, 32.10555350780778], [-4.631567259242244, 32.10444698938167], [-4.631771442765941, 32.104085829626804], [-4.634808568525157, 32.10315033316615], [-4.636472235842516, 32.10196362610009], [-4.637593490413799, 32.0998875926081], [-4.642510887129411, 32.09812089735149], [-4.645526807143732, 32.0960202081758], [-4.647313166075984, 32.09581772009258], [-4.647530139122076, 32.096173425367255], [-4.647951216320129, 32.096167946601675], [-4.648782100177891, 32.095529708091185], [-4.650986288712916, 32.09514246412289], [-4.652882724598419, 32.09520735846158], [-4.653718408570762, 32.094837921210626], [-4.6550933493698325, 32.09517848669726], [-4.656340388721683, 32.09426586480998], [-4.657391436615349, 32.09416248218237], [-4.658661112168502, 32.094504386442495], [-4.660123499805816, 32.09385780268375], [-4.661491957040848, 32.093839856681036], [-4.661589110987752, 32.09339042350849], [-4.66295918394565, 32.09346207226612], [-4.663687919380942, 32.09300434283302], [-4.666002116994237, 32.09288428934864], [-4.667670066452454, 32.09196602070864], [-4.668303275646562, 32.09204731272031], [-4.668418312902352, 32.09258358681763], [-4.670229001378152, 32.09372493007735], [-4.671599081751564, 32.09379648493672], [-4.672431406137189, 32.09324770716807], [-4.6729577291882105, 32.09324075558782], [-4.674721063874851, 32.09178334650953], [-4.676609245882166, 32.09139983831566], [-4.678058342823042, 32.090036175174525], [-4.678900427732209, 32.09002501518359], [-4.678997492615647, 32.08957557140597], [-4.681722759464049, 32.088911994240114], [-4.682564832477455, 32.08890081023989], [-4.683946351515266, 32.08959949996933], [-4.685102564054504, 32.089494490512244], [-4.685847610415319, 32.08993273181811], [-4.6869002110747155, 32.089918716276735], [-4.687436395476834, 32.09044936092595], [-4.689538307265571, 32.09024207593375], [-4.690599161946658, 32.0906760752707], [-4.691441247284391, 32.090664831722265], [-4.692081070828785, 32.09110444067961], [-4.693454424600378, 32.091354977817126], [-4.693880431118374, 32.09161817404435], [-4.693892007740109, 32.092245436758176], [-4.694844332582419, 32.09250158892445], [-4.696102514765522, 32.09221585177242], [-4.698324625706307, 32.09281348945486], [-4.702956178502511, 32.092751294601115], [-4.703390533238169, 32.093462500136056], [-4.704129039306797, 32.093542195636175], [-4.705839899955809, 32.0949532552056], [-4.706367889884459, 32.095035772822435], [-4.706907547791471, 32.09574554632575], [-4.710481563791539, 32.09542843072559], [-4.711014572007319, 32.09577975306248], [-4.714379713897331, 32.095554980164415], [-4.714805797176077, 32.09581810307251], [-4.715963714651064, 32.09580241827914], [-4.7160622770684855, 32.095442560381265], [-4.716792424729135, 32.095074141801334], [-4.719004651974639, 32.09513376261534], [-4.720789102345369, 32.09484063619346], [-4.721320463649343, 32.095102306284446], [-4.722363013379694, 32.094550348454305], [-4.723417329746039, 32.0946256352303], [-4.723619441630036, 32.09417473235915], [-4.725091437005638, 32.09406505896862], [-4.725296908581042, 32.09379336864112], [-4.726773952989145, 32.09395249819616], [-4.726891018596413, 32.09457831452926], [-4.728469965376036, 32.09455677365125], [-4.729829939323994, 32.09409005278481], [-4.729941958350397, 32.094447043855524], [-4.730468272529673, 32.09443985309829], [-4.730797581034968, 32.095152395092285], [-4.731542880053712, 32.09559035796471], [-4.731882348459382, 32.09684053926697], [-4.73294346427579, 32.09727417375606], [-4.732950233435124, 32.097632601944845], [-4.733586910136716, 32.09789277805135], [-4.734447674588559, 32.09886692305759], [-4.734687009908222, 32.100387357062], [-4.735744789216027, 32.10064175217556], [-4.7361046846405594, 32.102967200527324], [-4.735053656147328, 32.103071236964034], [-4.73455948494041, 32.10478097920766], [-4.736809268259201, 32.10681162927376], [-4.736824538640863, 32.10761808979889], [-4.737682037415934, 32.108412993631944], [-4.738014852496167, 32.109304724921785], [-4.7372014700739395, 32.110839597339414], [-4.738378246851589, 32.11180937374974], [-4.738502214631874, 32.112793600374005], [-4.73914241182505, 32.113232956784074], [-4.73915770651547, 32.11403941549086], [-4.740872883432432, 32.1156291779498], [-4.740675918717368, 32.11634892484059], [-4.74145377555752, 32.1184893412482], [-4.741289146620502, 32.120911609072806], [-4.741740961153391, 32.12251872783027], [-4.7423795400907975, 32.12286845804867], [-4.742827977441814, 32.124296359039334], [-4.744113698393944, 32.12544383435575], [-4.744557060343187, 32.12660290901773], [-4.745841128989142, 32.127660758464195], [-4.745992520166801, 32.1300786674466], [-4.7463203812914285, 32.130701550555784], [-4.745709043512683, 32.13178553850129], [-4.746357949048805, 32.13267288088412], [-4.745321957749791, 32.13358346712113], [-4.746806503124491, 32.134100761800795], [-4.747153180502092, 32.13570930591325], [-4.748725977601076, 32.13532906465814], [-4.749136948926358, 32.13478560876365], [-4.749874105308307, 32.13477541808085], [-4.750183183043118, 32.134412626537916], [-4.752600113931716, 32.13411029032297], [-4.7553415293923695, 32.13425155431124], [-4.755441686444603, 32.13398127726373], [-4.757445951566799, 32.13413271854179], [-4.7571558068550965, 32.135481185739884], [-4.758441863995026, 32.136628501648836], [-4.757846110024503, 32.13851899106511], [-4.758916432387407, 32.13940040985094], [-4.759056157470112, 32.14119104982395], [-4.758752255641811, 32.14182267780147], [-4.759627485664278, 32.143513462180906], [-4.7604820813371544, 32.144128978208], [-4.760183346858642, 32.145029424544674], [-4.760730614204191, 32.14609735834298], [-4.762222340751245, 32.146972880760316], [-4.76297683929992, 32.14785865944128], [-4.763311784746811, 32.14883990999879], [-4.7642614216252035, 32.14891630046972], [-4.765649630477919, 32.149882852677834], [-4.765666908039478, 32.15077889998162], [-4.766095122979567, 32.15113143846205], [-4.766003622384435, 32.15184974627472], [-4.767614659193364, 32.15344056585323], [-4.768560884389355, 32.1533377130489], [-4.7686800601368615, 32.154053076881205], [-4.767419569581213, 32.154249950308014], [-4.766561374022162, 32.15345527781725], [-4.764981444824751, 32.1534773293374], [-4.7638331861512775, 32.15403111654616], [-4.763095880353127, 32.15404139397727], [-4.762267042329117, 32.15476997305064], [-4.761669544197851, 32.15657087186293], [-4.760621389403722, 32.15685435026284], [-4.759284780286381, 32.15857589398547], [-4.7585560429350675, 32.15903417096934], [-4.757290297114774, 32.158962131501966], [-4.756247257403287, 32.159514390115994], [-4.755841381950407, 32.160326684704685], [-4.756278203532587, 32.16112728087394], [-4.756082999729225, 32.16193665102301], [-4.756547347003337, 32.164170925572385], [-4.754863600940248, 32.16428392510962], [-4.752666868023217, 32.16512104280272], [-4.750026442815029, 32.16479908590994], [-4.747311485341672, 32.16609142564657], [-4.746256333330064, 32.1660163682651], [-4.744790056375705, 32.1664847482945], [-4.743855613185715, 32.167214667547945], [-4.742492943731007, 32.167591963902325], [-4.741250954644835, 32.168774246554065], [-4.739788013131194, 32.16942178218953], [-4.739271490137704, 32.169966660998924], [-4.737483957452181, 32.170170487922086], [-4.736967416266664, 32.170715357882955], [-4.735066016045545, 32.17047256864503], [-4.733184992424201, 32.17130502242442], [-4.731835781989156, 32.172399055543465], [-4.7314364174933985, 32.17356970392319], [-4.730501793326343, 32.1742995299291], [-4.728496669187978, 32.174147691685675], [-4.727961434416746, 32.17370685908573], [-4.723125267243713, 32.17431061893202], [-4.723115141098593, 32.17377298036799], [-4.723737137629703, 32.17322672794021], [-4.723796908763987, 32.17080591857557], [-4.725977162007807, 32.16907322568688], [-4.726485308935775, 32.16808036679384], [-4.726566987517662, 32.16682443976429], [-4.726451498518797, 32.16628823946725], [-4.726025046091883, 32.16602517109707], [-4.724240928075166, 32.16640802218762], [-4.721583680577636, 32.16518940337918], [-4.720961723039541, 32.16573564443285], [-4.719704314833385, 32.16611126443241], [-4.719502041538642, 32.16656216231261], [-4.7178366848572715, 32.16766034613124], [-4.71660781256869, 32.169559252055585], [-4.716086104605031, 32.16983522050672], [-4.71524162280951, 32.169757045991744], [-4.71035213044632, 32.17313955889597], [-4.706055989165235, 32.174452401159584], [-4.705331858822957, 32.175179205586176], [-4.704177939308252, 32.17546364930517], [-4.703351764612044, 32.17637107737435], [-4.701461977759088, 32.17675503562009], [-4.699070341543513, 32.17849015720671], [-4.698219134325385, 32.17805344122999], [-4.6951669927982875, 32.1782736499687], [-4.693775728276774, 32.17712710176836], [-4.691554884903151, 32.176708676210446], [-4.690914446237454, 32.17626909054103], [-4.690078195800754, 32.17663878895358], [-4.687236792321314, 32.17685598914969], [-4.685993943142656, 32.178037756025425], [-4.684622595062732, 32.17796640094483], [-4.683159077717344, 32.17861329909668], [-4.683382994700399, 32.17932735998907], [-4.682762356546885, 32.179963031201915], [-4.680462462576831, 32.18097954636071], [-4.6793067374819, 32.18117415955554], [-4.677752557283886, 32.18262887264311], [-4.676499650285126, 32.1832729012322], [-4.674713318148575, 32.183565462309204], [-4.673987221271031, 32.18420248847764], [-4.672615783819427, 32.18413100600842], [-4.671896220346205, 32.18512645533569], [-4.670738784257341, 32.185231383758065], [-4.669800267277823, 32.185781562679814], [-4.666011799895573, 32.18610042523505], [-4.665175353045462, 32.18646996475572], [-4.664348685024701, 32.187377152764206], [-4.663925561403212, 32.1872930910073], [-4.6637066633366775, 32.18684781909054], [-4.661617119714897, 32.18786123008977], [-4.660660616883011, 32.187425643416965], [-4.660456378595866, 32.18778684762421], [-4.659201646812697, 32.18834110151461], [-4.659213029010334, 32.18896836578553], [-4.658799655819817, 32.18942194210503]]]}}, {"type": "Feature", "properties": {"id": 3, "name": "Subbasin 3", "Subbasin": 3, "AREA_HA_TOTAL": 25162.76, "HRU_COUNT": 31, "DOM_LANDUSE": "PAST", "DOM_LANDUSE_HA": 19253.62, "DOM_LANDUSE_PCT": 76.52, "DOM_SOIL": "I-Bk-X-2c-1237", "DOM_SOIL_HA": 17682.98, "DOM_SOIL_PCT": 70.27, "DOM_SLOPE_BAND": "25.0-9999", "DOM_SLOPE_BAND_HA": 17512.5, "DOM_SLOPE_BAND_PCT": 69.6}, "geometry": {"type": "Polygon", "coordinates": [[[-5.205901351219076, 32.20696007066778], [-5.205479902941072, 32.206967426299954], [-5.203854088886798, 32.205113815076025], [-5.20343264854006, 32.20512116351042], [-5.202770250089452, 32.20387806073694], [-5.2022499341593695, 32.20415598194934], [-5.201716662409396, 32.203896419535724], [-5.19978353663276, 32.202406576500415], [-5.198375096564854, 32.200817958818014], [-5.197416125380813, 32.20038654489104], [-5.197080675241819, 32.199585814077636], [-5.197375196801501, 32.19868451358834], [-5.19712787667295, 32.197165305778775], [-5.195698046206873, 32.19468084409098], [-5.195272348346093, 32.19450900165137], [-5.195130425188076, 32.192987957400376], [-5.193539474413918, 32.192567483980085], [-5.193517977109667, 32.191671674654316], [-5.1930879987864484, 32.191320662058644], [-5.1934749853661994, 32.18988005558307], [-5.193038568968376, 32.18926029936983], [-5.192187235452309, 32.188916592127406], [-5.192578525360714, 32.18765514983497], [-5.193092335501839, 32.18710852753993], [-5.193055805808875, 32.185585649830834], [-5.193969457222826, 32.1841359044312], [-5.193425582543325, 32.18342839483608], [-5.1935180244723265, 32.18288908093155], [-5.1923292681981055, 32.18165504269184], [-5.1910802865936, 32.18230402294059], [-5.189811979033484, 32.182146759943606], [-5.189377771616144, 32.181616568995366], [-5.188634001049355, 32.18136059099553], [-5.188505084492361, 32.180377019037735], [-5.1872046690931155, 32.178876006442124], [-5.186510574003814, 32.17628907224455], [-5.184700737305211, 32.17551378790023], [-5.184565456425699, 32.17426146370727], [-5.1835036433039585, 32.17392132880299], [-5.1831748381201335, 32.173389293807396], [-5.183359829821884, 32.17231067493411], [-5.183033169582263, 32.171868220997865], [-5.185027890439902, 32.17156491291412], [-5.1854342008362435, 32.17093056056816], [-5.185419220737964, 32.17030348850525], [-5.184346757284176, 32.169515449702125], [-5.184230743134547, 32.169069359834644], [-5.184950867323455, 32.16833996959469], [-5.184725255351507, 32.16771653618255], [-5.183562477009984, 32.16755738127366], [-5.18353040903219, 32.16621365294359], [-5.18224310628702, 32.16525006560577], [-5.1807558757959455, 32.164738006421324], [-5.180111178531063, 32.164211408163645], [-5.179797368534838, 32.16430643627298], [-5.178716492700097, 32.163160014968824], [-5.177229314142776, 32.16264791178351], [-5.1758602437215355, 32.16267147304952], [-5.175097500663771, 32.16160916424186], [-5.1734901613151925, 32.16047174819298], [-5.172832774439131, 32.15940761363081], [-5.1726093959745585, 32.15887373585842], [-5.176108964349693, 32.1554080474555], [-5.176504623524525, 32.15432581029095], [-5.177751216094901, 32.15358740118937], [-5.1793307539016915, 32.1535601970149], [-5.1797178360113625, 32.1521196221941], [-5.181888585587196, 32.150379436057165], [-5.18211199347487, 32.15091329663765], [-5.182859767146811, 32.15134849011278], [-5.183211983152905, 32.15286593446372], [-5.18415328330409, 32.15258082759484], [-5.184252172189624, 32.15231026316687], [-5.185618941369397, 32.15219703589343], [-5.187785293026846, 32.1502775895584], [-5.189566789562416, 32.14988829050228], [-5.190482318721739, 32.148528157712285], [-5.192478648572304, 32.14831433610327], [-5.193718585097071, 32.14730703344243], [-5.19770255912913, 32.146520934546025], [-5.198536300015226, 32.14614797303067], [-5.198632989017331, 32.14578781799617], [-5.199685910082149, 32.145769514256386], [-5.200513177416343, 32.145127796753], [-5.201667073170498, 32.144928483100266], [-5.202077466124268, 32.144473247285056], [-5.203551530778359, 32.144447580414834], [-5.204490516873031, 32.14407274742777], [-5.207230206735622, 32.14411459585869], [-5.208368949948423, 32.14328815701594], [-5.2097333777970345, 32.14308509550986], [-5.21034781055375, 32.14235741479419], [-5.210983859997932, 32.14252553733994], [-5.214443180957875, 32.141837705565806], [-5.215500379469405, 32.14199843294698], [-5.216849589399548, 32.14116823432048], [-5.2177928205397555, 32.14097246669941], [-5.218411513171396, 32.14042391040272], [-5.2216688118380725, 32.14009789885629], [-5.22238189000133, 32.13909957580987], [-5.2237462155891805, 32.138896367136105], [-5.224671999973961, 32.137983911234045], [-5.227080400004312, 32.13740383248695], [-5.227907392254241, 32.136761946899185], [-5.22937694673477, 32.13655682565017], [-5.230212638384675, 32.1362732440419], [-5.230725944517697, 32.13572648751235], [-5.231465074545435, 32.13580307197172], [-5.231769997439174, 32.13534960429061], [-5.233026779477673, 32.135058576352456], [-5.2339589840318705, 32.1344147957789], [-5.234770603356657, 32.133145813469525], [-5.235704962211527, 32.132591600504], [-5.238439903267885, 32.1324536293427], [-5.239887457639963, 32.13135260002068], [-5.241775787799346, 32.131050306037274], [-5.24249296019177, 32.13023103897572], [-5.243861484270536, 32.130206778510846], [-5.243957979857318, 32.129846596722686], [-5.246034844120683, 32.128644720658365], [-5.247723542807919, 32.12879397078318], [-5.248659972837345, 32.128329245785004], [-5.250026263094588, 32.12821534153673], [-5.250535003584891, 32.12748935456035], [-5.250611669660255, 32.12632296340308], [-5.252058976687161, 32.125221804766014], [-5.252034762324691, 32.12423644320518], [-5.252346149899534, 32.1240516664497], [-5.252335142320106, 32.12360377485796], [-5.25158949929316, 32.1232585734709], [-5.251565291815399, 32.12227321128577], [-5.251131045207714, 32.1217432310895], [-5.25267693140554, 32.120371460745446], [-5.252668125284247, 32.12001314734812], [-5.254428879917299, 32.11881676705276], [-5.25558450403376, 32.11870655907489], [-5.256224865199076, 32.11905361464023], [-5.256419944300628, 32.118422814579844], [-5.2560909462970296, 32.11789097495484], [-5.256384664918697, 32.11698956411344], [-5.256055672782529, 32.11645772404262], [-5.256467870486886, 32.11609190592495], [-5.260995988564552, 32.116100713178234], [-5.2616385596475235, 32.11653731922217], [-5.261651819678108, 32.11707478627669], [-5.263145287514775, 32.117854645227744], [-5.264191203711925, 32.11756708634269], [-5.2647064135321795, 32.11710978200399], [-5.26607250648357, 32.11699571273951], [-5.266999857233018, 32.1161725507381], [-5.267427516887355, 32.11643374144675], [-5.269960252285154, 32.11665719302009], [-5.2699513799107205, 32.116298883695315], [-5.271093629878171, 32.115651072549724], [-5.2726346637220916, 32.11409992092637], [-5.274719667905465, 32.113255912953335], [-5.275111768499994, 32.11208384431059], [-5.276247256987965, 32.11116725920482], [-5.276981759919448, 32.111064431260125], [-5.279059972916239, 32.10995162569881], [-5.279331175870058, 32.10815440339822], [-5.280788983144689, 32.10750082605135], [-5.281917670998399, 32.106315464404624], [-5.282862608233446, 32.10620880985901], [-5.283502973664087, 32.10655572723566], [-5.284586624918216, 32.10779080980031], [-5.28494956438591, 32.105454221457435], [-5.285885557127732, 32.1049892388352], [-5.285876626574867, 32.1046309328252], [-5.287432863462769, 32.10370665361492], [-5.288176229604939, 32.10396206943433], [-5.289221898347694, 32.10367431389341], [-5.290142193325677, 32.10258226754379], [-5.292535750503267, 32.10146354387452], [-5.293142523763309, 32.100466770899274], [-5.295791288642852, 32.101135696929994], [-5.296098021070815, 32.100771667664745], [-5.2960666303894195, 32.09951760466917], [-5.2969800733496815, 32.098156785872725], [-5.298236104649921, 32.09786514131357], [-5.299057739974332, 32.097043674419446], [-5.299592865947402, 32.09739242182007], [-5.299606338398412, 32.09792987627194], [-5.300038487318402, 32.09837010849886], [-5.303490841313919, 32.09750079259252], [-5.303578076400575, 32.09678227395781], [-5.304296675104888, 32.09605226562071], [-5.304925788910804, 32.09595119741731], [-5.304804809421187, 32.09532608499875], [-5.305422663248928, 32.094777137455765], [-5.305299431801812, 32.09406245005843], [-5.304347906472565, 32.09390053888487], [-5.304656831218679, 32.09362606667126], [-5.304643331444593, 32.09308861376518], [-5.304325409824276, 32.09300478385702], [-5.30462983203049, 32.09255116080837], [-5.3056753125848, 32.09226327722879], [-5.3065930464208035, 32.09108154839038], [-5.307627240164435, 32.09034577291696], [-5.308377304372155, 32.0908697988582], [-5.310562136354726, 32.089844168316624], [-5.310539582614292, 32.08894841664318], [-5.311038607186445, 32.087863913711494], [-5.311866808010729, 32.087311097337256], [-5.3107853192205265, 32.086165825756915], [-5.311926895276343, 32.085517673849765], [-5.311460918775547, 32.08373385355157], [-5.311973444948635, 32.08318679901118], [-5.313746243617468, 32.082527105813725], [-5.315606148814494, 32.08114886543367], [-5.317186551145208, 32.08120957345902], [-5.318618757791061, 32.0795702671934], [-5.321027203048937, 32.079078067858234], [-5.322358634414342, 32.07761980081363], [-5.323500019518312, 32.07697155250389], [-5.3239026976154875, 32.07624723527387], [-5.3253619303142266, 32.075682754226875], [-5.327429648923884, 32.07421091580786], [-5.329517752475624, 32.07354521414151], [-5.330338890775646, 32.07272356453657], [-5.331704198987401, 32.072608820526796], [-5.331903222421205, 32.07215707668255], [-5.333680204489607, 32.07167626789079], [-5.335233106266987, 32.07066187117616], [-5.336705849425258, 32.07063470913515], [-5.337741846054409, 32.06998828127175], [-5.338267821182691, 32.069978572273904], [-5.339491369164112, 32.068432510439166], [-5.343038222804089, 32.067201945514626], [-5.344177038770113, 32.06646394939696], [-5.344375988178554, 32.06601218906728], [-5.345951549199313, 32.065893402906674], [-5.3474013125430435, 32.064970388362234], [-5.350346588764144, 32.06491577297811], [-5.3509616701293785, 32.06427705022619], [-5.3533695058348, 32.063784261549706], [-5.353465512794669, 32.06342401612766], [-5.354201816998767, 32.06341033404557], [-5.354403006210547, 32.06304813315449], [-5.355658344596935, 32.06275594847219], [-5.3566872184772425, 32.06184065749181], [-5.358674218985473, 32.061355598890415], [-5.359593262679537, 32.06026309975943], [-5.3597576127264475, 32.058467732347395], [-5.360473162267059, 32.05764786385348], [-5.360758780534447, 32.05647754277736], [-5.360747273565823, 32.05602968065846], [-5.359784574233122, 32.05542030895262], [-5.3611426639018305, 32.055036543794465], [-5.362827784638353, 32.055094741844016], [-5.363232363199929, 32.054459888779945], [-5.3639616773686685, 32.05417743664041], [-5.363950155823926, 32.05372957539534], [-5.366373779049934, 32.05386356013361], [-5.366780634485546, 32.05331826913098], [-5.366860430708006, 32.05233101147383], [-5.368078647323417, 32.05060555941419], [-5.368597574505761, 32.05032701379662], [-5.368876145411596, 32.048887963191476], [-5.369703636865783, 32.04833479849162], [-5.370206377354185, 32.047429243456044], [-5.370835067430193, 32.04732786619617], [-5.372592841273467, 32.04612996747548], [-5.375212707650154, 32.04572242352037], [-5.375294726212521, 32.04482473576896], [-5.375900240485293, 32.043827618235674], [-5.380144629883742, 32.04114913079298], [-5.381266576864918, 32.039783828625765], [-5.3820985513048365, 32.039409732307355], [-5.384937778521754, 32.039356328990365], [-5.385659928521178, 32.03880504703969], [-5.385517590318867, 32.037373889532894], [-5.386452353349653, 32.036908215855696], [-5.386538908854481, 32.036189667414575], [-5.387377804458158, 32.036084251807075], [-5.387578806633438, 32.03572200592665], [-5.38724474773653, 32.035011380772914], [-5.387324320328295, 32.03402411895579], [-5.387649073143294, 32.03437646022117], [-5.389016029087986, 32.03435069919283], [-5.389343116645288, 32.03479260660226], [-5.390296458798976, 32.0350434731721], [-5.390289474055657, 32.03477476076294], [-5.391759254258819, 32.03465741583771], [-5.393425342650222, 32.033998658846635], [-5.393416017873867, 32.033640376392604], [-5.394346036217082, 32.03299550681147], [-5.395818113241255, 32.032967686875246], [-5.395404519186173, 32.03324434865092], [-5.395589001773861, 32.03628775684439], [-5.395173059557921, 32.03647484803621], [-5.394979085653035, 32.03710581596327], [-5.3951285696986195, 32.038805667084866], [-5.395451035575253, 32.03906841542413], [-5.395271060588118, 32.04023680614805], [-5.395806180070062, 32.04058514804161], [-5.395848196059236, 32.04219741431677], [-5.396166007138911, 32.042281019394316], [-5.3953480742343505, 32.04319262862268], [-5.395712575222853, 32.04506764116625], [-5.395824741024056, 32.04533436368082], [-5.396458050560781, 32.045412001752915], [-5.397257261037544, 32.04781647180832], [-5.398217769843511, 32.048335981023364], [-5.3989866608095545, 32.04957602528354], [-5.400379564983379, 32.05053540033357], [-5.400393602070201, 32.05107281982974], [-5.401134462778712, 32.051238009626175], [-5.401566841334669, 32.051677885414634], [-5.401985177035326, 32.05158034072389], [-5.402310050133793, 32.051932637766434], [-5.403256574912882, 32.05191468662376], [-5.404745352268364, 32.05251373586393], [-5.40726708153668, 32.05237623176331], [-5.4071666044761635, 32.05255736892845], [-5.407905139859249, 32.05263294848817], [-5.407912180919454, 32.0529016566667], [-5.408856363821193, 32.05279409388251], [-5.410459756738453, 32.05374935061138], [-5.410473854494121, 32.054286765849355], [-5.410791718999075, 32.054370331389606], [-5.4122641203540045, 32.054342303933915], [-5.412981503619159, 32.053611731478824], [-5.4152999620251805, 32.053746779406715], [-5.415631956155271, 32.05436774589848], [-5.416683667829813, 32.05434768787337], [-5.417120845313733, 32.05496664352843], [-5.417165614906009, 32.05666844957698], [-5.416763768104776, 32.05739302593191], [-5.417401885566195, 32.05764969161443], [-5.41784615658103, 32.058537349461126], [-5.4189983732577325, 32.05833612523535], [-5.419718088407736, 32.057695084674336], [-5.419706293666301, 32.05724724194526], [-5.420736796032322, 32.05642103213602], [-5.42263463482518, 32.05656397985304], [-5.4229643266456815, 32.05709535560151], [-5.4242382278042625, 32.05751905134077], [-5.424565568699549, 32.05796085400179], [-5.424488758250524, 32.05903768552056], [-5.425549975611996, 32.05937582394457], [-5.4258915210242, 32.060355031057526], [-5.4254826361083826, 32.0608109278082], [-5.4254129310742485, 32.06215646334247], [-5.4246861321777065, 32.062528831209946], [-5.4237749643172455, 32.063890470628635], [-5.424209873770903, 32.06441982823651], [-5.425364510635964, 32.06430811140202], [-5.425626913132383, 32.066274580213104], [-5.427008506375636, 32.066785794241184], [-5.426499148583572, 32.06742284636306], [-5.426742653706696, 32.06867276699485], [-5.428257897154228, 32.07025676366592], [-5.429099404166158, 32.070240627037506], [-5.42961586667891, 32.06987226797169], [-5.4314040589860415, 32.06983795216959], [-5.433178009143018, 32.06926620629013], [-5.434660123132737, 32.06959617666406], [-5.435417811527173, 32.07038812640617], [-5.437194120388853, 32.06990589222809], [-5.43793043135258, 32.06989172119984], [-5.437937564927366, 32.07016042266742], [-5.441937065983921, 32.070172985766476], [-5.441944211353267, 32.07044168641868], [-5.443204078259092, 32.07032777613988], [-5.445326903613917, 32.07100370913676], [-5.445754812012081, 32.07126428453303], [-5.445766740125618, 32.07171211759111], [-5.446727757716823, 32.072231231202906], [-5.447069582354921, 32.0732103658777], [-5.447385153281383, 32.07320426795459], [-5.447413802423945, 32.074279065593615], [-5.446598523962093, 32.07528055725872], [-5.4467371342212445, 32.07653245576721], [-5.446213549848705, 32.07663218329246], [-5.447169848140163, 32.076972157600544], [-5.446859038633292, 32.077157388542254], [-5.446985719797434, 32.07796145394069], [-5.4466725195480254, 32.07805711813064], [-5.446694004047041, 32.07886321619151], [-5.446277990283146, 32.07905047850302], [-5.446287537671824, 32.07940874437169], [-5.446708327523803, 32.079400614834555], [-5.446935435025278, 32.08002351446297], [-5.447107491780537, 32.08252934042257], [-5.446284980926991, 32.08326213348645], [-5.446191714754835, 32.083711997934564], [-5.447478027588709, 32.08458326636939], [-5.447631005230394, 32.086372558637045], [-5.446588502423208, 32.08675115681979], [-5.44489089010339, 32.08624627287635], [-5.442052723102666, 32.086390656463365], [-5.441973734012773, 32.08737791863704], [-5.443166778902928, 32.08869909181227], [-5.441308770261974, 32.09007912007438], [-5.439199804271975, 32.089940542553855], [-5.43805915132517, 32.090589801384255], [-5.437968219205339, 32.091129228502346], [-5.437145558812801, 32.09186196863321], [-5.437269805242615, 32.0925764783677], [-5.437805390790021, 32.092924617345126], [-5.437721595238419, 32.09373274479762], [-5.436697995513147, 32.094827802199546], [-5.435550131256265, 32.09520834100181], [-5.435564398561661, 32.09574574272922], [-5.4348468969149275, 32.09647644609441], [-5.433275753930558, 32.09677549255361], [-5.432450631317888, 32.09741863876585], [-5.43147754347026, 32.09645159154145], [-5.430212551863759, 32.096386268364455], [-5.429782189699958, 32.09603607760213], [-5.428734753441467, 32.09623540239389], [-5.428665104396559, 32.09758093184747], [-5.428148489265995, 32.097949293390556], [-5.427096287226578, 32.09796947088064], [-5.42553456068948, 32.09862669382524], [-5.425464865101011, 32.099972223438265], [-5.424206926641785, 32.10017554527195], [-5.423384073909814, 32.10090820431074], [-5.421817538957429, 32.10138624932307], [-5.420896522954372, 32.10238961008704], [-5.417854415146277, 32.102806205347385], [-5.417548179508165, 32.10317050685091], [-5.415123239266409, 32.103037569767], [-5.414510741579944, 32.103766160014814], [-5.41357547624733, 32.104232062569324], [-5.412974742053584, 32.10540848777007], [-5.412345718694536, 32.105510090522394], [-5.411735538441499, 32.106328237320135], [-5.41121173824778, 32.106427829726755], [-5.409977210708767, 32.10752670036398], [-5.407896077896022, 32.108462441465], [-5.407697369795559, 32.10891428826032], [-5.408235303557096, 32.109352121020216], [-5.408287060829525, 32.11132262923829], [-5.409709287331667, 32.11335666426817], [-5.411603592250397, 32.11332058311907], [-5.41415291339315, 32.11416811208894], [-5.414695627257467, 32.114785050203416], [-5.414602182819976, 32.11523489845867], [-5.415448830880425, 32.11539796854319], [-5.415671114736712, 32.11584179111501], [-5.4160920812312385, 32.11583375515752], [-5.416393639828505, 32.11529031961076], [-5.417235567138081, 32.11527424173943], [-5.4173313604123985, 32.114913960059496], [-5.419120446560709, 32.11487977500796], [-5.419665561198397, 32.115586257637716], [-5.420194131005914, 32.11566576363635], [-5.422076636126406, 32.1151816854894], [-5.423236647432291, 32.11524909258428], [-5.4234400245712795, 32.11497635982201], [-5.4242843132808245, 32.115049802670974], [-5.424695797183619, 32.114683468644614], [-5.425755303048866, 32.11493200377584], [-5.426405707846455, 32.11563643761112], [-5.42714476312305, 32.11571187862834], [-5.429658664674922, 32.11521557791543], [-5.430711062500646, 32.11519536950282], [-5.4308234274842535, 32.11546204914961], [-5.431880579503602, 32.115620964751535], [-5.433452047198635, 32.11532192038246], [-5.4333753389361625, 32.116398745653356], [-5.433702951667058, 32.11684050847948], [-5.433906299721646, 32.11656776029935], [-5.436008738433202, 32.11643769599694], [-5.436015879247322, 32.116706395874175], [-5.4367501853244855, 32.11660264675983], [-5.437082577267943, 32.1172235330901], [-5.438340710005231, 32.11702007363439], [-5.438558340857781, 32.11728471736108], [-5.43940265626578, 32.11735805762097], [-5.439127450055924, 32.118886771846114], [-5.439866537188043, 32.118962136684225], [-5.440414217074743, 32.11975808673943], [-5.441359028705968, 32.11965025059576], [-5.441789549482005, 32.12000039316458], [-5.443480621781892, 32.12023658813855], [-5.443504501343457, 32.121132248814476], [-5.4439350371774715, 32.121482383259135], [-5.444576068823345, 32.12182844988636], [-5.445099910330699, 32.12172871698257], [-5.447778905341094, 32.1234691647047], [-5.449044272827322, 32.1235342929339], [-5.449919778893201, 32.12477191251535], [-5.450551273968516, 32.12475968425686], [-5.45108710262172, 32.12510775363337], [-5.451503308187664, 32.12492046691517], [-5.452252037313531, 32.125354018123176], [-5.454361827104584, 32.12549233614107], [-5.455930969071723, 32.125103442928975], [-5.456892619516928, 32.125622444836196], [-5.457430877779674, 32.12606005091452], [-5.457131940032356, 32.12669313831781], [-5.457694230571268, 32.128026393116954], [-5.457316460658919, 32.129646740589514], [-5.457383728985605, 32.1321545603871], [-5.456977113776463, 32.1327001272783], [-5.456807434426976, 32.13422682019835], [-5.4558793089921895, 32.134961733342145], [-5.455580335392504, 32.13559481823234], [-5.45570960961033, 32.136488425403535], [-5.45669540689897, 32.137903071752376], [-5.456738652754503, 32.139515240399746], [-5.4571717304840845, 32.13995488697382], [-5.458140761431205, 32.14074256469133], [-5.461198311311896, 32.14086233711659], [-5.461954441744123, 32.14156451480572], [-5.461643454335167, 32.14174978972095], [-5.4616603081167066, 32.142376741535394], [-5.462081382031184, 32.14236854668933], [-5.462193875233378, 32.142635191266486], [-5.461246456008252, 32.14265362868066], [-5.46094509180167, 32.14319716039648], [-5.459684262911055, 32.14331129462047], [-5.459691480586965, 32.14357998859368], [-5.456643450859361, 32.14381844359442], [-5.456636242055604, 32.14354974901556], [-5.454846646339724, 32.14358449159738], [-5.4536982712535576, 32.14396521885138], [-5.45318631396599, 32.144512818287076], [-5.45233934302065, 32.14435001808906], [-5.451923053701492, 32.14453731130522], [-5.451932647398217, 32.14489557195247], [-5.450987595021097, 32.14500349892786], [-5.450994787663906, 32.1452721945841], [-5.450473218300306, 32.145461523139424], [-5.449525761507695, 32.14547987425527], [-5.449535346179655, 32.145838135492916], [-5.447956243445515, 32.14586870536771], [-5.447755274089986, 32.14623104155743], [-5.446913081528638, 32.146247336271244], [-5.4469202625671835, 32.146516032694706], [-5.445666538686342, 32.14689872673967], [-5.445673716249694, 32.147167423386065], [-5.443996483334642, 32.14746867732726], [-5.443793104028362, 32.14774144241641], [-5.438950393332395, 32.14783491288804], [-5.438129647745567, 32.14865724406159], [-5.437500366804729, 32.14875898447083], [-5.436866316107274, 32.148681589588506], [-5.436753886560336, 32.148414919443795], [-5.434964169188864, 32.14844938553784], [-5.43540434053731, 32.149157807828736], [-5.435774987112313, 32.151211748052276], [-5.436308541733676, 32.15147030778636], [-5.437294226441855, 32.15288510919305], [-5.4366839899907475, 32.15370337533737], [-5.436530645531095, 32.155857017211936], [-5.4372100636275595, 32.15763616486227], [-5.4371477096262275, 32.15925038113077], [-5.437724263397846, 32.16112111837303], [-5.437408387549713, 32.161127207018346], [-5.437422702205221, 32.161664602403526], [-5.436494147934771, 32.16239939159672], [-5.437020615302599, 32.1623892468646], [-5.437669078740974, 32.163004031338154], [-5.438303229964013, 32.16308141714268], [-5.438446715901541, 32.16451243956282], [-5.437814941048582, 32.16452462081284], [-5.437829259971743, 32.165062015746464], [-5.435969693229869, 32.16644203034907], [-5.434497900911621, 32.166559987037196], [-5.431812516327473, 32.16858312330822], [-5.43086004704047, 32.16842221389238], [-5.430237759290069, 32.16879262366767], [-5.430350199289928, 32.169059298532126], [-5.428923539969883, 32.17087895264143], [-5.428397020601828, 32.17088906605245], [-5.427473054609728, 32.171802928875415], [-5.426321826381847, 32.172093862238924], [-5.4260201637661245, 32.17263732326498], [-5.424971851550872, 32.17283665784367], [-5.4244666870556175, 32.17365285468814], [-5.42363609480718, 32.17411683984602], [-5.423290805848421, 32.17699104634273], [-5.422871933464764, 32.17708868649829], [-5.422993856823722, 32.177713634665395], [-5.421861515260213, 32.17872106482133], [-5.419439303737129, 32.17876744322569], [-5.418929320410643, 32.1794044874978], [-5.418962492223854, 32.18065842356787], [-5.418119964852184, 32.18067454199356], [-5.417818227244487, 32.1812179865042], [-5.415522555048459, 32.182068382010534], [-5.415532020133744, 32.18242665023905], [-5.414902476532692, 32.18252829013081], [-5.414909573635857, 32.18279699140786], [-5.413645748998294, 32.182821127875485], [-5.413652842490567, 32.18308982938945], [-5.411876593184729, 32.18366140518026], [-5.411050568024276, 32.184304449042784], [-5.41030387758272, 32.18396023877293], [-5.4101891124641135, 32.183603977304855], [-5.408827031732939, 32.18389877649688], [-5.406476975106206, 32.18268896003367], [-5.404887762576011, 32.18236075221878], [-5.403202658316568, 32.182392797475956], [-5.402889054884512, 32.182488371354175], [-5.4023907001987554, 32.183573194585456], [-5.400293693646278, 32.183971479570474], [-5.399888866962904, 32.184606454462546], [-5.393068711059525, 32.18572148977784], [-5.3917954523596805, 32.185387135658644], [-5.386325633976237, 32.18575934933619], [-5.38600031041843, 32.18540703791677], [-5.383666834736865, 32.18482376828785], [-5.38020981237245, 32.18560581310717], [-5.378030612805987, 32.18690141261569], [-5.37403286077451, 32.18715578256643], [-5.371912378158114, 32.18665790794219], [-5.3700165009784095, 32.18669346727632], [-5.3683405559580875, 32.18708333207905], [-5.367724832170901, 32.18772216145146], [-5.364864753418396, 32.187148405117156], [-5.3644596603902235, 32.18778327856575], [-5.363617033808543, 32.187799037057566], [-5.362790612672524, 32.188441782924066], [-5.358692012137447, 32.18887678252801], [-5.358066963924023, 32.189157285614286], [-5.356553975355486, 32.19178430257019], [-5.355502948296106, 32.19189350698133], [-5.354889408237745, 32.19262184998034], [-5.353943703494741, 32.19272907944812], [-5.352466710148947, 32.192666963240484], [-5.350641462291068, 32.191356710730055], [-5.3499041279153685, 32.19137042051517], [-5.349492003533555, 32.19173653769233], [-5.348120359927813, 32.19167241180435], [-5.346458009781108, 32.19259942305036], [-5.345720663170563, 32.192613108914514], [-5.345042688841493, 32.190833405890054], [-5.344197725181028, 32.19075946474962], [-5.342892399951184, 32.18917060957477], [-5.342883216945436, 32.18881232279067], [-5.343400687428616, 32.18844427377886], [-5.342736566184694, 32.18720198406565], [-5.342461892453582, 32.18882013108535], [-5.340879630387088, 32.18875982787773], [-5.339636288502617, 32.18958937562134], [-5.339004294865123, 32.189601071563764], [-5.338912714134905, 32.19014045221429], [-5.337554838398555, 32.19061364207937], [-5.337041911504222, 32.19116081279023], [-5.336409905835057, 32.1911724962747], [-5.336206105426282, 32.1914451063434], [-5.331674421603532, 32.19143916661984], [-5.329695886101479, 32.192371793839335], [-5.32874557774012, 32.19229969084837], [-5.328452388494008, 32.1932012381094], [-5.328429205584973, 32.19642779001589], [-5.32791162765796, 32.19679578219969], [-5.325181863642826, 32.19720448882335], [-5.324455860885739, 32.19766591613753], [-5.323402433515396, 32.197685285506005], [-5.322864334984228, 32.19724710262754], [-5.320633946658979, 32.19657115583152], [-5.318950750968357, 32.19669166385678], [-5.315819996632965, 32.19791405951306], [-5.313811661915892, 32.197681997109484], [-5.313078791819876, 32.19787464147067], [-5.312774095706452, 32.19832829224067], [-5.312352718336859, 32.19833600225573], [-5.311214319936278, 32.199163359762174], [-5.310866570285726, 32.19791510822798], [-5.310223183528581, 32.19747879478818], [-5.31020506781735, 32.1967622054818], [-5.309884511435493, 32.196588834074376], [-5.309740682496089, 32.19506800613441], [-5.308241024872548, 32.19410963519989], [-5.308545731467969, 32.19365599469599], [-5.310009160324031, 32.193181182740084], [-5.310779402182016, 32.190299420663955], [-5.3104611323650985, 32.19021562329849], [-5.310225559805478, 32.1892341623344], [-5.30947916913152, 32.188889340407016], [-5.3090374711748085, 32.188090872705835], [-5.3081789767555945, 32.18747924462218], [-5.308163145612555, 32.18685222708687], [-5.308857484031365, 32.18513685812883], [-5.309901725338917, 32.184759321159575], [-5.31072171777797, 32.183848183704136], [-5.311665138111634, 32.183651705827806], [-5.31165607936859, 32.183293410767284], [-5.312478306759641, 32.18247183687902], [-5.3125632437283254, 32.181663746699826], [-5.31420763933847, 32.180020584078385], [-5.315144208214941, 32.17955536144939], [-5.317296964643378, 32.17718592993982], [-5.317715973052698, 32.177088634483006], [-5.318629784513893, 32.17572765361735], [-5.318815439434369, 32.17473848303534], [-5.320358830709458, 32.173276327813845], [-5.319903493703395, 32.17194045683683], [-5.317962454951649, 32.170183751670976], [-5.3171471895154285, 32.171274076071484], [-5.314534763382766, 32.17212845950592], [-5.311059395142792, 32.172192027664636], [-5.3102259292068235, 32.17256571981977], [-5.304424570839804, 32.17231312025748], [-5.301590077994629, 32.17272320891471], [-5.300655754513064, 32.17327790609792], [-5.299396460858647, 32.173480044277134], [-5.297915274979648, 32.17323812447893], [-5.297086239640882, 32.17379088244758], [-5.293720575682412, 32.17403121376764], [-5.291318460417864, 32.17488130928889], [-5.289637841302765, 32.17509098576498], [-5.285256947994113, 32.17687294536627], [-5.2835718002875005, 32.176903392226606], [-5.281070884395941, 32.178023929776806], [-5.280875876447064, 32.178654760435045], [-5.278549818123362, 32.178338237226264], [-5.276048796232359, 32.17945867974771], [-5.274365817912805, 32.17957858227101], [-5.273617403270338, 32.17914396198572], [-5.271098495966556, 32.17954769961321], [-5.270067474281557, 32.180462379295854], [-5.269334631729821, 32.18065476826677], [-5.2688235533727905, 32.18129125544301], [-5.267566281338007, 32.18158266094837], [-5.266949856285871, 32.18222103039093], [-5.266317881203018, 32.18223236081017], [-5.26538545293534, 32.182876387283265], [-5.264751253939508, 32.1827981333765], [-5.26350503351595, 32.18353738375334], [-5.262353042086316, 32.18382685353286], [-5.258561107644778, 32.183894653939696], [-5.257736149366494, 32.18462632231246], [-5.257652936062735, 32.18552397462071], [-5.255877734741678, 32.186182981139005], [-5.249050803069142, 32.18711117206266], [-5.248741404960605, 32.1873855266369], [-5.247271098048678, 32.187590906295085], [-5.246860758911186, 32.18804628457053], [-5.246015859248895, 32.18797168187472], [-5.2448747459937035, 32.18870888633182], [-5.244135179162251, 32.18863240060935], [-5.242890900478903, 32.18946103607517], [-5.24109793596085, 32.189403218415876], [-5.240239854596226, 32.18879110871557], [-5.239610017077745, 32.1888918858941], [-5.237626119209908, 32.18964395506896], [-5.235556563287192, 32.191204063061605], [-5.234088345699707, 32.19149887172557], [-5.233888607375637, 32.19195048756064], [-5.2331533964054655, 32.19205309538919], [-5.232117467066091, 32.19278832999986], [-5.230750182513938, 32.192902083893706], [-5.230322248649463, 32.19264078339015], [-5.2300171448471415, 32.19309425265151], [-5.224793525307831, 32.19497864680166], [-5.2247012615460475, 32.19551797498414], [-5.223555514903237, 32.19607583987571], [-5.222846401572579, 32.197253338638795], [-5.222218660017301, 32.19744361155589], [-5.220161715347112, 32.19954096028641], [-5.2181882855544, 32.20074063691837], [-5.217779914814918, 32.20128550828685], [-5.21558266963563, 32.20195136776435], [-5.214417244559118, 32.20170293971514], [-5.213484236423287, 32.20234660649021], [-5.213394070689869, 32.20297550870511], [-5.212779285133117, 32.203703214770776], [-5.210898017211268, 32.204363462264226], [-5.209971457412401, 32.205275844363406], [-5.207877248535449, 32.2058501538778], [-5.205901351219076, 32.20696007066778]]]}}, {"type": "Feature", "properties": {"id": 9, "name": "Subbasin 9", "Subbasin": 9, "AREA_HA_TOTAL": 23023.54, "HRU_COUNT": 35, "DOM_LANDUSE": "PAST", "DOM_LANDUSE_HA": 18795.48, "DOM_LANDUSE_PCT": 81.64, "DOM_SOIL": "E12-2c-1152", "DOM_SOIL_HA": 15596.9, "DOM_SOIL_PCT": 67.74, "DOM_SLOPE_BAND": "25.0-9999", "DOM_SLOPE_BAND_HA": 16087.83, "DOM_SLOPE_BAND_PCT": 69.88}, "geometry": {"type": "Polygon", "coordinates": [[[-5.02584136159638, 32.372009835027946], [-5.0242478910413855, 32.37158733483206], [-5.0215051927239385, 32.371720972385404], [-5.02149920777338, 32.3714522074345], [-5.01738017378835, 32.37142858037249], [-5.016816521800454, 32.36982443263353], [-5.015972013936558, 32.36983794217964], [-5.013990155146363, 32.37094506969997], [-5.0126217826191235, 32.37114616738698], [-5.012191578498341, 32.37079455370439], [-5.0114966547801085, 32.368027407567006], [-5.009985073774091, 32.36652796883275], [-5.009784333544689, 32.36222937689859], [-5.009234754495295, 32.36125230937333], [-5.007639560781889, 32.36073999861893], [-5.006140042359336, 32.35977804063869], [-5.00602657466201, 32.3594213628775], [-5.005604366352687, 32.35942808031242], [-5.005484966584001, 32.3588026338087], [-5.004843747903575, 32.3584543488626], [-5.004612872888412, 32.35756181127913], [-5.000783465838, 32.356278326703034], [-4.999407387336524, 32.3561209147809], [-4.998334161967398, 32.35533134045341], [-4.995468623602042, 32.35465975698073], [-4.992900110032466, 32.35308720059232], [-4.991000288727681, 32.353117214979704], [-4.990148072210226, 32.35277218431191], [-4.989610534859545, 32.352332561226255], [-4.989598762620378, 32.35179501914387], [-4.989176585506429, 32.35180168019284], [-4.98893019328353, 32.350192383023945], [-4.987861047270824, 32.34958189336684], [-4.985744335349988, 32.3493463816157], [-4.984106431619498, 32.346862763594196], [-4.982922042952725, 32.34580593556546], [-4.9811103216219905, 32.34502781754688], [-4.980543586165747, 32.343244287559564], [-4.980590548546157, 32.340554900636796], [-4.980162565743974, 32.34029275641654], [-4.980352156682319, 32.3393039409348], [-4.979928083665351, 32.339220977711804], [-4.979597834429219, 32.33859881009891], [-4.979267783135206, 32.3331370635712], [-4.9800064457815925, 32.333125469778864], [-4.9802096868010235, 32.33276379195523], [-4.981370436771732, 32.332745562720355], [-4.98114182140908, 32.33194255813607], [-4.980612260842203, 32.33186125321363], [-4.9801784666953495, 32.331330333662756], [-4.97753069335595, 32.33092376528374], [-4.976348542985205, 32.329956453174674], [-4.970193440422661, 32.328439548847115], [-4.969130495726904, 32.328097658719486], [-4.968911700224884, 32.32774258577877], [-4.968982300630431, 32.326128285905035], [-4.969595991720353, 32.325222484076946], [-4.969476895806058, 32.32459698876503], [-4.970502918469849, 32.323236633885486], [-4.970899729430349, 32.32206534737203], [-4.9712143206007875, 32.321970809857966], [-4.971302355928186, 32.32116283514942], [-4.971718569142748, 32.320887464191145], [-4.970956706630795, 32.31982390388723], [-4.97199625177842, 32.31909068140687], [-4.971947699202094, 32.316850886696805], [-4.971607885042688, 32.31578073159575], [-4.970218875445122, 32.31499583071031], [-4.970191714126473, 32.31374154362063], [-4.969648691413907, 32.31303304409334], [-4.969725099692269, 32.31168751722504], [-4.970240955106094, 32.31114172928745], [-4.969567242262521, 32.30927017955088], [-4.970495368119974, 32.30826984319345], [-4.97112833791084, 32.30825995668669], [-4.9713335055527335, 32.30798788459176], [-4.970907646432874, 32.30781529260776], [-4.970675317098229, 32.306833075953435], [-4.968764807434959, 32.306325165247195], [-4.968749303112623, 32.30560842818742], [-4.968216030490735, 32.305347880118035], [-4.968200531072895, 32.304631142710456], [-4.967555964924177, 32.304103460235304], [-4.967741766289866, 32.302935471497605], [-4.967104959854909, 32.30276615504914], [-4.96719689493691, 32.30213736473706], [-4.967611100783888, 32.3017724172147], [-4.968980501516309, 32.301661435412825], [-4.968857573918972, 32.30085675155013], [-4.9692737053995995, 32.30058139117574], [-4.969363685835505, 32.299863007565754], [-4.969680141766481, 32.29985806868591], [-4.9702956017228965, 32.29904185927392], [-4.968916554241953, 32.298704892671154], [-4.967721373748381, 32.29711032900037], [-4.967702010585387, 32.29621440579042], [-4.967063316297072, 32.295955494761856], [-4.96615562486174, 32.29301209412489], [-4.9666655977854965, 32.292197545255206], [-4.966650118429626, 32.29148080568491], [-4.966224346283118, 32.2913081940913], [-4.965675695327668, 32.29033089110796], [-4.96525186376135, 32.29024786845858], [-4.965445410364555, 32.289438250843254], [-4.965863436388469, 32.28925249542183], [-4.965849898983165, 32.28862534770741], [-4.965099992235444, 32.28809928910369], [-4.964768114175789, 32.28738747406592], [-4.965078728563507, 32.28711377060414], [-4.964848459243937, 32.28622112827373], [-4.963450312541891, 32.28498816599724], [-4.963966064332168, 32.2844424059942], [-4.9670091497158095, 32.28367804095329], [-4.967921575353911, 32.281960988617236], [-4.967158171961166, 32.280807792124314], [-4.967253962010363, 32.28035818575338], [-4.965016050661533, 32.27931756777368], [-4.964987066067501, 32.2779736769312], [-4.964664889492837, 32.27770982283035], [-4.964655230072396, 32.277261859041936], [-4.964969676237951, 32.27716734227709], [-4.96485069268757, 32.27654183440736], [-4.964423063447669, 32.276279620702056], [-4.963761350142108, 32.274945572460645], [-4.9638494290857285, 32.274137596475605], [-4.964269321346632, 32.274041441367565], [-4.964117520703694, 32.271892853669556], [-4.965484548085515, 32.271692333926985], [-4.9662111208434, 32.271143283666206], [-4.967158257161832, 32.27103890730929], [-4.967675845783756, 32.27058272767476], [-4.968308554867388, 32.27057286551904], [-4.969767447581664, 32.26974350823184], [-4.971027039534395, 32.26945498267503], [-4.971335638223907, 32.26909167369577], [-4.974680904492235, 32.267695058139466], [-4.974780528970782, 32.26742463189226], [-4.97572567154212, 32.26723060076631], [-4.975719845605502, 32.26696182384212], [-4.979072742561159, 32.265923465947566], [-4.980006182415159, 32.26519185101628], [-4.980750134192702, 32.26544905069781], [-4.982115071098316, 32.26515876386454], [-4.983989668862506, 32.264053852615866], [-4.985776342909943, 32.263756899708525], [-4.988068722158787, 32.262466113667145], [-4.989123130257904, 32.26244950843039], [-4.990159935380066, 32.261626570043454], [-4.992991137351184, 32.26086493801327], [-4.992754803219807, 32.25970357686026], [-4.993156967339967, 32.25880100596985], [-4.993783707656026, 32.25852224506985], [-4.994945462547132, 32.258593519723405], [-4.995978248167805, 32.25759135419405], [-4.998502787811693, 32.25728256015501], [-4.998602330876936, 32.25701211794503], [-4.999859677038337, 32.25663372354496], [-5.001443142810854, 32.25669825983943], [-5.00226890390301, 32.25587857003551], [-5.0033153538141075, 32.255503485437], [-5.006062491011158, 32.255728743434226], [-5.007315840434667, 32.255171095093104], [-5.007546426401571, 32.25606365064241], [-5.008608641772425, 32.25640524845048], [-5.010074821741237, 32.25593380961263], [-5.012812092640415, 32.25571096709562], [-5.013645652171775, 32.25524956888213], [-5.014701939720602, 32.25532234384095], [-5.01563695532181, 32.25468007034485], [-5.016900134095117, 32.25457028096837], [-5.016643707438504, 32.25251307235031], [-5.017168863269473, 32.25241506363108], [-5.017682125503083, 32.251779511414874], [-5.018732424840877, 32.25158348360454], [-5.021443720458761, 32.2501957888556], [-5.0227048403246775, 32.249996354109584], [-5.024680056348481, 32.24871000008589], [-5.026151991484513, 32.24850715181278], [-5.0274230319773885, 32.24875562002578], [-5.02909982522775, 32.24828058385228], [-5.032047640488277, 32.24805394764252], [-5.035844802810911, 32.24808241965079], [-5.0376169478144135, 32.247157627216296], [-5.038778569076294, 32.24722850305032], [-5.039741371779911, 32.24784030767018], [-5.041426095127966, 32.24772346698789], [-5.041626909722314, 32.24727211415724], [-5.0411952065947325, 32.24683098480897], [-5.041157118196774, 32.245128793690334], [-5.041783606731764, 32.24484980365], [-5.041443298098399, 32.24377984736271], [-5.041864961198919, 32.24377303162435], [-5.041854935521302, 32.243325086611904], [-5.04216917578418, 32.243230384984656], [-5.041834884834068, 32.24242919648324], [-5.042359950222248, 32.24233108628278], [-5.042872978285126, 32.24169544013553], [-5.043612877820763, 32.241773092936846], [-5.046341565177206, 32.24119118821625], [-5.046534304456749, 32.240381473578594], [-5.047464914579168, 32.23955980075413], [-5.047651609838521, 32.2384813185108], [-5.048801053503584, 32.23801457417481], [-5.051849842601388, 32.23760660399555], [-5.054274223710706, 32.237567201323074], [-5.055123538680266, 32.23782225017809], [-5.057541860314827, 32.237514019852554], [-5.059660119119776, 32.23792760485744], [-5.06102434965978, 32.237636490584364], [-5.062483853266332, 32.23689570127578], [-5.066712278229196, 32.237364317761056], [-5.067437946534646, 32.23681471794248], [-5.068806193084025, 32.23670269646035], [-5.071526404135096, 32.23576190993816], [-5.07426895544885, 32.235806527221904], [-5.076575618730695, 32.23523090622984], [-5.078369518755141, 32.23529102538571], [-5.079091015231417, 32.23456218794143], [-5.08034767758699, 32.23418301707407], [-5.081719947990345, 32.23425003171514], [-5.083081995270907, 32.23386909732146], [-5.08446039983317, 32.234204842548756], [-5.084679389317596, 32.23455971084967], [-5.085417204990512, 32.23454753299489], [-5.086764899727507, 32.23353945299157], [-5.088126912360708, 32.23315846545644], [-5.089916666728434, 32.23303924903423], [-5.090974772937388, 32.23320098057294], [-5.091086331138552, 32.23346799503994], [-5.092983540088956, 32.23343657662508], [-5.093184067406888, 32.23298515272481], [-5.094236010051165, 32.23287809811445], [-5.095399519733336, 32.23303804500857], [-5.096819115606897, 32.235165374829286], [-5.098400146857028, 32.23513912185172], [-5.09884235908441, 32.23602797656182], [-5.099578118748834, 32.235926129692814], [-5.101196291054324, 32.23751238484719], [-5.103089442252572, 32.23730163992621], [-5.103418045252122, 32.237833888467605], [-5.105943622330004, 32.23761256814938], [-5.106793062125544, 32.23786726337974], [-5.107411006489865, 32.23722961633449], [-5.108367920164238, 32.23757212775304], [-5.110041955959876, 32.23700645662034], [-5.11045320976876, 32.23655148730578], [-5.113389961980491, 32.23587505025122], [-5.114051428736159, 32.23711865821655], [-5.115014592606569, 32.237729873072304], [-5.115694791347278, 32.23977973439705], [-5.116552587804275, 32.240392701117834], [-5.116668386273828, 32.24083885873763], [-5.1174062375317275, 32.240826491996], [-5.118272374995655, 32.24179778479341], [-5.118849351695872, 32.243938975941695], [-5.119918031722206, 32.24454837995252], [-5.119930522904934, 32.245085887157806], [-5.120465912681581, 32.24543537755826], [-5.12060672974263, 32.24695654384586], [-5.12134879545447, 32.24712332086347], [-5.121588796091075, 32.24837396108262], [-5.122353805295663, 32.24952615939997], [-5.122374652035901, 32.25042200259257], [-5.12301758689266, 32.25085929279197], [-5.123137604041417, 32.25148461039773], [-5.124483010867778, 32.250386553085846], [-5.12784592692722, 32.24988184077905], [-5.12940835739966, 32.24904893362346], [-5.130785042788736, 32.24929457154554], [-5.132045847745595, 32.24909405498322], [-5.131957184240567, 32.24981250468484], [-5.130097344067262, 32.2514570320512], [-5.129597445534578, 32.25263051170751], [-5.130060975755388, 32.25441507651789], [-5.131144508139658, 32.2556514623908], [-5.130568485103472, 32.258080896943824], [-5.131069761350422, 32.261477960670874], [-5.130884028903774, 32.26255652311206], [-5.132302833957709, 32.264593806532446], [-5.132005390833181, 32.26540539976076], [-5.132348939728062, 32.266564643912034], [-5.131842713057914, 32.26746938161312], [-5.129953218158801, 32.267859747823074], [-5.12985615442591, 32.2682198610585], [-5.131454485520222, 32.26890983874415], [-5.13409464759255, 32.26904447607586], [-5.135800561375067, 32.269822197563826], [-5.138213057311354, 32.26924364936556], [-5.139273752402774, 32.26949453678991], [-5.140884797819035, 32.27072188874777], [-5.142696237422822, 32.27149772488546], [-5.1435587304179355, 32.272289650298106], [-5.144085939579264, 32.27228069746213], [-5.144950560645538, 32.273162195121195], [-5.145479883629943, 32.27324281889907], [-5.149977984699633, 32.27164278115158], [-5.152829111892807, 32.27177343034383], [-5.153653582172504, 32.270952803397954], [-5.154284101940306, 32.27085242741002], [-5.154925211907446, 32.27119995889863], [-5.155751776727503, 32.27046890129372], [-5.157443039587551, 32.27061924699846], [-5.158687086459047, 32.26970179937565], [-5.159185248882259, 32.272919534212996], [-5.159832761219768, 32.273535784629765], [-5.164153754541432, 32.27337216538078], [-5.165412667435958, 32.27308172353284], [-5.166279624044631, 32.27405264713053], [-5.1664191455205035, 32.27548413976915], [-5.16696340984215, 32.27619174137543], [-5.167697260145671, 32.27599990608918], [-5.169108559833208, 32.277678402412555], [-5.169743371010152, 32.27775711029743], [-5.170285540883795, 32.27837511452497], [-5.170844795692898, 32.27970976446296], [-5.171920638662642, 32.28058743487081], [-5.171623510422041, 32.2813991066302], [-5.172169988181444, 32.28219626282331], [-5.17377099740825, 32.28297525951521], [-5.175064231314517, 32.28411800959262], [-5.176447967651718, 32.284631861927735], [-5.1774248930302695, 32.28578004008345], [-5.178274961156481, 32.28603422446514], [-5.179159329405919, 32.2877216900758], [-5.181326407484095, 32.29010392359498], [-5.181455473752671, 32.291087483641164], [-5.182103266594424, 32.29170360597108], [-5.184724759057922, 32.29103093066676], [-5.188592348338347, 32.28953004388503], [-5.189330558711998, 32.28951724007048], [-5.192128340199215, 32.28740748161681], [-5.193490636331434, 32.287025344325215], [-5.194865873778647, 32.28718066984698], [-5.200194316748713, 32.285026703472084], [-5.201246677475575, 32.284918737212095], [-5.20220657888117, 32.2853500768052], [-5.202621890978633, 32.28507397903696], [-5.2040960572916966, 32.28495862722764], [-5.204709254953835, 32.28414136596184], [-5.205548526493642, 32.28394746936482], [-5.209549138058321, 32.28360864772129], [-5.210485146583002, 32.283054558363126], [-5.21375190271331, 32.28290768796469], [-5.214059540480248, 32.28254382548244], [-5.215004222261264, 32.282348017698084], [-5.218479653026852, 32.282107746927004], [-5.221188530902732, 32.280715859103616], [-5.222976741806989, 32.280505145684494], [-5.225169219276612, 32.279570350208594], [-5.22852590823125, 32.27879420139828], [-5.23175734280533, 32.277213633438116], [-5.23247787136019, 32.276483962729266], [-5.2341561304047515, 32.27609580568653], [-5.236240740500387, 32.27507311589141], [-5.237411562572738, 32.27550044953841], [-5.239087577262495, 32.2750226515629], [-5.24046488217102, 32.275267061775956], [-5.24183117298157, 32.27506357252308], [-5.24279996126717, 32.275852907017736], [-5.244493603709183, 32.276091651647306], [-5.244906531304123, 32.275725845244196], [-5.247013093292101, 32.27559874855564], [-5.247322779739253, 32.27532438807798], [-5.248278352903213, 32.275576219634495], [-5.249220662509469, 32.27529058554921], [-5.249965363519074, 32.27554616137696], [-5.250373840691828, 32.27500118553955], [-5.251008678175355, 32.27507948226984], [-5.251841108022218, 32.27461655688315], [-5.253108564937153, 32.27468355633659], [-5.2543937544158394, 32.27546715135471], [-5.255241690101844, 32.27563123621905], [-5.255360432630713, 32.27616680828199], [-5.254842108403263, 32.276534530595264], [-5.2547521880922705, 32.277163446024865], [-5.255494700520864, 32.27732941179741], [-5.256145085834121, 32.2780347131223], [-5.256672288284059, 32.27802528886052], [-5.2557477223186035, 32.27902758602254], [-5.254542280357359, 32.28146874302243], [-5.253085996508871, 32.28230128730223], [-5.252895045650734, 32.283111236017746], [-5.251963743747019, 32.283844780720585], [-5.252091340845124, 32.28473865983269], [-5.25145864927255, 32.28474994781637], [-5.249903473483234, 32.28585306808545], [-5.249312809240714, 32.28756629320086], [-5.248284826820383, 32.28865999788635], [-5.247759770880858, 32.28875896614064], [-5.247770826455595, 32.289206847436304], [-5.24705475249944, 32.290115755738675], [-5.246738386991329, 32.29012138834042], [-5.24675164838243, 32.29065884615222], [-5.246125542338677, 32.29093883821619], [-5.245930096447331, 32.291569626286794], [-5.245093066933407, 32.291853367038186], [-5.2448711097938805, 32.291409237099884], [-5.243812126340382, 32.291248838850734], [-5.243372643714375, 32.290539726197906], [-5.242625627352482, 32.290194540108544], [-5.240646216588582, 32.29121547307435], [-5.240239816423324, 32.2918499986526], [-5.238774420963535, 32.29232408275436], [-5.237634192139735, 32.29315084839003], [-5.236412686509241, 32.29496481921103], [-5.235068075774173, 32.29606403248074], [-5.23497360862606, 32.29651378510233], [-5.232082128212011, 32.29907421065619], [-5.231368016385785, 32.300072616107315], [-5.2304319758265505, 32.300626861178124], [-5.2294321437103966, 32.30288493007366], [-5.2276720203705835, 32.30426025783513], [-5.226316210803669, 32.30491150046972], [-5.225703085080126, 32.30572886190685], [-5.223103414301409, 32.30729816801801], [-5.223134053042602, 32.30855225301128], [-5.222404456569242, 32.30892357137554], [-5.222327419544428, 32.31008993720786], [-5.22058672672793, 32.312271373642176], [-5.216158625858417, 32.312438854758085], [-5.214316613203363, 32.31480122126402], [-5.213586929021529, 32.315172492061194], [-5.213285725269551, 32.31580509055373], [-5.2127604674069135, 32.315903921301874], [-5.2123581246660144, 32.31671752424005], [-5.210072199001625, 32.318191454267165], [-5.207902562881907, 32.32011139063938], [-5.206849808748528, 32.32021942940199], [-5.205915580356197, 32.320863084882745], [-5.202040501062883, 32.32209580610339], [-5.199937091086492, 32.32240135829683], [-5.2000729257611775, 32.32365361986096], [-5.197134145140138, 32.324332160580575], [-5.196753266810222, 32.32604150884549], [-5.19559925079032, 32.32633045234201], [-5.194539918526963, 32.32616965514256], [-5.191381369913186, 32.32649342157912], [-5.188003168337597, 32.32646245298359], [-5.186616569536652, 32.32585918163779], [-5.183882148717703, 32.32626502379463], [-5.1834558404900255, 32.32609317068123], [-5.183044587740808, 32.32654837366132], [-5.182200571920226, 32.32656297907242], [-5.181272542187677, 32.32747520095274], [-5.179694288791122, 32.32768171962287], [-5.179054827421659, 32.327423918111165], [-5.177694011627018, 32.32789550603295], [-5.17747442300481, 32.327540829224645], [-5.176210524485661, 32.32765225998378], [-5.175459139135543, 32.32712751985257], [-5.174612971336763, 32.32705249461057], [-5.1740640379499805, 32.32616578665244], [-5.172367442533587, 32.32583655020583], [-5.172059495822316, 32.32620032227571], [-5.170487651229198, 32.32667546679239], [-5.169322843818076, 32.326516271424616], [-5.168612096945162, 32.32769351773764], [-5.167240540495864, 32.327717092542755], [-5.166196166563492, 32.32818312006211], [-5.163020356761454, 32.32778953699551], [-5.162488571825841, 32.32761942091733], [-5.162477919731893, 32.32717151659028], [-5.1613067278660365, 32.32674350406628], [-5.160251690502132, 32.32676157830286], [-5.159525928614021, 32.327311711300545], [-5.158576387981493, 32.32732796536327], [-5.1562425399056915, 32.326830180036445], [-5.152545647975451, 32.326714090347416], [-5.151714332210568, 32.327265980877264], [-5.15044615342899, 32.327197991394364], [-5.148348751132535, 32.327771440090466], [-5.148249594669859, 32.32804198222369], [-5.1462386336103965, 32.327807364085636], [-5.145803925577698, 32.32727705357153], [-5.144750984209638, 32.32738458036711], [-5.142140777222982, 32.328593970914284], [-5.1376165967436895, 32.32920843631761], [-5.1369940748313825, 32.329667075489176], [-5.136257618023899, 32.32976916946774], [-5.135337492085194, 32.33103940342314], [-5.1340755712468225, 32.33123999839193], [-5.134001601299656, 32.33258552083927], [-5.133374833541583, 32.332864978685556], [-5.132003167332507, 32.33288817377249], [-5.131692930409104, 32.33316227215924], [-5.131057751190795, 32.3330833884514], [-5.130650395427856, 32.33371759784686], [-5.129071881934849, 32.333923492013355], [-5.128041903753273, 32.33501629371921], [-5.126777811916406, 32.33512723569611], [-5.125211828743241, 32.33587058035661], [-5.122886273281151, 32.33573051175871], [-5.119646583235128, 32.33712927970071], [-5.118490053694705, 32.33732794989196], [-5.117534122158056, 32.33707514945916], [-5.117014874302701, 32.33744234076156], [-5.116063115997564, 32.33736869591431], [-5.1137562755561845, 32.338034711741756], [-5.1132474204253215, 32.33884980624859], [-5.111478535026026, 32.339954858259354], [-5.110425390225386, 32.34006210601607], [-5.11033234814938, 32.34060137434457], [-5.108979254081124, 32.341430578023875], [-5.108573784501882, 32.342154307136205], [-5.107843419097023, 32.3425249920131], [-5.107208187647439, 32.342445990104544], [-5.105960563292961, 32.34327340001485], [-5.105319101506301, 32.34292563682237], [-5.102912724046929, 32.34386197688783], [-5.102923089532445, 32.34430989742964], [-5.100535286658842, 32.346052452129946], [-5.100657385301793, 32.346767367749756], [-5.100249755758112, 32.34740148906442], [-5.099304108285213, 32.347596474318586], [-5.099001998558923, 32.348228834964885], [-5.097650752699699, 32.34914750945454], [-5.095233796605257, 32.34963579005247], [-5.091157110852341, 32.3514062272638], [-5.091072194046239, 32.3523038244053], [-5.090660349718827, 32.352758748632226], [-5.086285324384538, 32.35534055051563], [-5.085981042181319, 32.3558832991408], [-5.080335072804591, 32.358306685226545], [-5.079699746112401, 32.35822754842076], [-5.079395414937125, 32.35877028293522], [-5.077599074389273, 32.3587102802306], [-5.0765518018941505, 32.35908601144314], [-5.075175595938149, 32.358929434052115], [-5.074136493570778, 32.35966348777245], [-5.072979556263615, 32.35986175564848], [-5.0726567781884535, 32.359598205166805], [-5.071390202981945, 32.3596190224819], [-5.070131794566143, 32.3599981701254], [-5.070036455854239, 32.36044783208665], [-5.067923433308889, 32.360392891624926], [-5.067929553037499, 32.360661649246126], [-5.067509394754086, 32.36075816003515], [-5.064659553041545, 32.360804866298025], [-5.0643327216772525, 32.360362121531246], [-5.062327282916393, 32.36039494473968], [-5.061261620940855, 32.35996427603975], [-5.06041722813283, 32.35997807950915], [-5.060411130787001, 32.35970932058435], [-5.0590410263843335, 32.35982132533121], [-5.056923956649692, 32.35958702659164], [-5.056706772504517, 32.35932171112457], [-5.054177655537796, 32.3595421857065], [-5.053660039093082, 32.35999871724549], [-5.052917141475756, 32.35983157761058], [-5.052084890975679, 32.36038284580627], [-5.049025953816993, 32.360522221302126], [-5.047663895956384, 32.36099245135712], [-5.04558314025867, 32.362370529560664], [-5.0443185215975666, 32.362480663721875], [-5.042980594030061, 32.36402589177718], [-5.041724005243067, 32.36449435003243], [-5.040035114149384, 32.364521693098695], [-5.037751084946818, 32.366261415462766], [-5.037014189047112, 32.366362945664626], [-5.037020218730081, 32.366631708245095], [-5.036175751123239, 32.366645351904424], [-5.036181778391028, 32.366914114613195], [-5.035032678981932, 32.36747039138012], [-5.035038703059104, 32.36773915424491], [-5.034405343904263, 32.36774937787719], [-5.034003174727505, 32.36865206857822], [-5.0330591442116095, 32.36893615856111], [-5.0330651627892085, 32.3692049216933], [-5.032748477752597, 32.36921002915561], [-5.032029597793645, 32.370117821080164], [-5.03129466708587, 32.370308907071404], [-5.031300680760343, 32.37057767043973], [-5.030561736904741, 32.37058957672358], [-5.030464188490407, 32.370949628593635], [-5.028669601517651, 32.37097852473907], [-5.028572045181373, 32.37133857544188], [-5.027727529376656, 32.371352164279045], [-5.0265803191719876, 32.37199795594389], [-5.02584136159638, 32.372009835027946]], [[-4.9718201943428815, 32.32070663155449], [-4.9718182521886, 32.32061703979607], [-4.971712742965308, 32.32061868890298], [-4.971714685015831, 32.320708280667084], [-4.9718201943428815, 32.32070663155449]]]}}, {"type": "Feature", "properties": {"id": 10, "name": "Subbasin 10", "Subbasin": 10, "AREA_HA_TOTAL": 21203.3, "HRU_COUNT": 17, "DOM_LANDUSE": "PAST", "DOM_LANDUSE_HA": 16850.62, "DOM_LANDUSE_PCT": 79.47, "DOM_SOIL": "I-Bk-X-2c-1237", "DOM_SOIL_HA": 21203.3, "DOM_SOIL_PCT": 100.0, "DOM_SLOPE_BAND": "25.0-9999", "DOM_SLOPE_BAND_HA": 11850.85, "DOM_SLOPE_BAND_PCT": 55.89}, "geometry": {"type": "Polygon", "coordinates": [[[-4.7627837137917375, 32.27988352150275], [-4.761829243886269, 32.279627963296804], [-4.761611365410719, 32.279272494595645], [-4.761322476174574, 32.27524329669609], [-4.761707977512516, 32.27335574429335], [-4.762736652171391, 32.27199697715399], [-4.761960284671336, 32.27003601130517], [-4.7612133845918585, 32.26959829442861], [-4.761517651421897, 32.26896665831571], [-4.760985147702822, 32.26870520356176], [-4.760973030288214, 32.26807798058955], [-4.761384485962496, 32.267534477289786], [-4.7626448125197625, 32.26724800852676], [-4.762731213040834, 32.266260900957406], [-4.764608657941136, 32.26515915048987], [-4.764385603723619, 32.26453487546473], [-4.764695036246477, 32.26417204208311], [-4.764663817785151, 32.262559184944095], [-4.764236798223193, 32.26229626901953], [-4.764170917389696, 32.258891346023745], [-4.763842434005024, 32.25826854177515], [-4.764421386638468, 32.25548200212846], [-4.764571601499232, 32.25234293979506], [-4.769824600385326, 32.25128354035525], [-4.770133968206248, 32.250920695267865], [-4.773699782015107, 32.2498847706798], [-4.7741128256539005, 32.24943083290434], [-4.777170546519671, 32.24938784824125], [-4.77758182413314, 32.24884429701672], [-4.778738146042843, 32.24864876421514], [-4.779674847501447, 32.24800817899312], [-4.781678145306594, 32.247979937898364], [-4.783027805317921, 32.24688536665462], [-4.785663685648637, 32.24684813192822], [-4.788171294434985, 32.24564750533699], [-4.790381881180846, 32.245436938446495], [-4.791531089009177, 32.24488288234321], [-4.792796278531236, 32.24486493237641], [-4.793734600137733, 32.24431384944722], [-4.795310785647019, 32.24402257692466], [-4.795931027165651, 32.243386371311765], [-4.796883430844779, 32.24355208130966], [-4.7971944279485275, 32.243278776158874], [-4.7995068244532, 32.24288734866811], [-4.801490527997556, 32.241873178757565], [-4.803700981348495, 32.241662382968876], [-4.804637428956603, 32.24102162076135], [-4.806000889358559, 32.24064362841823], [-4.806413727408826, 32.2401895916209], [-4.810296716648237, 32.23923774022939], [-4.810605880043277, 32.23887480257575], [-4.814690701390597, 32.23747179175801], [-4.815730665289384, 32.236739835838755], [-4.817830173949592, 32.236261510423354], [-4.819600893097481, 32.23516050021437], [-4.824007023168837, 32.234021445375994], [-4.824837827561791, 32.233382062542056], [-4.826101041762909, 32.233274184298274], [-4.8267174052809665, 32.232458635759485], [-4.828713129399437, 32.232071259375395], [-4.829979911670154, 32.23214254398601], [-4.830728602895776, 32.23266945606091], [-4.833803668394687, 32.233521123732494], [-4.834963253977154, 32.23350428736331], [-4.8361120239133575, 32.2329498398915], [-4.837166184703078, 32.23293451552762], [-4.838854645413015, 32.232999578214745], [-4.8401395074184865, 32.233966759048826], [-4.841509928448579, 32.233946791433134], [-4.842029779940266, 32.233580708536024], [-4.844457978552882, 32.233724534527994], [-4.845223065738328, 32.23505775348921], [-4.846384476037397, 32.23513041116378], [-4.8470242372214525, 32.23547956363185], [-4.847044184094927, 32.236465158006965], [-4.849899589475527, 32.236871508506496], [-4.850326718682014, 32.237134131071215], [-4.850337618817396, 32.23767172687906], [-4.851410003548366, 32.238552274226414], [-4.854256385934222, 32.23851052732848], [-4.85489437830583, 32.238770038697346], [-4.856581124826132, 32.238745260872584], [-4.857644460203005, 32.23917775784854], [-4.860897921888678, 32.23841286876829], [-4.8615505531932754, 32.23938913557483], [-4.861799788027389, 32.24126760064956], [-4.862441477329386, 32.24170626953636], [-4.863710232933164, 32.24186680833639], [-4.865071596969209, 32.24139858828318], [-4.865598717606808, 32.241390804617], [-4.866135000502914, 32.24183101094044], [-4.86802530425518, 32.2414445697969], [-4.868977790693293, 32.24160973200644], [-4.870333611249179, 32.240872661604556], [-4.871395193542568, 32.24121544110617], [-4.872129481534753, 32.2410253102104], [-4.872332973980185, 32.24066379274189], [-4.873281779405212, 32.24064972632396], [-4.873381683582955, 32.2403793687054], [-4.874119640672389, 32.24036842273477], [-4.8751609756279155, 32.239725592188876], [-4.876316928110104, 32.239529177539886], [-4.876731242323383, 32.239164521875516], [-4.878312554369063, 32.23914101982211], [-4.8833394555956895, 32.23745292358201], [-4.884077384806177, 32.23744192034745], [-4.884615578973139, 32.23797164351782], [-4.885880606488012, 32.23795276515043], [-4.887243639844006, 32.23757390968168], [-4.88988095253334, 32.23762410836787], [-4.891452940661387, 32.237152456805525], [-4.894824440799788, 32.23701230797649], [-4.8968068828960885, 32.23599668416474], [-4.897319061238665, 32.235271993986636], [-4.898794872069006, 32.235249821284846], [-4.899728686780948, 32.23451878391783], [-4.900359305654229, 32.23441967480518], [-4.900976859899439, 32.23369338536739], [-4.902961026249789, 32.23276726646793], [-4.903471269159036, 32.231952956880136], [-4.904408750869047, 32.23140108049303], [-4.90460835420952, 32.230860322940636], [-4.905449760253023, 32.23075801127825], [-4.906904902381692, 32.22975018499962], [-4.9096511346689375, 32.229977580885844], [-4.911224753841592, 32.22959528786429], [-4.912284461324544, 32.229848127133344], [-4.9178710702472355, 32.229763447883485], [-4.9186013899938885, 32.22939386183565], [-4.9200808566161855, 32.22955063586069], [-4.922283083813392, 32.22897940276188], [-4.92269716065638, 32.22861460454979], [-4.923856624711831, 32.228596954977505], [-4.927634200247704, 32.227732759549525], [-4.929098503424527, 32.22717266533239], [-4.930131704514753, 32.22617101943499], [-4.932027053683026, 32.22605242790555], [-4.9339053157589685, 32.225127451887545], [-4.934748524674081, 32.22511454335252], [-4.935266034302203, 32.22465849729267], [-4.938516325944196, 32.22380205668434], [-4.9398655776547, 32.22279548486747], [-4.940496061909725, 32.22269617996926], [-4.9408027337273275, 32.2222433496923], [-4.947182284294798, 32.21981498031166], [-4.948738340964061, 32.21862588200882], [-4.9507312319634025, 32.21814701387299], [-4.951771748314255, 32.217503580081804], [-4.952511402238108, 32.21758177778781], [-4.953762679941829, 32.2169350713827], [-4.955128919059624, 32.216734693423554], [-4.961078429909361, 32.21395379531565], [-4.962649601400608, 32.213481286025676], [-4.964831867699003, 32.212013398164046], [-4.96577646785186, 32.21181946164483], [-4.9667094898043285, 32.211087956702144], [-4.971405307512633, 32.2088638303207], [-4.9724397636400655, 32.20795145526685], [-4.975357438282637, 32.20638228890171], [-4.9775335076298415, 32.20464541544506], [-4.9786868090333405, 32.20435849571785], [-4.979615767325393, 32.20344771571609], [-4.983376139796986, 32.20186516870704], [-4.983996695708249, 32.20131768995478], [-4.985149932123455, 32.20103071355938], [-4.986209474837169, 32.20128293872512], [-4.987920736643623, 32.202421139070026], [-4.989003704439755, 32.20374844992569], [-4.990804804428429, 32.204168210066925], [-4.992914224313506, 32.204224590730064], [-4.9938821346061415, 32.20510555607756], [-4.994409005789268, 32.20509724342977], [-4.993690935777455, 32.20600480256951], [-4.992748419955246, 32.20628853548633], [-4.992344500747225, 32.2071015108204], [-4.991716146974958, 32.20729066053925], [-4.991099506046925, 32.2080173611203], [-4.988266001641743, 32.20859970726069], [-4.9876415267632765, 32.208968022371685], [-4.987545893776903, 32.209417642053545], [-4.985557310343183, 32.21007626163696], [-4.984214607745229, 32.211352074082996], [-4.984230177040368, 32.21206881514583], [-4.983500278452757, 32.21243876574072], [-4.982678603178986, 32.21343751456875], [-4.981527146877545, 32.213814067149286], [-4.9810254831397, 32.214987034099906], [-4.979173180011361, 32.21707739217147], [-4.978677293547144, 32.21851912962882], [-4.976487356374059, 32.2196288808707], [-4.975975905182912, 32.2203538658438], [-4.974607732980829, 32.220464876490716], [-4.973776206612882, 32.22101560766109], [-4.973052000618721, 32.221654281154606], [-4.972239806083388, 32.223100934058714], [-4.970574732903701, 32.22411276948802], [-4.969317690189173, 32.22449086117082], [-4.967867219212358, 32.22567856386101], [-4.967357597080744, 32.22649311064242], [-4.966100507040584, 32.22687117198359], [-4.965169254162801, 32.22769227067882], [-4.963808662325552, 32.22816154300448], [-4.963297063482381, 32.22888648155403], [-4.9619402947128375, 32.22953492187371], [-4.959351336050472, 32.23172606322475], [-4.958199545268304, 32.23210241495631], [-4.957478984630373, 32.2329201933539], [-4.956530306304509, 32.23293488880279], [-4.956120192460716, 32.2334789808998], [-4.954747950724968, 32.23341059705429], [-4.9504740266161615, 32.235717246088896], [-4.949632641690844, 32.23581985748003], [-4.948804647274034, 32.23654962269132], [-4.947543509931902, 32.23674831868306], [-4.946399246184684, 32.23748294402589], [-4.944509418024806, 32.23787054274802], [-4.943052681952449, 32.2387891956189], [-4.941582571326112, 32.239080670966395], [-4.9396063135753066, 32.24036576453359], [-4.937724002881888, 32.24111164372005], [-4.936805658195762, 32.24255971020948], [-4.9355653142515425, 32.243743833194266], [-4.931777685814769, 32.24416031158125], [-4.931265742523767, 32.24488513197593], [-4.930328299650922, 32.24543720572401], [-4.929066990311965, 32.24563572321227], [-4.928445803218209, 32.24618295299177], [-4.927082837794138, 32.2465622511167], [-4.926879555118398, 32.246923848723945], [-4.9256125422137265, 32.24685354698049], [-4.924690166616289, 32.24812234316169], [-4.924980438188068, 32.25188213098314], [-4.926140196273622, 32.251864449148236], [-4.927021517255189, 32.253643485277365], [-4.929066465824367, 32.2555839930091], [-4.930435244586814, 32.255473453798324], [-4.9317118682906145, 32.25599167641556], [-4.932691183049424, 32.257410674220836], [-4.933114836425551, 32.257493813700776], [-4.934301268785178, 32.2587303796272], [-4.935175212973497, 32.26015096994581], [-4.936352194451741, 32.26093954109106], [-4.936576400712527, 32.261563468644155], [-4.935874445870123, 32.263277081629354], [-4.936850100865127, 32.26451685121589], [-4.936980296122122, 32.265679961125535], [-4.9365661184919025, 32.2660448084513], [-4.936694409728713, 32.267118324045285], [-4.936080743223276, 32.26802397117226], [-4.937422329763683, 32.27158833459303], [-4.938158606412523, 32.2714874106743], [-4.939094352006605, 32.27084567818512], [-4.939516166515517, 32.27083919916986], [-4.939627340509497, 32.27110636176343], [-4.940574517641569, 32.27100218375278], [-4.941111327551361, 32.27144204908403], [-4.942261776278221, 32.270976239362035], [-4.943740036645698, 32.27104311351587], [-4.944367023621338, 32.270764589327015], [-4.945189614663705, 32.26976606177268], [-4.947064781680439, 32.268661678575995], [-4.947804850469231, 32.26873988726297], [-4.9485564128687605, 32.26935565400258], [-4.952218418938234, 32.26795473747992], [-4.953570058909507, 32.26703759982978], [-4.955456595219794, 32.26647065828282], [-4.957011378438073, 32.26519184608319], [-4.959436633720935, 32.26515423431392], [-4.960485310564618, 32.264869087381534], [-4.961092926445146, 32.26369455201607], [-4.962036137208869, 32.263411030560846], [-4.962967766949013, 32.26258994393829], [-4.964125704734287, 32.26248231510271], [-4.964660639714462, 32.26283248537943], [-4.96560576085475, 32.26263853092885], [-4.966667916301049, 32.26298048454472], [-4.967712675055443, 32.2625160936958], [-4.968101563996704, 32.26098644309997], [-4.9688299730135475, 32.260526973639664], [-4.96881449556337, 32.25981023140565], [-4.969970452613709, 32.259612957820465], [-4.970156163074141, 32.25844496255143], [-4.971835409535521, 32.25806026151249], [-4.972561837810206, 32.257511179349876], [-4.975949379566623, 32.25808558001862], [-4.977730140354768, 32.257519967247994], [-4.978897711144736, 32.25786016747971], [-4.979335014361691, 32.25857029580829], [-4.980811130230261, 32.25854715055359], [-4.981457379704754, 32.25916437068564], [-4.982714835631626, 32.258786143194015], [-4.983790646978928, 32.25975509612603], [-4.9853780686552245, 32.2599990160502], [-4.985721701362341, 32.26124832849119], [-4.986578883394258, 32.26186220370743], [-4.986697990332623, 32.26248768732865], [-4.9871217069606875, 32.262570642616], [-4.987234959824162, 32.26292735025392], [-4.985776342909943, 32.263756899708525], [-4.983989668862506, 32.264053852615866], [-4.982115071098316, 32.26515876386454], [-4.98117191320561, 32.26544243355085], [-4.980006182415159, 32.26519185101628], [-4.979072742561159, 32.265923465947566], [-4.975719845605502, 32.26696182384212], [-4.97572567154212, 32.26723060076631], [-4.974780528970782, 32.26742463189226], [-4.974680904492235, 32.267695058139466], [-4.971335638223907, 32.26909167369577], [-4.971027039534395, 32.26945498267503], [-4.969767447581664, 32.26974350823184], [-4.968308554867388, 32.27057286551904], [-4.967675845783756, 32.27058272767476], [-4.967158257161832, 32.27103890730929], [-4.9662111208434, 32.271143283666206], [-4.965484548085515, 32.271692333926985], [-4.964117520703694, 32.271892853669556], [-4.964269321346632, 32.274041441367565], [-4.9638494290857285, 32.274137596475605], [-4.9637555577466195, 32.27467679392812], [-4.961964724630474, 32.27479425994061], [-4.960822051013444, 32.27561861894095], [-4.9594530255318, 32.275729497701015], [-4.958919957040582, 32.2754689012981], [-4.9589257353549305, 32.27573768057638], [-4.957886555291736, 32.276470784860614], [-4.955275072389249, 32.27767635785461], [-4.953829364803068, 32.27913270997044], [-4.951430596036536, 32.280424536580455], [-4.950826590278149, 32.28177821857038], [-4.9501937967838305, 32.281787996162286], [-4.949886988390257, 32.282240851198985], [-4.945823560462569, 32.284633754875486], [-4.943727558227357, 32.2852934099158], [-4.941334207113868, 32.28685383675474], [-4.939991695494677, 32.28821882643705], [-4.937065107011591, 32.28951849974337], [-4.935613206116041, 32.29070587680838], [-4.934358901892056, 32.291262846220775], [-4.933616753957192, 32.29109497133637], [-4.930266160622152, 32.29231136224477], [-4.929853738257423, 32.29276578617742], [-4.926180899561008, 32.293718127273564], [-4.925877721531581, 32.29435011842834], [-4.924723104256012, 32.29463660243497], [-4.923898178341219, 32.29554541545063], [-4.923915216909855, 32.29635176744717], [-4.922969644153294, 32.29654542557493], [-4.922662650967144, 32.29699822052834], [-4.922485735196832, 32.2986141392593], [-4.92217684140964, 32.298977338540325], [-4.9224407924356095, 32.30148277613127], [-4.921254334978549, 32.305265031596285], [-4.921614326754457, 32.3073208893477], [-4.921932709661324, 32.30740566378339], [-4.922156949861287, 32.30802961202512], [-4.922094975654211, 32.31009189431992], [-4.921047539437751, 32.310466339527395], [-4.920009546410818, 32.31128874962941], [-4.917703613599548, 32.312040805826534], [-4.917210080561212, 32.313661528410165], [-4.917240287665568, 32.31509504450683], [-4.916616687116661, 32.315552636464446], [-4.913873507224568, 32.315594278884234], [-4.913459016386135, 32.315959059858486], [-4.910406821496537, 32.31636380765858], [-4.909679548406732, 32.31691255956896], [-4.908100673551081, 32.31711569561262], [-4.907897171118596, 32.31747726770376], [-4.905389333972271, 32.31868027526435], [-4.905402470408822, 32.319307442433484], [-4.904673267009874, 32.319766571941955], [-4.904692027208875, 32.32066252523954], [-4.902902045636276, 32.32086878487693], [-4.9008086180843815, 32.32170695778792], [-4.899118507668659, 32.32164278819895], [-4.897445219573467, 32.32238495700519], [-4.89681025553296, 32.32230488199836], [-4.895666386437294, 32.323128690192064], [-4.894718600580687, 32.32323255276709], [-4.892521383357205, 32.32416177337034], [-4.892317803350032, 32.32452332286851], [-4.888956087501268, 32.32529069769822], [-4.886764333944904, 32.326488610200336], [-4.885705404744179, 32.32632519629196], [-4.885616602897578, 32.32713313969835], [-4.88363580646499, 32.32832784579229], [-4.880068374056466, 32.32936693194021], [-4.8766952659103655, 32.32959641033546], [-4.8748105832513895, 32.330341430120136], [-4.872279789315665, 32.33046864474875], [-4.8709060964992466, 32.33039940296974], [-4.870248978881254, 32.32924403194606], [-4.866677659862365, 32.33010355191528], [-4.865929779764778, 32.32966649536042], [-4.8641284849805375, 32.32933463061065], [-4.863182422326602, 32.32952785711845], [-4.860960867883842, 32.329291778132], [-4.86065345605413, 32.32974443559199], [-4.859087041362756, 32.33057415252639], [-4.856989293714719, 32.33123242484539], [-4.856170671364114, 32.33249921811078], [-4.8546969039202565, 32.332700146480164], [-4.8527082553596275, 32.333535994097545], [-4.852400788125162, 32.333988633191], [-4.851662063250879, 32.33399948018057], [-4.850197375829907, 32.334648346717245], [-4.848956490101651, 32.33592128887118], [-4.847386216096323, 32.33657167147314], [-4.846774845739032, 32.337656121439025], [-4.8456175798651415, 32.337852310944626], [-4.8448915495879525, 32.33849030638515], [-4.843002767954321, 32.33905566968028], [-4.841980063747747, 32.340683856437884], [-4.838520783671817, 32.34189945560141], [-4.837792858874354, 32.34244781434245], [-4.837490721948957, 32.34316921562314], [-4.836648183214604, 32.34327111364706], [-4.835190470664892, 32.344278208426566], [-4.834163952441685, 32.34572714062], [-4.832602431697239, 32.34682534127691], [-4.831888881519325, 32.34809045749233], [-4.830125213722457, 32.349639689630564], [-4.829726463112852, 32.35081060013674], [-4.828059247304055, 32.351910280417925], [-4.827762411836816, 32.35290045769245], [-4.826825023407876, 32.353541416575], [-4.826211497419303, 32.35453617828092], [-4.827281489757861, 32.35523767587716], [-4.828578848755597, 32.35674249054848], [-4.829215816700788, 32.35691250084973], [-4.829224838130388, 32.357360494173065], [-4.8309372851272245, 32.35850076066285], [-4.830913000056342, 32.362534227593386], [-4.833886952306429, 32.36338724953046], [-4.835470461434694, 32.36336420514611], [-4.836227548259911, 32.3642494264859], [-4.837397862240903, 32.36468049801243], [-4.837936585815752, 32.36521039248823], [-4.838386071427228, 32.36654820660385], [-4.838922997647885, 32.36698849805537], [-4.8390521599465, 32.36815173231114], [-4.840218905412706, 32.36840357912823], [-4.840329926305338, 32.36867083177485], [-4.8403462710608505, 32.36947721319945], [-4.839636299953645, 32.370921567390646], [-4.8367766882687535, 32.37051514526953], [-4.834348450819729, 32.37055050393687], [-4.833289075621078, 32.370386666154886], [-4.8321150882256045, 32.369776362127546], [-4.830846382487222, 32.36970517034679], [-4.828436202741022, 32.370636399223045], [-4.826781238778597, 32.37236326293761], [-4.825181352976534, 32.37157981597038], [-4.822753071310794, 32.37161495237372], [-4.8222377723752095, 32.37224977616538], [-4.820867050588704, 32.37235920880389], [-4.819088372728733, 32.37319151337788], [-4.818542526149159, 32.37230314077284], [-4.81852637321624, 32.37149674987482], [-4.818943298402788, 32.37122185980031], [-4.819132909587275, 32.3701436250206], [-4.819012972698845, 32.369428356581714], [-4.818368754614288, 32.368899901366], [-4.818347222395794, 32.36782471279273], [-4.814906190004024, 32.36473742374059], [-4.813217068629701, 32.364761729199714], [-4.811939499705741, 32.36424234692893], [-4.8085630521953915, 32.364380454702165], [-4.806940280736582, 32.36243196881003], [-4.806165668410644, 32.36065056289955], [-4.804659262256891, 32.35923812906434], [-4.802957783910874, 32.35863509402092], [-4.802090165702376, 32.35748236753516], [-4.80166080777181, 32.357130001775104], [-4.800923650272157, 32.357230158450946], [-4.800488970118713, 32.35660898820336], [-4.799751815188005, 32.35670913792848], [-4.799037727320854, 32.357974085500864], [-4.799257727530899, 32.35841907355004], [-4.798008700049687, 32.35933314635116], [-4.797731021392972, 32.36130886630792], [-4.796344472111848, 32.36061162552798], [-4.7955052552391955, 32.360892456278634], [-4.792651414920864, 32.3607538149969], [-4.791821022543357, 32.361482623909595], [-4.7900087135121225, 32.360612111384604], [-4.789259155941586, 32.36008499712716], [-4.7897675652255, 32.35909189890116], [-4.789427923417153, 32.35793158604843], [-4.78739929368418, 32.35679522619705], [-4.78738871567414, 32.35625762172424], [-4.786744770932266, 32.35572899391527], [-4.787152914103782, 32.35500620360564], [-4.786292575076743, 32.354211762672264], [-4.786915357519794, 32.35366518377015], [-4.786693667310291, 32.35313057047412], [-4.78751874091679, 32.35213299327376], [-4.785998671916705, 32.35000351221854], [-4.785988104960387, 32.349465906754986], [-4.784914964378873, 32.348584842254425], [-4.784584227941105, 32.34787251594315], [-4.782687802775755, 32.34807859087505], [-4.781941906617815, 32.34773062919577], [-4.781926093666141, 32.346924218906786], [-4.783185675269515, 32.34654791065529], [-4.783176884489374, 32.346099905172416], [-4.782638587755828, 32.34556975966152], [-4.782796957177391, 32.34287874116297], [-4.78194380148579, 32.34244266849157], [-4.781818933649684, 32.341458546267646], [-4.781498786571951, 32.34128381681729], [-4.781806638455158, 32.34083133760844], [-4.781579744409314, 32.34002790833313], [-4.77979427991963, 32.34050124744843], [-4.779574421102323, 32.34005621931112], [-4.7785084679660494, 32.3395334985299], [-4.77788046810157, 32.339811231092185], [-4.777241953080375, 32.339551351779434], [-4.775632554485067, 32.338229626932524], [-4.775727594494283, 32.33769053157557], [-4.774545655889686, 32.3366316513595], [-4.775154400236035, 32.33536831769291], [-4.774832537999835, 32.33510396828728], [-4.774802803230861, 32.33358073982024], [-4.774370166915313, 32.33304906868241], [-4.774458216073769, 32.33215156690041], [-4.773925299133618, 32.331890183602965], [-4.772984226262119, 32.33235154640319], [-4.771717807596079, 32.33236934069339], [-4.770563901998783, 32.33274404859387], [-4.770259507303987, 32.333375705732635], [-4.768801174438584, 32.334382054887854], [-4.768373796370387, 32.33411916809867], [-4.766901499310745, 32.334408680064975], [-4.76636684823193, 32.33405766253187], [-4.762996603682657, 32.33446331983515], [-4.761527753006262, 32.3349319744159], [-4.760399793785498, 32.33665062677962], [-4.759249250891452, 32.337204439173796], [-4.758301112296536, 32.337307286884936], [-4.757681723078913, 32.338032932784486], [-4.753681481117122, 32.338626375956196], [-4.752639868970495, 32.33935786793026], [-4.750537612474389, 32.33983519719235], [-4.7503316989093625, 32.34010693517267], [-4.749381792425207, 32.34012011436253], [-4.747715464860929, 32.34130836398278], [-4.746140870539157, 32.34177830799651], [-4.7443757991513165, 32.34332638899652], [-4.743095460713981, 32.34262707677446], [-4.741828878598932, 32.34264457600277], [-4.739494804657388, 32.342049402091504], [-4.7387679672890926, 32.342686813340634], [-4.738568867426257, 32.34331694659869], [-4.738039406275013, 32.34323461737264], [-4.736793359358204, 32.344327306567635], [-4.734672080807028, 32.34381873999432], [-4.734241330754607, 32.34337652901658], [-4.733184123387847, 32.343301435262184], [-4.731493618564471, 32.34323502886593], [-4.730131704328832, 32.343791482055074], [-4.72844459872589, 32.343904242501], [-4.727698929960502, 32.34355595127315], [-4.726224627236148, 32.343755393722944], [-4.723674414673218, 32.34289400181091], [-4.722525252879044, 32.343537093013175], [-4.720393885202671, 32.34249065797426], [-4.719212501477729, 32.341431239708704], [-4.716330545436889, 32.3397675710728], [-4.715472644295248, 32.339062223078194], [-4.7148157052025255, 32.33781637200041], [-4.713539037494383, 32.33729595769527], [-4.713532281859422, 32.33693753944143], [-4.7123527380063805, 32.33596765544577], [-4.712015862887686, 32.33489669759814], [-4.711161414378119, 32.334370526453164], [-4.710067246287564, 32.33232392969957], [-4.70934979760867, 32.327852269798804], [-4.71006831143445, 32.32676699935608], [-4.7102507308352095, 32.32524085521909], [-4.7109826990338, 32.32487241918209], [-4.71096415791975, 32.323886765670345], [-4.711275685967006, 32.32361365715433], [-4.711454709436916, 32.321908301693846], [-4.71187006904686, 32.321544155495914], [-4.711854893060213, 32.320737711674475], [-4.712695717258283, 32.32054704476652], [-4.712867962469121, 32.31848326818186], [-4.714013512208547, 32.31766106138412], [-4.7140033836697315, 32.31712343245443], [-4.715363323770663, 32.316477556714396], [-4.715458706767533, 32.31593849348235], [-4.716508825474983, 32.31565532863395], [-4.716485160073618, 32.31440086229823], [-4.717215325110574, 32.31394278859054], [-4.717094590513, 32.31313778198405], [-4.7179217994832525, 32.31223024505418], [-4.717806135993987, 32.31169405322923], [-4.718320170296681, 32.31097003238311], [-4.720721556492835, 32.30959289305609], [-4.722722879343398, 32.309386331365516], [-4.723873316794835, 32.30883285434327], [-4.726825903203219, 32.308702856814804], [-4.727664880283265, 32.308422490342444], [-4.732737864640807, 32.308801071542725], [-4.733049275237764, 32.30852791264173], [-4.734528114847789, 32.308597221453304], [-4.7366280441779045, 32.308030575004786], [-4.737041528213444, 32.30757674691818], [-4.739890245458943, 32.30753750169883], [-4.740215335512138, 32.307981155746404], [-4.74201069291962, 32.308046011541634], [-4.745477000542217, 32.30719146753202], [-4.746305585394807, 32.306373358764056], [-4.747990242535589, 32.306170780236464], [-4.748146185925967, 32.3033005490006], [-4.748462693599643, 32.303296164262775], [-4.7484540883129815, 32.30284814730728], [-4.747930019132847, 32.303034661473866], [-4.7463388893710885, 32.30260855291897], [-4.7463268569715895, 32.301981328391705], [-4.745889386392158, 32.30118073536824], [-4.745463949405915, 32.301007365442906], [-4.745559141137853, 32.300468284908504], [-4.745235771980636, 32.30011424768815], [-4.745649177657683, 32.2996603935815], [-4.74542100244449, 32.29876727592563], [-4.74351518312472, 32.298435108674575], [-4.74282388525933, 32.2953973239981], [-4.742187494089151, 32.295226854908236], [-4.742915658345092, 32.29467903711103], [-4.742464539119246, 32.29316159861097], [-4.742039146317128, 32.29298821539973], [-4.742202131359726, 32.290476395555345], [-4.744220131477144, 32.2911655464382], [-4.745671210633159, 32.28980107474052], [-4.748536561538985, 32.2906576897208], [-4.751061377889753, 32.29026418018799], [-4.751697748376762, 32.29043460527825], [-4.753150424934765, 32.28915965511497], [-4.753883649718827, 32.28888058754293], [-4.75512357613835, 32.28751894403115], [-4.7576430841806845, 32.28685649701413], [-4.758033887619012, 32.285237764325345], [-4.759885807651457, 32.28279202437073], [-4.759664467025948, 32.28225734618983], [-4.758920934124163, 32.281998826041225], [-4.758907094808582, 32.28128200049581], [-4.759534761967768, 32.281004372090266], [-4.759520918355471, 32.28028754666854], [-4.7627837137917375, 32.27988352150275]]]}}, {"type": "Feature", "properties": {"id": 11, "name": "Subbasin 11", "Subbasin": 11, "AREA_HA_TOTAL": 26027.9, "HRU_COUNT": 19, "DOM_LANDUSE": "PAST", "DOM_LANDUSE_HA": 19121.08, "DOM_LANDUSE_PCT": 73.46, "DOM_SOIL": "I-Bk-X-2c-1237", "DOM_SOIL_HA": 26027.9, "DOM_SOIL_PCT": 100.0, "DOM_SLOPE_BAND": "0-9.0", "DOM_SLOPE_BAND_HA": 13000.34, "DOM_SLOPE_BAND_PCT": 49.95}, "geometry": {"type": "Polygon", "coordinates": [[[-4.595029733336765, 32.3219998512432], [-4.591548724721499, 32.32213344081804], [-4.590591094661002, 32.32169736681664], [-4.5885875430318475, 32.32181223964885], [-4.587522833683709, 32.321287860008034], [-4.584572615856095, 32.321593837271635], [-4.5838260869360505, 32.32115505968966], [-4.582559701257897, 32.32117095047147], [-4.58191715856837, 32.32064122668747], [-4.580649221896215, 32.32056748729551], [-4.579792520131941, 32.31986117444143], [-4.57831975213292, 32.32014849728697], [-4.576305341905816, 32.31963589769385], [-4.575676813540394, 32.31991263967377], [-4.575250034362184, 32.31964907745478], [-4.575096410490633, 32.31687245186441], [-4.574332909268495, 32.31544789276193], [-4.574311203701209, 32.314193336655045], [-4.574598315887652, 32.312486774578005], [-4.575017304025463, 32.31230228463708], [-4.575115071213957, 32.311852911742434], [-4.574994040828211, 32.310958117141965], [-4.575411469975071, 32.31068401492777], [-4.575380446899689, 32.3088917914142], [-4.575799417100251, 32.308707299342935], [-4.575656667827252, 32.306557948235984], [-4.575954596726284, 32.30547866117654], [-4.573920384531158, 32.303801064969804], [-4.573357200876185, 32.30174658178591], [-4.572601602852486, 32.30077006118266], [-4.570044658802671, 32.29936780244675], [-4.567936049726126, 32.29948364550182], [-4.567504761960487, 32.2989512175795], [-4.566133167901173, 32.298968244217264], [-4.565704974873076, 32.29861503319133], [-4.56464682579682, 32.298448893169336], [-4.562718481764845, 32.296769795266286], [-4.562282624983789, 32.29596851213818], [-4.556692435376422, 32.29612721022986], [-4.5535028380885585, 32.2947324088166], [-4.551602255989074, 32.29466615445085], [-4.550857630228713, 32.294316780618104], [-4.549276614106202, 32.294425826771665], [-4.547996869866233, 32.293634846319684], [-4.546307315224715, 32.29356592354684], [-4.545553592866236, 32.292678841363866], [-4.545645406270183, 32.29187103530698], [-4.544902345252179, 32.291611237505286], [-4.544355092449775, 32.29045272623882], [-4.542101692220372, 32.28823948862934], [-4.542192016398912, 32.28734207082012], [-4.541345023427931, 32.28717315209343], [-4.541233463787509, 32.28681598825281], [-4.540598981390146, 32.28673410125609], [-4.539663163444172, 32.28755220145927], [-4.538499686750004, 32.28738712307598], [-4.538187740640344, 32.28765981891412], [-4.537229206446633, 32.287133705352815], [-4.536899114080727, 32.286331040443756], [-4.535848705260378, 32.286612718529234], [-4.533841291034983, 32.286457861126], [-4.533425347311273, 32.286821440554036], [-4.533417804888253, 32.28637337409009], [-4.532037335450649, 32.28585234449746], [-4.531811279459707, 32.284958770976566], [-4.530542354625079, 32.284794897667524], [-4.529986296966632, 32.283098635194], [-4.529454330224978, 32.28283618557338], [-4.529446808486637, 32.282388117993264], [-4.528167401559214, 32.281596924570536], [-4.529314243563277, 32.28077635223187], [-4.5293097312722805, 32.28050751158242], [-4.528886276585561, 32.28042300829316], [-4.528764250139652, 32.27943853623119], [-4.527911341843974, 32.278911069664275], [-4.5273673892401565, 32.277931700888495], [-4.527451844906845, 32.27667583336509], [-4.526921424806811, 32.27650298515019], [-4.527114371157262, 32.27542506925694], [-4.524683786424618, 32.27518554640122], [-4.522862143991204, 32.27350452225402], [-4.522334744137308, 32.2735108817326], [-4.52222028394223, 32.27297446965708], [-4.521362986352724, 32.27217811336362], [-4.520620151567953, 32.271918164824335], [-4.521129596327976, 32.270836444507324], [-4.520789243501277, 32.26940643096093], [-4.521523083191162, 32.26912869500235], [-4.522895754198531, 32.26920178056392], [-4.523112693522962, 32.26955769227749], [-4.525222199703811, 32.26953223092892], [-4.525968027108648, 32.26997138036115], [-4.526590375747878, 32.26933643452316], [-4.527961549516528, 32.26931985100009], [-4.528365419069737, 32.26823938029313], [-4.528998260502454, 32.268231719545554], [-4.529109746791869, 32.268588897374826], [-4.529953538256204, 32.26857867727005], [-4.5300454752524795, 32.26777087609788], [-4.530782281067867, 32.2676723148742], [-4.5315341405213045, 32.26846988575962], [-4.53195452929223, 32.26837515471784], [-4.531950011376301, 32.26810631387213], [-4.532582850823933, 32.268098635193255], [-4.532588877211285, 32.26845708954569], [-4.533637582701134, 32.26808583035294], [-4.534173997332536, 32.268617105755226], [-4.534187571200732, 32.26942362735022], [-4.535132315520383, 32.26914325050972], [-4.5353281708780075, 32.26824455124806], [-4.534796278237047, 32.26798212136267], [-4.534788734560697, 32.267534053848856], [-4.535415531887873, 32.267167907139516], [-4.535409494688797, 32.266809453189055], [-4.534974028697542, 32.2660080602942], [-4.536131185936131, 32.26581472638745], [-4.536432494969842, 32.26491474253783], [-4.537600214078878, 32.26534868971607], [-4.53876038138542, 32.26533455889017], [-4.539176208627815, 32.264970964347235], [-4.5401239180394, 32.264869778513194], [-4.540958583041161, 32.26432180615668], [-4.54253757656812, 32.26412326623894], [-4.5452600014815285, 32.262924772313276], [-4.546948986746178, 32.262993726969405], [-4.5499203291131645, 32.26403287552175], [-4.551710228029085, 32.2638316327221], [-4.5540182886995355, 32.26308620042188], [-4.55844786970773, 32.263031616708304], [-4.56023619158102, 32.26274064168535], [-4.562007614376046, 32.26146390494229], [-4.562505759018736, 32.25975474583288], [-4.564993786125219, 32.25721426111688], [-4.56540177857002, 32.25640252232478], [-4.5650715641545005, 32.25559993156052], [-4.565909066758587, 32.25523102553263], [-4.566444045588701, 32.255672549051695], [-4.567473975187244, 32.25422566921083], [-4.569032682696414, 32.25286184539811], [-4.568697827556108, 32.25179042743631], [-4.569434453473619, 32.25169164573185], [-4.5699108218917575, 32.24872788902111], [-4.571055327825399, 32.247817345669475], [-4.572289814348567, 32.24600935804412], [-4.5713876019657835, 32.24261458791851], [-4.572536651365534, 32.24197286999794], [-4.572528929996464, 32.24152480867027], [-4.572947602627194, 32.24134033370224], [-4.573456262293243, 32.24025842182299], [-4.574188151870819, 32.23989077862062], [-4.573951000905807, 32.238369997878955], [-4.574572799077073, 32.237734829611426], [-4.575069049393745, 32.2359360139643], [-4.575593125049789, 32.23575021664358], [-4.575766863329967, 32.23359689347521], [-4.575292559879437, 32.23055533458171], [-4.573888011578306, 32.22860094135644], [-4.57100142989701, 32.22630643734536], [-4.571132098197652, 32.22164396196303], [-4.570691932710971, 32.2205738518415], [-4.569833197796776, 32.219688203361066], [-4.569918588425756, 32.218521928826235], [-4.568742102502313, 32.217550586858614], [-4.567895721591946, 32.21738182576162], [-4.566824683385247, 32.21640915692111], [-4.566818534783632, 32.2160507054278], [-4.566072972950648, 32.21561178603217], [-4.565177480559229, 32.21257539110959], [-4.564321944946958, 32.21186892612578], [-4.5634786912476795, 32.21187935952928], [-4.562300827458889, 32.21081833864996], [-4.560612806645221, 32.21074955905568], [-4.558361075886366, 32.208536535768665], [-4.556440920922112, 32.207215709891116], [-4.556019314009377, 32.207220900347885], [-4.5555870278786905, 32.20659879499853], [-4.557870710836384, 32.2045091301454], [-4.557754619447251, 32.20388313496279], [-4.558464896503909, 32.20226099994066], [-4.560641483736932, 32.2000829748598], [-4.560730044819031, 32.19909592670947], [-4.5624910731913415, 32.197281529473955], [-4.563431919065894, 32.19682173717453], [-4.563523513708618, 32.19601391422634], [-4.564884358671932, 32.19545928453513], [-4.5650782580708595, 32.19447092980392], [-4.566023666936649, 32.194279959027526], [-4.566750620661939, 32.19364352734286], [-4.5686883674827286, 32.18985494763563], [-4.57036215168585, 32.189117113617996], [-4.5706382721289005, 32.186783246147364], [-4.571264377709169, 32.186416938831634], [-4.571668944448342, 32.18542595650551], [-4.572814207625245, 32.184605027002775], [-4.573223374659414, 32.18388287940202], [-4.573110293777285, 32.18343612497136], [-4.57362790987629, 32.18289189144716], [-4.573722489266868, 32.18226328879052], [-4.573598616191137, 32.181189243190815], [-4.57454386834589, 32.18099821319298], [-4.575998983606205, 32.17981486872526], [-4.577890989723482, 32.17952237994107], [-4.579240670053533, 32.17834031458957], [-4.580918802283701, 32.17787118735827], [-4.582183201724499, 32.17785537549439], [-4.582908362721199, 32.1771292442463], [-4.583537454441089, 32.176942104696494], [-4.585647868736848, 32.17709492685995], [-4.586156051425065, 32.17601296935739], [-4.588568535144741, 32.17535526585781], [-4.590437034118577, 32.173718406318315], [-4.592015894949891, 32.173608910485875], [-4.592849423656629, 32.173060623819865], [-4.593903028436153, 32.17304735053177], [-4.597252658107245, 32.17175024661636], [-4.599251341117013, 32.17154572691261], [-4.599664941594526, 32.17109233711856], [-4.600608459744733, 32.17081150497245], [-4.603346182811795, 32.17068719839588], [-4.605439176080575, 32.16985396334221], [-4.607966147536426, 32.16973223217965], [-4.612472759064396, 32.16833038546055], [-4.614053069092432, 32.16831022973254], [-4.6146772869332615, 32.167854104565926], [-4.618787649013614, 32.16789119902946], [-4.6200407825878145, 32.16724773444128], [-4.62172642031617, 32.16722613411202], [-4.624141569670803, 32.166746988986674], [-4.625503181948607, 32.16628134122163], [-4.626856815232747, 32.16536762439074], [-4.628330118721695, 32.16525903595445], [-4.630844138318689, 32.16441996599967], [-4.630944696404574, 32.16414977534434], [-4.631892830622365, 32.16413754725211], [-4.632927127539354, 32.16304862349336], [-4.633659757492975, 32.162770270006966], [-4.635027661286971, 32.16266296557385], [-4.6367019855543585, 32.16201389434219], [-4.638387512925961, 32.161992075193105], [-4.639013166901736, 32.16162544532886], [-4.64006501044169, 32.16152218146429], [-4.640789573441199, 32.160795735647845], [-4.642677722047919, 32.16032307546123], [-4.643092661143469, 32.15995916187378], [-4.645823516372018, 32.15947550705873], [-4.646170160686341, 32.16117398849502], [-4.646601208684226, 32.16170616523938], [-4.6466221652486865, 32.162871096875044], [-4.648129280339489, 32.164644091014026], [-4.648469534705929, 32.16598412278739], [-4.648788811882134, 32.16615922351195], [-4.64869637696297, 32.166877476459824], [-4.649129082477483, 32.167499252696594], [-4.648942600324822, 32.16884614868589], [-4.650172585084262, 32.17277386870277], [-4.65023077235797, 32.175999821220714], [-4.6500345969627945, 32.17680905856666], [-4.649617997237947, 32.17708338583833], [-4.64973628774916, 32.177798889636094], [-4.649319682710996, 32.178073216062344], [-4.64933422412007, 32.17887970402581], [-4.650404034503973, 32.17976205525835], [-4.652101206793684, 32.180367310194136], [-4.6525404790454274, 32.18134750898632], [-4.6537124765045315, 32.182049233843344], [-4.654260385128135, 32.18320726654956], [-4.655006075744621, 32.18364566269843], [-4.655447018132213, 32.18471545876274], [-4.656088978379127, 32.18524483664585], [-4.656333804696858, 32.18712387273608], [-4.657726401217191, 32.188360451153656], [-4.657745896442969, 32.189435762093154], [-4.658799655819817, 32.18942194210503], [-4.659213029010334, 32.18896836578553], [-4.659201646812697, 32.18834110151461], [-4.660456378595866, 32.18778684762421], [-4.660660616883011, 32.187425643416965], [-4.661617119714897, 32.18786123008977], [-4.663390545284036, 32.186851977978165], [-4.664348685024701, 32.187377152764206], [-4.665175353045462, 32.18646996475572], [-4.666011799895573, 32.18610042523505], [-4.669800267277823, 32.185781562679814], [-4.670738784257341, 32.185231383758065], [-4.671896220346205, 32.18512645533569], [-4.672615783819427, 32.18413100600842], [-4.673987221271031, 32.18420248847764], [-4.674713318148575, 32.183565462309204], [-4.676499650285126, 32.1832729012322], [-4.677752557283886, 32.18262887264311], [-4.6793067374819, 32.18117415955554], [-4.680462462576831, 32.18097954636071], [-4.682762356546885, 32.179963031201915], [-4.683382994700399, 32.17932735998907], [-4.683159077717344, 32.17861329909668], [-4.684622595062732, 32.17796640094483], [-4.685993943142656, 32.178037756025425], [-4.687236792321314, 32.17685598914969], [-4.690078195800754, 32.17663878895358], [-4.690914446237454, 32.17626909054103], [-4.691554884903151, 32.176708676210446], [-4.693775728276774, 32.17712710176836], [-4.6951669927982875, 32.1782736499687], [-4.698219134325385, 32.17805344122999], [-4.699070341543513, 32.17849015720671], [-4.701461977759088, 32.17675503562009], [-4.703351764612044, 32.17637107737435], [-4.704177939308252, 32.17546364930517], [-4.705331858822957, 32.175179205586176], [-4.706055989165235, 32.174452401159584], [-4.71035213044632, 32.17313955889597], [-4.71524162280951, 32.169757045991744], [-4.716086104605031, 32.16983522050672], [-4.71660781256869, 32.169559252055585], [-4.7178366848572715, 32.16766034613124], [-4.719502041538642, 32.16656216231261], [-4.719704314833385, 32.16611126443241], [-4.720961723039541, 32.16573564443285], [-4.721583680577636, 32.16518940337918], [-4.724240928075166, 32.16640802218762], [-4.726025046091883, 32.16602517109707], [-4.726451498518797, 32.16628823946725], [-4.726485308935775, 32.16808036679384], [-4.725356896034377, 32.169709094421115], [-4.723796908763987, 32.17080591857557], [-4.723737137629703, 32.17322672794021], [-4.723115141098593, 32.17377298036799], [-4.723125267243713, 32.17431061893202], [-4.727961434416746, 32.17370685908573], [-4.728496669187978, 32.174147691685675], [-4.730185729580878, 32.17430385425929], [-4.729766005365863, 32.17439922491395], [-4.728941795136362, 32.17539641738], [-4.728958730310102, 32.17629247864074], [-4.7280274440959635, 32.17720149998379], [-4.727532806668194, 32.17891121412368], [-4.728805594604209, 32.17934196681772], [-4.7300902583562525, 32.180399948338426], [-4.730219351202545, 32.18165299072237], [-4.7296142860648756, 32.18309533497785], [-4.729840269491277, 32.18389890621371], [-4.730487723446268, 32.18469670960548], [-4.731232074430269, 32.18504503718075], [-4.731893125362138, 32.186559679322414], [-4.733601106596937, 32.18770145124986], [-4.734695603866892, 32.18983753607576], [-4.736942465147039, 32.19159926804284], [-4.7372756147932895, 32.19249097977559], [-4.738341292620983, 32.19310373404653], [-4.738455188267204, 32.193550312282575], [-4.739310132314574, 32.19416595538756], [-4.739772569040531, 32.19631068397631], [-4.739473482707682, 32.19721108740598], [-4.7394857740247955, 32.20339530174384], [-4.739293759165579, 32.20438385961817], [-4.738573086224218, 32.20529006074167], [-4.738408335501561, 32.2077123012], [-4.736232550120668, 32.20971403814142], [-4.736147588883018, 32.21079074942091], [-4.7356359287069685, 32.211604434753596], [-4.735819649855746, 32.215724829586065], [-4.7353062587431936, 32.21644890879774], [-4.735646306177373, 32.217699039771354], [-4.735634563121691, 32.22262877235301], [-4.735015723451466, 32.22335429878888], [-4.735039560320384, 32.22460877095809], [-4.734325502207133, 32.225873372712854], [-4.734657065312546, 32.22667547813919], [-4.735289553463091, 32.2266667938228], [-4.735311693975105, 32.2278316600656], [-4.732183213018366, 32.229667156421634], [-4.731984276644577, 32.230297283104754], [-4.73062402087706, 32.230853692790205], [-4.729908157521332, 32.232028666915646], [-4.7301359836591885, 32.23292183266111], [-4.7298282077413445, 32.23337418942523], [-4.729307884648684, 32.2337398262961], [-4.72803941325543, 32.23357792457317], [-4.727837048229584, 32.23402883493638], [-4.727313321671131, 32.23421525322397], [-4.7275343451040985, 32.23475000262403], [-4.726911970706683, 32.2352962823573], [-4.72692044786437, 32.235744309236736], [-4.726194331638729, 32.23638163211037], [-4.72556177314839, 32.23639027322476], [-4.725054965114478, 32.23747273706808], [-4.724425784923075, 32.237660583668074], [-4.724559998894725, 32.23918243719523], [-4.724983411482316, 32.2392662851191], [-4.725097310779019, 32.23971287255055], [-4.725930584592564, 32.23916372020749], [-4.72699335919475, 32.239597339004824], [-4.729523678507245, 32.23956272384539], [-4.730174945752046, 32.24053971887976], [-4.730914662064837, 32.240619214293886], [-4.732618571303484, 32.241492140429024], [-4.734516344939098, 32.24146609797354], [-4.734511235127092, 32.24119728317409], [-4.7348275295640745, 32.24119294004068], [-4.734938072080808, 32.241460306893295], [-4.736626684790212, 32.241526733337786], [-4.738237178771292, 32.24302826372604], [-4.73908747722387, 32.24337507358182], [-4.740138396498181, 32.24318134506755], [-4.740461533824343, 32.24353540609751], [-4.741175631683603, 32.24227077117917], [-4.741808225688712, 32.24226205050216], [-4.742534273350439, 32.24162464058355], [-4.741782569148612, 32.24091798176131], [-4.741658325812485, 32.239933784693484], [-4.743525242205254, 32.23829472597772], [-4.744366950283038, 32.238193478788475], [-4.745305515329463, 32.2376427472906], [-4.745836077422143, 32.23781467286759], [-4.74867573453129, 32.23741688749973], [-4.749729997438779, 32.23740229065317], [-4.750265721023511, 32.237843010104434], [-4.751218000177562, 32.23800906961419], [-4.753219387907565, 32.23789168325493], [-4.7538364495771965, 32.23707646676755], [-4.754785280067167, 32.23706329137767], [-4.755620065953193, 32.236603554004795], [-4.756463465687412, 32.236591831147855], [-4.757296513091811, 32.23604247917994], [-4.759083543223314, 32.235748726492766], [-4.761117717225417, 32.237333688390436], [-4.761750270260955, 32.237324869080815], [-4.762928990227456, 32.23829433197435], [-4.763668707477389, 32.238373635201555], [-4.764738567802539, 32.23916534458253], [-4.765502563358097, 32.24049908545664], [-4.766249237613486, 32.24093678655159], [-4.76648264691319, 32.24209868245158], [-4.766906104883809, 32.24218238795606], [-4.767666687002206, 32.24333690647351], [-4.768003818925, 32.244407719582426], [-4.768432499225896, 32.244760229305506], [-4.768446393857083, 32.245477055316975], [-4.768875081023644, 32.245829563242765], [-4.768672896790015, 32.2462805320774], [-4.768992677964057, 32.246455309233895], [-4.769006577905208, 32.247172134835715], [-4.7698674531110745, 32.24805635067976], [-4.769824600385326, 32.25128354035525], [-4.764571601499232, 32.25234293979506], [-4.764421386638468, 32.25548200212846], [-4.763842434005024, 32.25826854177515], [-4.764170917389696, 32.258891346023745], [-4.764236798223193, 32.26229626901953], [-4.764663817785151, 32.262559184944095], [-4.764695036246477, 32.26417204208311], [-4.764385603723619, 32.26453487546473], [-4.764608657941136, 32.26515915048987], [-4.762731213040834, 32.266260900957406], [-4.7626448125197625, 32.26724800852676], [-4.761384485962496, 32.267534477289786], [-4.760973030288214, 32.26807798058955], [-4.760985147702822, 32.26870520356176], [-4.761517651421897, 32.26896665831571], [-4.7612133845918585, 32.26959829442861], [-4.761960284671336, 32.27003601130517], [-4.762736652171391, 32.27199697715399], [-4.761707977512516, 32.27335574429335], [-4.761322476174574, 32.27524329669609], [-4.761611365410719, 32.279272494595645], [-4.761829243886269, 32.279627963296804], [-4.762356615705124, 32.27962060256907], [-4.762785447397173, 32.279973124533505], [-4.759520918355471, 32.28028754666854], [-4.759534761967768, 32.281004372090266], [-4.758907094808582, 32.28128200049581], [-4.758920934124163, 32.281998826041225], [-4.759664467025948, 32.28225734618983], [-4.759885807651457, 32.28279202437073], [-4.758033887619012, 32.285237764325345], [-4.7576430841806845, 32.28685649701413], [-4.75512357613835, 32.28751894403115], [-4.753883649718827, 32.28888058754293], [-4.753150424934765, 32.28915965511497], [-4.751697748376762, 32.29043460527825], [-4.751061377889753, 32.29026418018799], [-4.748536561538985, 32.2906576897208], [-4.745671210633159, 32.28980107474052], [-4.744220131477144, 32.2911655464382], [-4.74124074684416, 32.2898622682556], [-4.73955294758249, 32.28988553920655], [-4.736415652707833, 32.291362777761826], [-4.73377841531068, 32.291399029431176], [-4.732927678348144, 32.291052201140076], [-4.730925084504117, 32.29116930622299], [-4.728274241841337, 32.290488606813504], [-4.727857386304728, 32.290763197080416], [-4.724907080333405, 32.290982803749024], [-4.7218682082123244, 32.29209982913179], [-4.720917095076874, 32.29202317209348], [-4.7191322039313945, 32.29249563422184], [-4.718613200503254, 32.292950841761986], [-4.717035884630479, 32.29324119227834], [-4.71407196791131, 32.29274370817095], [-4.71178313915826, 32.29447770307616], [-4.711383054141165, 32.295648293625135], [-4.7097052158158705, 32.2962088010693], [-4.708978512590221, 32.296846039682855], [-4.706352833018519, 32.297508961915206], [-4.704368494144764, 32.29861131212771], [-4.703944818823021, 32.29852740456855], [-4.702906583047579, 32.299437699386054], [-4.700902070072554, 32.29946472973749], [-4.699014760607894, 32.30011754850833], [-4.696804235226956, 32.30041617217355], [-4.696601580389163, 32.30086703821392], [-4.6948180437539575, 32.30142877182814], [-4.6938651787419206, 32.301262307526166], [-4.692307615368225, 32.30262762846059], [-4.6894855892092435, 32.30409949332422], [-4.6888525485905035, 32.30410796645133], [-4.687881387825843, 32.302955789131516], [-4.685429874172058, 32.30164412487635], [-4.685016150352701, 32.302097792002954], [-4.68218573538971, 32.303121464780915], [-4.68146374468939, 32.30402737213581], [-4.680001528526657, 32.30485350321052], [-4.678842591246668, 32.30495855461308], [-4.676958297818354, 32.305790265378924], [-4.67294564197635, 32.30566426575278], [-4.672739563198582, 32.30593588365648], [-4.671160205978509, 32.30613606557966], [-4.670523856127266, 32.305965233280695], [-4.670004526595814, 32.30642025066151], [-4.668947778278943, 32.30634460177945], [-4.667165588364649, 32.30699556038928], [-4.662218003863196, 32.30768822824009], [-4.6607620858457315, 32.30887257315877], [-4.657073991822664, 32.309189943830866], [-4.656026999976341, 32.30965183304609], [-4.655283505554137, 32.309392700846644], [-4.65222682895381, 32.30961201729986], [-4.649507794664306, 32.310992025459136], [-4.648246460319482, 32.31127739452905], [-4.646655593296019, 32.31085001839579], [-4.646327695439816, 32.31022689249014], [-4.643258015626307, 32.309729128104], [-4.641146083180879, 32.30966698274823], [-4.640412317883074, 32.30994541134194], [-4.6394610579428965, 32.30986814433263], [-4.63914935131564, 32.31014108160851], [-4.637040632703593, 32.310258084607135], [-4.636751479987947, 32.31178553456269], [-4.635814699478295, 32.312514716861166], [-4.634546856861474, 32.31244151689872], [-4.632338985603467, 32.312918244417304], [-4.630438018369235, 32.312853191772106], [-4.629916838083129, 32.31321844275201], [-4.6286521952895665, 32.31332440126248], [-4.628132608195673, 32.31377925396287], [-4.6264538773213975, 32.314338680492504], [-4.62562410926107, 32.31515603901744], [-4.624157983369223, 32.31580232592991], [-4.623205071680478, 32.3156353289543], [-4.622370468768922, 32.316183840196246], [-4.621841249715516, 32.316101014079344], [-4.620072864925984, 32.31755780541182], [-4.619334182379725, 32.3175672878127], [-4.618080617961215, 32.31830040684624], [-4.616817478141198, 32.31849585857039], [-4.615252068061698, 32.3195018347355], [-4.611672030318824, 32.319995764284705], [-4.60884016810455, 32.3210178334394], [-4.60778644497167, 32.32112089536349], [-4.6069342837390685, 32.32068360269453], [-4.606203481806365, 32.32114105737799], [-4.605252121913973, 32.32106353534758], [-4.604625258935379, 32.32143002876501], [-4.6022043491366, 32.32181931456421], [-4.600407152409777, 32.32166286459626], [-4.595029733336765, 32.3219998512432]]]}}, {"type": "Feature", "properties": {"id": 12, "name": "Subbasin 12", "Subbasin": 12, "AREA_HA_TOTAL": 27324.76, "HRU_COUNT": 40, "DOM_LANDUSE": "PAST", "DOM_LANDUSE_HA": 17346.39, "DOM_LANDUSE_PCT": 63.48, "DOM_SOIL": "E12-2c-1152", "DOM_SOIL_HA": 20362.49, "DOM_SOIL_PCT": 74.52, "DOM_SLOPE_BAND": "25.0-9999", "DOM_SLOPE_BAND_HA": 19555.9, "DOM_SLOPE_BAND_PCT": 71.57}, "geometry": {"type": "Polygon", "coordinates": [[[-4.650048290878663, 32.42212415016334], [-4.650027079547178, 32.420959268417654], [-4.650742108067037, 32.41960548488204], [-4.652924655580129, 32.41760505569365], [-4.655128379234017, 32.41676947096485], [-4.656369851924189, 32.41531911117203], [-4.658144382859358, 32.41413060717884], [-4.658446536482171, 32.41331998129519], [-4.659699393992539, 32.412496833204735], [-4.660523129860792, 32.41132081957065], [-4.6612559915806795, 32.410952647394794], [-4.661026666792686, 32.409969767657984], [-4.660054654707198, 32.40881742028361], [-4.65980730479266, 32.40684887091893], [-4.659379874045873, 32.40658561821746], [-4.659046595896123, 32.40569373040309], [-4.6586191728411555, 32.405430474822566], [-4.658498795981476, 32.404625410032374], [-4.65774467585991, 32.40382868483876], [-4.657835556244609, 32.40302083934875], [-4.656543522238678, 32.40169341611298], [-4.656410077221158, 32.400171497727996], [-4.657241938780508, 32.39944353707175], [-4.655855800306625, 32.39874473749532], [-4.65573545944677, 32.39793966814992], [-4.65541533580442, 32.39776461841031], [-4.656339710448518, 32.39631842542187], [-4.658838432272927, 32.3943137441381], [-4.659034909428096, 32.39350450696261], [-4.659761079071787, 32.392777921961894], [-4.660368506911185, 32.39133587464464], [-4.660241579975205, 32.39017238461799], [-4.660967714173166, 32.38944579348795], [-4.6606410514680165, 32.388912331089244], [-4.660614811434122, 32.387478630569994], [-4.660177635434427, 32.386677738987544], [-4.65964797533372, 32.38659508703851], [-4.658895640726352, 32.38588796834263], [-4.658024617504418, 32.38446538240107], [-4.656316998089658, 32.383501926585105], [-4.655883150069459, 32.38288023088122], [-4.656406243633147, 32.382604473323624], [-4.657228133126463, 32.38133887684686], [-4.659551290920226, 32.38130831005195], [-4.660696472363004, 32.380396946775804], [-4.662377815387488, 32.379926643131675], [-4.6628893796010455, 32.37902361556024], [-4.665293406548427, 32.37764745817507], [-4.667268409375083, 32.37591841973973], [-4.667355896412706, 32.374931355338646], [-4.668286447254721, 32.37384350822122], [-4.668276567471869, 32.373305871372516], [-4.668797920054278, 32.372940458901205], [-4.669086678393164, 32.371412961007174], [-4.66980930028907, 32.37050711189797], [-4.670106276387279, 32.369427642542625], [-4.669670760077445, 32.36871638773349], [-4.670292718797422, 32.36808075308817], [-4.67031918750676, 32.36377825873201], [-4.667945476731306, 32.361031213443475], [-4.667701424324462, 32.359241879355096], [-4.668009912809005, 32.358789658089876], [-4.668745619917504, 32.358600667093555], [-4.669177783751686, 32.35913271543007], [-4.670881764737476, 32.35991679875127], [-4.672780418771835, 32.35980199554585], [-4.673196105482975, 32.359437967869766], [-4.674042331399917, 32.35951636342983], [-4.6749017768288095, 32.36031160151762], [-4.67639302524852, 32.36100880657437], [-4.677765480054526, 32.36099055103834], [-4.67944471252641, 32.36043042732134], [-4.679545314482635, 32.360160203605986], [-4.680914437783024, 32.359962702682914], [-4.682410702482792, 32.360928652316126], [-4.684946116422856, 32.360984422863254], [-4.6851655748809335, 32.36142962868303], [-4.686208001401896, 32.36069866972725], [-4.6871548256698645, 32.3605067481156], [-4.687372628859762, 32.3608623443543], [-4.688858976965976, 32.36129058220041], [-4.690650383542485, 32.36108731841341], [-4.691394398953899, 32.36134622256084], [-4.692977994185865, 32.361324968596755], [-4.693837617314115, 32.36212007122487], [-4.6945666030959075, 32.361572510070786], [-4.696368040061206, 32.36190679551374], [-4.697112077025961, 32.36216566510347], [-4.697871194199191, 32.363230974520164], [-4.700331289936759, 32.36490074177115], [-4.703508672989318, 32.36539561318653], [-4.704071869102905, 32.36727017567598], [-4.704708708873468, 32.36744082050632], [-4.7058700820895485, 32.36742511098881], [-4.706181769215193, 32.36715201128334], [-4.707137033657395, 32.36740796114267], [-4.709246930562145, 32.36728974546276], [-4.709873655406478, 32.36692273796379], [-4.711356820316288, 32.36717149464352], [-4.714418600759311, 32.367129894479945], [-4.715169497694579, 32.36774707032219], [-4.716870623431813, 32.36835130403101], [-4.7175210511213725, 32.369238714481035], [-4.718799893718682, 32.36984867371016], [-4.719343071951517, 32.37064790926018], [-4.720197916530142, 32.37117400880573], [-4.720642324263446, 32.372333093612895], [-4.7219297286042865, 32.37339103695848], [-4.7216214687100955, 32.37384338179613], [-4.721667352029781, 32.37626268014168], [-4.7252369291858045, 32.375138352753986], [-4.725647354813764, 32.37450534727861], [-4.72659422435817, 32.37431312770661], [-4.727428683561793, 32.373763934600504], [-4.728167781992617, 32.37375380396581], [-4.72962549199309, 32.37265829021561], [-4.73204537710771, 32.37217693034781], [-4.733191399097463, 32.37135453872212], [-4.733930475665401, 32.37134437497937], [-4.735607801838699, 32.37069390604272], [-4.736224156047811, 32.369789152347195], [-4.738124602083079, 32.36976296367659], [-4.739592424699295, 32.36920495769872], [-4.74115206189074, 32.36792865451671], [-4.7429365667488135, 32.36736623622187], [-4.74336575678745, 32.36771880777166], [-4.743488539100154, 32.368613374739134], [-4.742550368332864, 32.369253731821566], [-4.742562405910074, 32.369880950918265], [-4.743088586390529, 32.369784049907246], [-4.743516068241901, 32.37004701771999], [-4.743328994328119, 32.371304375500664], [-4.741134114692925, 32.3724998548868], [-4.738613841607264, 32.37325165280081], [-4.737152806616889, 32.374168061191014], [-4.7363269750289545, 32.37516533150843], [-4.736357826065131, 32.37677818430486], [-4.7366745915979465, 32.37677382034358], [-4.736690020851506, 32.377580246441944], [-4.737546742886408, 32.378195824906015], [-4.737557034715023, 32.37873344194672], [-4.738199158808387, 32.379172720749004], [-4.73843265242666, 32.38033464440017], [-4.739069641402154, 32.380505109886876], [-4.740571996801846, 32.381739141283276], [-4.740584026503834, 32.38236635979757], [-4.741238225787016, 32.383432839729586], [-4.7413971260981524, 32.386209060411176], [-4.7421397610733695, 32.38637804944158], [-4.742144922178951, 32.386646856962045], [-4.743429334425415, 32.38752535783533], [-4.743444830091209, 32.388331779659026], [-4.744306868821223, 32.38921611320507], [-4.744434868264464, 32.390379482050314], [-4.745946085954188, 32.39206145070061], [-4.746898262942857, 32.39213788085845], [-4.747774183201009, 32.393739004969675], [-4.748009571803217, 32.39499050488331], [-4.748551435194367, 32.39569999533616], [-4.748293327847897, 32.39875086150798], [-4.748731330810678, 32.39955141732382], [-4.745471079415138, 32.40031363175926], [-4.743879955655425, 32.39997715930988], [-4.74293802980138, 32.400438322828784], [-4.740411849186077, 32.400921372742296], [-4.739682847734081, 32.401469197223115], [-4.7370372697527054, 32.40123681922478], [-4.732003586618916, 32.403188266499384], [-4.729998524260895, 32.40330543992279], [-4.72969704785106, 32.40411621595657], [-4.728330809613415, 32.40449347047593], [-4.7278146553541145, 32.405127934349714], [-4.726974799059985, 32.40540832831847], [-4.726985039018769, 32.40594594604638], [-4.7278436830713, 32.406651183844204], [-4.728385466824271, 32.40736076282353], [-4.728397424124252, 32.407987982839465], [-4.728825051143355, 32.408250994264385], [-4.7295152147332065, 32.411199187597916], [-4.72994286041191, 32.41146219447014], [-4.730721613037393, 32.41351290030615], [-4.730638222068818, 32.414679186127465], [-4.731289134993734, 32.41556650329088], [-4.731299404543786, 32.416104118925055], [-4.732263816143585, 32.41680786914012], [-4.732488789649274, 32.417521783842446], [-4.732180444060691, 32.41797415482431], [-4.732606416913875, 32.41814754850604], [-4.732642392452727, 32.42002920092785], [-4.730880757044909, 32.421845942369316], [-4.729858555933651, 32.423652506688704], [-4.730005260584947, 32.425801516696815], [-4.730432978558411, 32.42606451891682], [-4.730882953737097, 32.42749235167343], [-4.730915482226046, 32.42919479815447], [-4.729669924975601, 32.430377048593904], [-4.728933786065957, 32.4305664087599], [-4.72862709094778, 32.43110837478016], [-4.727260445918536, 32.431485630200044], [-4.72728095007783, 32.432560860990456], [-4.724953147637166, 32.43241351504222], [-4.723491041534071, 32.43332979407044], [-4.720866686297786, 32.43426194432489], [-4.720977450451951, 32.434529308953564], [-4.720040154111994, 32.43525912357037], [-4.719090936759214, 32.43536171134231], [-4.718574550302522, 32.43599614255375], [-4.716139309482011, 32.43576047512836], [-4.71679534107704, 32.436916673068], [-4.717330435955858, 32.43726788128739], [-4.718068356078719, 32.43716818941717], [-4.719326067160001, 32.4366132668176], [-4.719856064506185, 32.43669565548107], [-4.720686015970733, 32.43587768279413], [-4.721838034705697, 32.43532417980284], [-4.724793029282366, 32.435104488990135], [-4.725009463412763, 32.43537040241049], [-4.726706814118647, 32.43570564390032], [-4.727141406473823, 32.436327065715844], [-4.727456672462922, 32.4362331153404], [-4.727465218262155, 32.43668112780907], [-4.729261416496766, 32.436656474432574], [-4.729588660167245, 32.4371897354993], [-4.730548154546163, 32.43762468235973], [-4.731800648966643, 32.43680083065861], [-4.733910389964882, 32.43659254683318], [-4.734637984256545, 32.43595514563336], [-4.735902439202329, 32.43575846985109], [-4.736108600677532, 32.435486750415734], [-4.737480420829343, 32.43537820447013], [-4.737804268216088, 32.43573223875063], [-4.738436490706168, 32.435633886690084], [-4.739049785757067, 32.43454990990555], [-4.739784211472994, 32.4342708883768], [-4.739659624552843, 32.43328672654284], [-4.7400736339917975, 32.432832877963236], [-4.740814931064035, 32.432912258625564], [-4.741566566598468, 32.43352924609235], [-4.744214824331045, 32.43385109665832], [-4.745181253708633, 32.4346443377754], [-4.745603875307176, 32.43463848016845], [-4.7461390622188535, 32.43498956268161], [-4.746048953653912, 32.435797442302466], [-4.7476441779971434, 32.436313066595645], [-4.747869327250945, 32.43702694586014], [-4.748402807117779, 32.4372884163403], [-4.747910834672972, 32.43917738180661], [-4.748153292981763, 32.44078727450317], [-4.749585771408119, 32.443814642675235], [-4.750328896809648, 32.443983565096495], [-4.7503392906310085, 32.44452117285497], [-4.749920087821616, 32.444706250549764], [-4.7492115821590035, 32.44632935252983], [-4.749137076665778, 32.44794364414106], [-4.747681905406864, 32.449218607539706], [-4.749395173368677, 32.45035994208832], [-4.752255293869322, 32.45067866773819], [-4.753107625341641, 32.45102530275466], [-4.754373976982555, 32.45091803700206], [-4.755331992414718, 32.451263183935566], [-4.756388734332834, 32.45124844543662], [-4.7572428253984125, 32.45168465255065], [-4.758609630808376, 32.45130706654022], [-4.760828785110048, 32.45127604766281], [-4.762771052594789, 32.45331024231835], [-4.7636251922843345, 32.45374640423572], [-4.764068857526098, 32.45481568753735], [-4.767466295562441, 32.45557465675821], [-4.7712001158821336, 32.457314673031135], [-4.773576013609553, 32.45988033737544], [-4.7736585709081405, 32.4640915334564], [-4.774084837793965, 32.46426477524774], [-4.774459903503667, 32.46721710001488], [-4.775115154777954, 32.46828335493063], [-4.775180222672099, 32.4715985449001], [-4.777502029320902, 32.47138652470237], [-4.779075137467279, 32.47073692563284], [-4.7815800604283645, 32.46908825164655], [-4.782425608535811, 32.46907627953288], [-4.786519332275977, 32.467584247063186], [-4.788714046433006, 32.46629833484948], [-4.7897656263443595, 32.4660145128656], [-4.792157429732665, 32.46400874530897], [-4.793631717520395, 32.46371887225139], [-4.794991419957352, 32.46298249520724], [-4.795611306734986, 32.46225665994954], [-4.795487840096483, 32.46136217906882], [-4.796632567917909, 32.46044960294973], [-4.7977648107419135, 32.45890982568802], [-4.798810930022645, 32.458357135589026], [-4.7990959034858, 32.45673982746156], [-4.800863900349396, 32.45528055993464], [-4.800853202170537, 32.45474296784176], [-4.801677201799315, 32.45365568718682], [-4.802646117986448, 32.45453805812041], [-4.8030688192566995, 32.454532004434625], [-4.803412628487491, 32.455871441550386], [-4.8031152367323315, 32.45686156705008], [-4.802070946763042, 32.457503890098366], [-4.801666071607742, 32.458405926932905], [-4.800833114882088, 32.45904521516284], [-4.800648500441077, 32.46039221819454], [-4.800130785073047, 32.46093736795939], [-4.80479512603618, 32.46158756787386], [-4.806410789960996, 32.46308799899068], [-4.806878270252558, 32.46532188762465], [-4.80783483098952, 32.46557702342252], [-4.808166222780913, 32.466289254182676], [-4.809450617979089, 32.46707741026439], [-4.810425137529794, 32.468228505791075], [-4.812121575657265, 32.468472962809315], [-4.812433262551596, 32.468199603329694], [-4.815387204506508, 32.46788815855725], [-4.8158261539494305, 32.46868843965049], [-4.8163546092850025, 32.46868081407664], [-4.817639106715051, 32.46946888251142], [-4.8179759933338895, 32.47044987660351], [-4.817789819723304, 32.471707296573925], [-4.8184420026920725, 32.47259411064227], [-4.819823255579525, 32.472932638832425], [-4.820761889853791, 32.47229169730395], [-4.821501754703891, 32.472280990823094], [-4.821944390797473, 32.47326044210015], [-4.823546091877985, 32.47404385443962], [-4.823689735700022, 32.475923865364635], [-4.820981254850339, 32.47793480429511], [-4.8209956914095295, 32.47865158310989], [-4.820266597602358, 32.47919987274975], [-4.81975972327195, 32.48028268565179], [-4.820295461310285, 32.480633430573775], [-4.823893034499786, 32.48076058278698], [-4.823864113624127, 32.479327027865175], [-4.824487483186007, 32.478780250760316], [-4.827117365311965, 32.47811472909113], [-4.827445335386958, 32.47864770656192], [-4.8290453658207335, 32.47934144613764], [-4.829694088488586, 32.480049001096035], [-4.830328309612717, 32.48003977743221], [-4.831511014120641, 32.48100842382493], [-4.831523720603757, 32.48163560129841], [-4.832369362674693, 32.481623289546384], [-4.833663268259503, 32.482859164539796], [-4.83471487836372, 32.482574965676754], [-4.834931746814333, 32.482840672604844], [-4.8357773985385775, 32.48282833755146], [-4.836103617162297, 32.48327169307857], [-4.84182455870525, 32.48381544079521], [-4.842150810017594, 32.48425877936826], [-4.842462454395669, 32.48398534744773], [-4.851553259779068, 32.48385190003485], [-4.851558765539338, 32.484120687233926], [-4.852510128241778, 32.48410668373908], [-4.852504619656496, 32.4838378966842], [-4.855672135851958, 32.48361197589768], [-4.855683171831325, 32.484149549049114], [-4.8570555187039846, 32.48403967897442], [-4.857166747749206, 32.484306905108916], [-4.858435229782963, 32.48428817557321], [-4.858440756093057, 32.48455696170447], [-4.859284569690844, 32.48445487278902], [-4.859395805801908, 32.48472209667566], [-4.8600300490747, 32.48471272216621], [-4.8600355802158965, 32.48498150803564], [-4.860985102734245, 32.48487784489845], [-4.860990636749634, 32.48514663061477], [-4.8616248824248505, 32.48513724796028], [-4.86163041839734, 32.48540603356766], [-4.863112175026279, 32.48547372318639], [-4.863123256030989, 32.486011293904745], [-4.864185884569634, 32.486264421272544], [-4.864191428395591, 32.48653320643963], [-4.864823834062867, 32.48643421227869], [-4.8648293798215585, 32.486702997340764], [-4.865997730091971, 32.48695454204499], [-4.866003279451546, 32.48722332690486], [-4.866635687460037, 32.48712432353893], [-4.86706963100149, 32.48765561885649], [-4.86886855595597, 32.48771853255495], [-4.8688741140135585, 32.48798731694155], [-4.869825508028769, 32.48797318107913], [-4.869831068985832, 32.48824196530783], [-4.870780610557812, 32.48813822742039], [-4.871108871775445, 32.488671079481655], [-4.872269837791887, 32.48856418576049], [-4.872275406142551, 32.48883296958807], [-4.873649651908113, 32.48881251120346], [-4.873655224414291, 32.489081294808024], [-4.874604768886329, 32.48897752789665], [-4.874827343550863, 32.489511944326956], [-4.8764111609354055, 32.48939871019239], [-4.876416741777657, 32.489667493346346], [-4.877479445333116, 32.48992050529434], [-4.882028795008035, 32.490031776238524], [-4.882347797398899, 32.49011662574363], [-4.882357128519305, 32.490564596080624], [-4.886376074578343, 32.4905940217403], [-4.886387296107874, 32.49113158485206], [-4.889766363717323, 32.49090162895323], [-4.890200458473081, 32.49143283844232], [-4.89347380955265, 32.49120437113203], [-4.893796580667708, 32.49146837795758], [-4.896747139682251, 32.49097581922615], [-4.901821319566261, 32.49089921496015], [-4.901826976282899, 32.49116799410486], [-4.902247938993737, 32.491072008097845], [-4.903106843205727, 32.491686368756966], [-4.904271570684502, 32.4917583654771], [-4.904600039187121, 32.492291121974475], [-4.905345699821158, 32.492548695211376], [-4.90536648122583, 32.493534216401265], [-4.905685515002124, 32.4936190053795], [-4.905802568122695, 32.49415496072143], [-4.905168275314703, 32.49416456835095], [-4.90530610873351, 32.4956860451062], [-4.904365983681728, 32.496238009274116], [-4.903967657110857, 32.497409117361116], [-4.903021844202229, 32.49769229368999], [-4.903033167808327, 32.498229851010855], [-4.902402618725192, 32.49841863157529], [-4.901894763667369, 32.49941214706287], [-4.9010527595781515, 32.499604118029836], [-4.9007431337399865, 32.49996728290513], [-4.899468810861798, 32.49971766786631], [-4.898205790057172, 32.50000559831698], [-4.897039076309494, 32.49984395612113], [-4.894952813452685, 32.50121972589394], [-4.893257466777481, 32.501066011514], [-4.8912580828071, 32.501544197425815], [-4.889566482071234, 32.5015696202993], [-4.888212656448035, 32.5025757892294], [-4.886090644127851, 32.50224913917727], [-4.885548921794383, 32.50162990855225], [-4.88438220349423, 32.501468148887504], [-4.881887725871133, 32.50356679607302], [-4.881795064409657, 32.50419553520681], [-4.879289266002955, 32.50575657120197], [-4.879296723242376, 32.506114947213156], [-4.878667927882944, 32.50639320642354], [-4.878363777645863, 32.5070251021125], [-4.877094990905191, 32.507044044215704], [-4.876479213312177, 32.50794945173006], [-4.875433042994757, 32.50850278727689], [-4.874917393656972, 32.50913782868528], [-4.873758027801927, 32.50933435038779], [-4.87047095487243, 32.50893516904124], [-4.867840552280445, 32.509601615354384], [-4.86742872580552, 32.51014546321177], [-4.864152740171329, 32.51028368481004], [-4.863740887957847, 32.51082752145918], [-4.862900532811254, 32.5111088382528], [-4.862909775021129, 32.5115568120822], [-4.8620786486737915, 32.51228609762199], [-4.8605982973694575, 32.51230800704312], [-4.858073454700998, 32.512972690510566], [-4.856904782375728, 32.51272108466367], [-4.855765579680737, 32.51390298936724], [-4.851853135118776, 32.51396066126538], [-4.851443028392471, 32.51459405593406], [-4.8509179885553175, 32.51478102917498], [-4.850821429194435, 32.5152305620784], [-4.849457776089841, 32.51578835808127], [-4.848837989443214, 32.51651445050976], [-4.847878947936638, 32.516170056757055], [-4.8463074349288275, 32.51691011819562], [-4.844934571404598, 32.51701988905199], [-4.845005527436211, 32.515316021138], [-4.844686465074288, 32.51523107917926], [-4.844567907673823, 32.514605460702064], [-4.842662702214532, 32.51454376786067], [-4.842339988007195, 32.51427962823461], [-4.841401093493023, 32.51492073698134], [-4.841096652072557, 32.51555255223721], [-4.836469406279975, 32.51687492641325], [-4.835639832479107, 32.51769364212697], [-4.832666174618227, 32.51710965425103], [-4.831300554049191, 32.517577661947506], [-4.829522821569842, 32.51858938792433], [-4.828589232777363, 32.51949919457527], [-4.826594489898084, 32.52024516733676], [-4.826291739706022, 32.52096654707787], [-4.823868502356093, 32.521449831450774], [-4.8215600307773325, 32.522379521619165], [-4.820834215687972, 32.523107016873084], [-4.819778477287929, 32.52321192286174], [-4.8194684381154, 32.52357490104976], [-4.817460894427381, 32.523693556397525], [-4.817254795819487, 32.523965403995184], [-4.8142882308091925, 32.52373937303846], [-4.810938206525045, 32.52549050263154], [-4.808382063333606, 32.524631059397564], [-4.806266922454487, 32.52466146082251], [-4.805747100120152, 32.525117042850496], [-4.8055535099942635, 32.52601605465393], [-4.804406286277867, 32.52683913171078], [-4.803402404694992, 32.52954222979802], [-4.800790513215013, 32.531192883435565], [-4.799946179558921, 32.531294597011026], [-4.798800623675989, 32.53220722409381], [-4.796054261745763, 32.53242573329435], [-4.7954321415442065, 32.53306198207874], [-4.794170056852432, 32.533438492282215], [-4.7935532599086175, 32.534343526095874], [-4.793673280015832, 32.53505880036574], [-4.793036878875681, 32.53497825496401], [-4.792619139932656, 32.53525308202083], [-4.792744495862251, 32.5362371510804], [-4.79223165896716, 32.53705107290277], [-4.7906450712060105, 32.53707368125341], [-4.790123320291959, 32.537439605078], [-4.788750046833452, 32.5375487753937], [-4.785996391966084, 32.53740867840822], [-4.785472845937085, 32.53768498538429], [-4.783983155158351, 32.537258016234304], [-4.782086316888231, 32.53764341284318], [-4.780381557540096, 32.53704020197376], [-4.77911581357785, 32.53723736780232], [-4.77849000522944, 32.537694340419016], [-4.777855361054465, 32.53770331696967], [-4.777134359451441, 32.538699370823274], [-4.776499707740148, 32.538708340777696], [-4.775050590121841, 32.5403420355873], [-4.7725136932473164, 32.54046745458763], [-4.771253159051984, 32.54093334006513], [-4.7706431150028745, 32.54219666586373], [-4.768437550449855, 32.54303432618484], [-4.767615888759557, 32.544300614910725], [-4.766355274242627, 32.54476645372265], [-4.765184645825912, 32.54442440256777], [-4.762673880328339, 32.54589361568178], [-4.76055468980605, 32.545744066911894], [-4.758983651108482, 32.54657267569334], [-4.757929288779247, 32.54676667327328], [-4.7562559102975674, 32.54777592771284], [-4.753835003984898, 32.54843709713892], [-4.753092745726322, 32.548357827648964], [-4.752676560187848, 32.548722127413384], [-4.752040088616471, 32.548641376623465], [-4.751629119173409, 32.54927447228519], [-4.749948664952254, 32.54992524724871], [-4.748358339661324, 32.549768130106656], [-4.747624756967131, 32.55013682807678], [-4.745293898557103, 32.54998996619151], [-4.744138870731541, 32.55045411941599], [-4.743290810694441, 32.55037626025096], [-4.741412531987907, 32.55174665945534], [-4.741213059822584, 32.55237679209303], [-4.738569951647649, 32.55250300434576], [-4.737002035576621, 32.55351054907797], [-4.73552435584392, 32.55371021052035], [-4.735855543440974, 32.55442263090979], [-4.7351304920888175, 32.55523926085773], [-4.731855944115394, 32.55555329801352], [-4.730499495273525, 32.556557849540816], [-4.72933742638752, 32.55666346899205], [-4.727875131758942, 32.55766944929607], [-4.726922928727414, 32.55768253687268], [-4.72597930351371, 32.55814362140593], [-4.7240680297137105, 32.557811357282475], [-4.722467321204318, 32.55711630989388], [-4.720668720867001, 32.55714094708217], [-4.72014484989689, 32.55741699177182], [-4.718115854166589, 32.556458875464415], [-4.717788211194825, 32.555925606548115], [-4.71585824913662, 32.554607600257306], [-4.716557885148491, 32.552447055553806], [-4.717184120941945, 32.551990378232404], [-4.717900778984611, 32.550725840270985], [-4.717880293235342, 32.549650624377016], [-4.718380221865562, 32.5481201715903], [-4.717308673863063, 32.547417818149626], [-4.716354868333013, 32.54734122063324], [-4.716349752066409, 32.54707241631507], [-4.713181200082258, 32.54738451485071], [-4.7125396590608055, 32.54703475761496], [-4.710316395693094, 32.54697540258731], [-4.70879120874698, 32.54466589806024], [-4.7080439178108024, 32.54431755445663], [-4.706033987342548, 32.544344848323725], [-4.705182617612012, 32.544087524856835], [-4.704527582305703, 32.54302090840418], [-4.704510648643772, 32.54212488780455], [-4.704821224195665, 32.54176217626676], [-4.704601191408564, 32.54131703484237], [-4.702883297362793, 32.53999594063061], [-4.70107657110078, 32.539572275004545], [-4.698855177626948, 32.539602313075626], [-4.698228927856821, 32.54005890014076], [-4.697172800493172, 32.54016278754763], [-4.6963568810432115, 32.54178705350474], [-4.695307467369849, 32.542249335882154], [-4.694461194983052, 32.54226074558875], [-4.6944342622306365, 32.54082710489204], [-4.693682007921151, 32.54020986501514], [-4.692088557892266, 32.539872821153736], [-4.689660618855958, 32.540174352684716], [-4.688836173080649, 32.54135056034418], [-4.688517145697823, 32.54126522039359], [-4.687890830036878, 32.54172175794624], [-4.687586890678144, 32.54244284130645], [-4.686115955164838, 32.54300033121012], [-4.685288089203973, 32.54399731163079], [-4.682851651203132, 32.54385070079281], [-4.681909597750305, 32.54440106108251], [-4.680974213197343, 32.5453098271052], [-4.680671876879406, 32.546120498683266], [-4.679733124319888, 32.54685004996057], [-4.679644023610518, 32.54774749502037], [-4.679329986984785, 32.54793094173584], [-4.6795599284532, 32.548913749338205], [-4.678829389045504, 32.54946126114059], [-4.677883917821031, 32.54983238716676], [-4.674187782995461, 32.55024017320213], [-4.672645744979672, 32.5526805918491], [-4.670746370451605, 32.552974730137336], [-4.669698347493486, 32.55352640996365], [-4.6668285286430695, 32.552847495665766], [-4.665560607482001, 32.55295392915676], [-4.665935786408751, 32.550349813024354], [-4.6665539956240085, 32.549445361326114], [-4.666104329583195, 32.54801731131231], [-4.6685604495421105, 32.543503448651855], [-4.667775205045591, 32.541093973763736], [-4.667966890017275, 32.54001592153632], [-4.665618155659997, 32.53888192596218], [-4.665393358223987, 32.538167897326375], [-4.6627091980820845, 32.536052403185046], [-4.662482780357575, 32.535248763953895], [-4.66075734992749, 32.533479047730715], [-4.660516115776748, 32.53186896577748], [-4.661544153368155, 32.53024211657439], [-4.6612152910724465, 32.529619079647304], [-4.65960565352687, 32.5283855702672], [-4.659167747978173, 32.5275847143754], [-4.6588553827873636, 32.52785771393194], [-4.655470766983862, 32.52790231986229], [-4.654527056439152, 32.52836287171086], [-4.653155329385174, 32.52856016602627], [-4.650927595415024, 32.528230929932704], [-4.649661630997871, 32.52842679755936], [-4.648270250752964, 32.527548780961624], [-4.6470042888655465, 32.527744621723194], [-4.6465730359286574, 32.52730213789045], [-4.646449284977408, 32.5263178684061], [-4.645259701354714, 32.52489941623983], [-4.6453033997577595, 32.521493040404444], [-4.647699950544418, 32.51948988166627], [-4.648542757050242, 32.51929958361063], [-4.649582342746395, 32.5183000613926], [-4.649471672836357, 32.518032633736226], [-4.650820312516768, 32.51658091577828], [-4.650813758992303, 32.51622249617276], [-4.652375498828332, 32.51485759120235], [-4.6523263072014425, 32.51216944500764], [-4.651569660894803, 32.51128311841222], [-4.65072038390757, 32.51111501444426], [-4.650393308320189, 32.51058154769992], [-4.6496530627208585, 32.51059125864654], [-4.6484800048027175, 32.510068879351586], [-4.646895405365344, 32.51017926394789], [-4.645426346394474, 32.510825876717654], [-4.63983623614767, 32.51170552260831], [-4.636688057723918, 32.51309092928362], [-4.63288904661931, 32.513588442346624], [-4.629730985266971, 32.514436044965805], [-4.627846780842596, 32.51553596858975], [-4.626579318507943, 32.51564199406232], [-4.625534658948213, 32.51637251556307], [-4.625004258877853, 32.51628974294102], [-4.622807511666704, 32.51766251126926], [-4.621125019273633, 32.51822197179822], [-4.6170501367545915, 32.5210528691931], [-4.615264985728629, 32.521792826870005], [-4.61335802356103, 32.52163805205305], [-4.612503905954191, 32.52120087143925], [-4.611657795486641, 32.52121171766229], [-4.611334105967488, 32.52085735713175], [-4.6103822347323105, 32.52086954976674], [-4.61016591276599, 32.52060343829773], [-4.60836953383208, 32.52071605266624], [-4.606247886196088, 32.520384660357735], [-4.606089515040407, 32.517428984779286], [-4.6066889915270615, 32.515449528448556], [-4.606639564229416, 32.51267171439682], [-4.607267708946402, 32.51230517986072], [-4.607677960942062, 32.511582918414085], [-4.609357228872416, 32.510844424878904], [-4.609765860465008, 32.510032550366965], [-4.609743499538032, 32.50877805467541], [-4.612257488217844, 32.507401447431505], [-4.612877572409846, 32.50658685274859], [-4.613071462350262, 32.505598466663876], [-4.614130518129636, 32.5056745085736], [-4.615066205206877, 32.504766226031215], [-4.616440881853561, 32.5047485686838], [-4.617174674763483, 32.5043806283598], [-4.6177802508583845, 32.50275955200155], [-4.621972917707871, 32.50064413819822], [-4.6218301806891535, 32.49858455338101], [-4.622349210559003, 32.49804009798223], [-4.622443683157943, 32.497411489309755], [-4.622863405815476, 32.497226821317106], [-4.62272065739879, 32.495167236911115], [-4.623239663017372, 32.49462277835132], [-4.622888671767141, 32.49274513445463], [-4.625841046382797, 32.49225888122434], [-4.626462519870167, 32.49153383125625], [-4.625669231283859, 32.48858638509452], [-4.6261897947413235, 32.4881315220081], [-4.626176897433729, 32.48741467068605], [-4.6267902731252475, 32.486241587641594], [-4.626445697721484, 32.484722378367174], [-4.626733834060166, 32.483105362464094], [-4.62648370615456, 32.48095754005708], [-4.626779894016326, 32.47978855607283], [-4.626336082335243, 32.47862913684977], [-4.625475878258816, 32.477833604195524], [-4.625342784324389, 32.47631165729981], [-4.625738239990675, 32.47478288321016], [-4.624440761380901, 32.47318634282431], [-4.62219037510688, 32.471512445904686], [-4.621735420268749, 32.469725757787394], [-4.6211988742896555, 32.46928453211293], [-4.62118923793585, 32.46874689068601], [-4.620657517007792, 32.46857448315583], [-4.620101724377601, 32.46705796874787], [-4.619566806769021, 32.4667063421779], [-4.619523493136144, 32.464286952426704], [-4.617287839074299, 32.463419419790846], [-4.616741745140787, 32.462440529692394], [-4.618500085765429, 32.46026686783428], [-4.619238327415698, 32.46016774612707], [-4.619651471707024, 32.459624664669896], [-4.620812471472531, 32.45952009379485], [-4.621440195759405, 32.45915349909246], [-4.621119912742941, 32.45897836862496], [-4.620890875324108, 32.457995412840916], [-4.620149444846109, 32.457915329436034], [-4.619292705328631, 32.45729895825399], [-4.619182206619258, 32.457031496194304], [-4.6197058369486275, 32.45675587680918], [-4.6192526212360345, 32.45505877893768], [-4.618709766266357, 32.454259109636446], [-4.617210958937513, 32.45320283755074], [-4.617188543682807, 32.45194833512843], [-4.616645726442033, 32.45114865536753], [-4.617038037718091, 32.44944068682456], [-4.616908349397955, 32.44809793333196], [-4.616565712654302, 32.44666828564618], [-4.616027733105541, 32.44613742375396], [-4.616096619150397, 32.44407509557368], [-4.616405640543935, 32.443622988898824], [-4.61615270904179, 32.4412959066664], [-4.6202626167839815, 32.44061569434055], [-4.62194369241282, 32.4400562846499], [-4.6228818606141235, 32.43932717357693], [-4.62414183481824, 32.43886278940233], [-4.624777443968938, 32.43894421784452], [-4.6254066206612485, 32.43866721445283], [-4.625164733974936, 32.436967405835], [-4.625901168945864, 32.436778643852406], [-4.6263141717672775, 32.436235543288184], [-4.628308893184088, 32.43549274378622], [-4.629476019807324, 32.43574653097318], [-4.629994658577961, 32.4352020518514], [-4.630735908227574, 32.43528208323566], [-4.631781230839045, 32.43464114784116], [-4.63294350797, 32.43462608230429], [-4.633463735170899, 32.43417119653784], [-4.634939752913757, 32.4339727872681], [-4.6351446034651325, 32.43361161649294], [-4.636721409846845, 32.43314299458707], [-4.638914318265447, 32.43168043182158], [-4.638668961863721, 32.42980144156361], [-4.638010724642983, 32.428465587369274], [-4.638421996821928, 32.42783284323873], [-4.640006795615005, 32.427812216949704], [-4.640632601056244, 32.427355927725564], [-4.642010956908797, 32.42760684858936], [-4.643995595567583, 32.426326170801225], [-4.645586873767038, 32.42666390092571], [-4.646532852078777, 32.42638265473488], [-4.647779479880971, 32.42520119204886], [-4.648801734218583, 32.42330563352306], [-4.649846787801013, 32.42266455560766], [-4.650048290878663, 32.42212415016334]], [[-4.844673650755901, 32.514603909696895], [-4.84467182017148, 32.51451431405109], [-4.844566077194192, 32.51451586505094], [-4.844567907673823, 32.514605460702064], [-4.844673650755901, 32.514603909696895]]]}}, {"type": "Feature", "properties": {"id": 13, "name": "Subbasin 13", "Subbasin": 13, "AREA_HA_TOTAL": 38356.1, "HRU_COUNT": 30, "DOM_LANDUSE": "PAST", "DOM_LANDUSE_HA": 31456.3, "DOM_LANDUSE_PCT": 82.01, "DOM_SOIL": "I-Bk-X-2c-1237", "DOM_SOIL_HA": 31889.21, "DOM_SOIL_PCT": 83.14, "DOM_SLOPE_BAND": "25.0-9999", "DOM_SLOPE_BAND_HA": 17257.29, "DOM_SLOPE_BAND_PCT": 44.99}, "geometry": {"type": "Polygon", "coordinates": [[[-4.459242415010346, 32.49017841827464], [-4.457960583671466, 32.48938660522064], [-4.456777286434628, 32.48814548649096], [-4.456354355112085, 32.48815038215124], [-4.454849574949665, 32.4866440737063], [-4.453149232161936, 32.48612593871159], [-4.451860314443523, 32.48488599088899], [-4.451011603584619, 32.48471651919385], [-4.450898683247175, 32.48426966903328], [-4.449294078005414, 32.48312296340076], [-4.449288331730582, 32.48276450765543], [-4.447783759213229, 32.481258107522635], [-4.447667990040204, 32.480632025583944], [-4.4466107451214505, 32.480644183054764], [-4.444789084122317, 32.479141389704154], [-4.443707531741099, 32.477630080727174], [-4.4425388805484225, 32.47728495864711], [-4.440827357293685, 32.476049734598185], [-4.440924509386628, 32.475510838042624], [-4.440067342826728, 32.47480360276898], [-4.439724509817328, 32.473194171259685], [-4.438527424115032, 32.47105671952874], [-4.438241903167495, 32.466399177872844], [-4.4387433661053395, 32.464690460318884], [-4.44071753502823, 32.462516739864476], [-4.440813249413713, 32.46188822809323], [-4.440283308463577, 32.46180466146557], [-4.440688997294375, 32.460724448260635], [-4.440570455554986, 32.4599191264554], [-4.441501774776478, 32.458653632805905], [-4.441341838708903, 32.45524948747152], [-4.440699108858731, 32.45471905806417], [-4.440777698954124, 32.453015169480615], [-4.445208193946372, 32.45242660542746], [-4.4456195105207605, 32.45170483577912], [-4.447299099056287, 32.45096849250391], [-4.448885880103878, 32.451039873470876], [-4.44921012324686, 32.451484296332254], [-4.45068117016881, 32.45092957038165], [-4.452056572232238, 32.451003346618904], [-4.455099961289219, 32.449623748930605], [-4.456349473524206, 32.448444101951964], [-4.456340823750073, 32.44790641704605], [-4.457277570737084, 32.44699927076265], [-4.459534512391091, 32.449303529930305], [-4.460380010633901, 32.44929372620851], [-4.462823848852329, 32.450072033741975], [-4.4636679040489815, 32.44997259389888], [-4.465053448987965, 32.45067352476206], [-4.46685160717968, 32.45074221924782], [-4.467798445368241, 32.45046229298898], [-4.468001102200215, 32.44992214671127], [-4.469464726760671, 32.44891913703132], [-4.471885312708003, 32.44826345001535], [-4.4726105339683055, 32.447358664727574], [-4.473977135720354, 32.446894521706895], [-4.472671030148151, 32.44457940934449], [-4.473487312183427, 32.442777248174046], [-4.474222688184509, 32.44249974926943], [-4.47452804983737, 32.4417791291952], [-4.475154817227495, 32.441323635516135], [-4.4764833263311985, 32.43852951746639], [-4.478378141608192, 32.4380591346272], [-4.479100291796788, 32.43697508800264], [-4.478125843195724, 32.435552439313646], [-4.475798172961436, 32.43540047620159], [-4.475783571655689, 32.43450434061892], [-4.473454472827966, 32.43426271961944], [-4.4739726102684685, 32.43362924156777], [-4.47535067692954, 32.433881997789726], [-4.47564578409172, 32.43253407997566], [-4.477128043763749, 32.43269596546849], [-4.479435155248245, 32.43159331773332], [-4.481230005860846, 32.4314825909585], [-4.482825255708533, 32.432091233531224], [-4.484220939681896, 32.43341925184028], [-4.486131777094852, 32.433934501258555], [-4.486564744671865, 32.43455680483825], [-4.486691006298867, 32.43581014108457], [-4.4873294425874795, 32.436071494073026], [-4.488192476512073, 32.43713686373535], [-4.48977755194021, 32.43711812258355], [-4.491478627921801, 32.43772540024764], [-4.493889872299895, 32.43653162551317], [-4.495035978704725, 32.43553209124933], [-4.49523696207363, 32.43490229286866], [-4.4968101460789125, 32.43416656255475], [-4.498152702268587, 32.43226836261641], [-4.499413272149055, 32.431805209842345], [-4.499929726482127, 32.43108201786413], [-4.50035089869099, 32.430987371006566], [-4.502812388651729, 32.43284025918969], [-4.503766357991683, 32.43300813273053], [-4.504818553241422, 32.4327266744083], [-4.505782952314582, 32.43352181918549], [-4.5076968844038126, 32.434215962195616], [-4.508024330449773, 32.434839452504804], [-4.509417429569642, 32.43598795437718], [-4.511123090309785, 32.436863799769924], [-4.513276924236704, 32.4392579460551], [-4.513913958316, 32.43942954915286], [-4.515595729706552, 32.43887154015697], [-4.516761127896384, 32.439036768698564], [-4.518024691893805, 32.43875265367106], [-4.519283737419199, 32.43819969101029], [-4.522558043317957, 32.438070516017895], [-4.525814219161437, 32.43686591855288], [-4.527400773648312, 32.436936315533444], [-4.528445370803259, 32.43620660385147], [-4.52939638881018, 32.43619505793011], [-4.530546628617058, 32.43546404617755], [-4.5359174386686245, 32.43432310289225], [-4.538329494733202, 32.43321810783041], [-4.539073715516297, 32.43347790388939], [-4.541187013930969, 32.43345206014968], [-4.541393768838731, 32.433180641216666], [-4.543185484756022, 32.43288981099663], [-4.5477259723745505, 32.432654834518985], [-4.5497259139045525, 32.43218209381811], [-4.550350689217542, 32.43163662801797], [-4.552664505974773, 32.43098071834601], [-4.553932442252626, 32.43096508062014], [-4.554243276215586, 32.43060272775092], [-4.5548787794616326, 32.43068451295432], [-4.556137474217421, 32.4301311913534], [-4.557197156941358, 32.43029735246186], [-4.557740868060804, 32.43118692153765], [-4.55879593953799, 32.4310842381715], [-4.561300917742231, 32.42926062508342], [-4.562254938722084, 32.429428053424786], [-4.563089388362664, 32.428790295734004], [-4.565214939207958, 32.42948093179627], [-4.568265086496859, 32.428636327006735], [-4.568785617151985, 32.428181698970086], [-4.571950669174443, 32.42787334919025], [-4.572603275747186, 32.42894075084653], [-4.574725780456952, 32.42945200492301], [-4.575689175715956, 32.4301569874358], [-4.57715748420332, 32.42951120649095], [-4.580232518070356, 32.43010006409082], [-4.581413538424147, 32.43116078636264], [-4.583110364220575, 32.43149798376664], [-4.584832287014436, 32.433268902231], [-4.586103374035335, 32.43343215765051], [-4.586521315539671, 32.43315800713936], [-4.587696165355119, 32.4338602308695], [-4.589714770035544, 32.434462166488785], [-4.590768257805097, 32.43426960643824], [-4.592042517224459, 32.434612018484316], [-4.591963629519583, 32.43613670161681], [-4.591443175406833, 32.43659142271551], [-4.591040976773885, 32.43776167628359], [-4.59232001360492, 32.43837290965177], [-4.592540804593763, 32.438907888781756], [-4.594144762612165, 32.43996313581514], [-4.596155645891126, 32.44011691976354], [-4.596800725893659, 32.44073614033431], [-4.597855849631231, 32.44063312768591], [-4.598393691882181, 32.44116407209566], [-4.59945514951721, 32.44141947903945], [-4.601038632181728, 32.441309727282], [-4.601783084321528, 32.44156914462272], [-4.602727780904376, 32.441198610792235], [-4.604101500241721, 32.441181118596255], [-4.6043191921797, 32.44153685833694], [-4.6061235467538415, 32.441961997802856], [-4.608975081810473, 32.44183596559947], [-4.609181646696671, 32.4415644414624], [-4.610771490908673, 32.44181299867599], [-4.614361107745267, 32.44158777281483], [-4.614458789901091, 32.44113838003487], [-4.614878274013084, 32.440953744891395], [-4.616045439608096, 32.44120765533805], [-4.616372047313262, 32.44174123155189], [-4.616405640543935, 32.443622988898824], [-4.616096619150397, 32.44407509557368], [-4.616027733105541, 32.44613742375396], [-4.616565712654302, 32.44666828564618], [-4.616908349397955, 32.44809793333196], [-4.617038037718091, 32.44944068682456], [-4.616645726442033, 32.45114865536753], [-4.617188543682807, 32.45194833512843], [-4.617210958937513, 32.45320283755074], [-4.618709766266357, 32.454259109636446], [-4.6192526212360345, 32.45505877893768], [-4.619702629306612, 32.45657666251608], [-4.619182206619258, 32.457031496194304], [-4.619292705328631, 32.45729895825399], [-4.620149444846109, 32.457915329436034], [-4.620890875324108, 32.457995412840916], [-4.621119912742941, 32.45897836862496], [-4.621440195759405, 32.45915349909246], [-4.620812471472531, 32.45952009379485], [-4.619651471707024, 32.459624664669896], [-4.619238327415698, 32.46016774612707], [-4.618500085765429, 32.46026686783428], [-4.616741745140787, 32.462440529692394], [-4.617287839074299, 32.463419419790846], [-4.619523493136144, 32.464286952426704], [-4.619566806769021, 32.4667063421779], [-4.620101724377601, 32.46705796874787], [-4.620657517007792, 32.46857448315583], [-4.62118923793585, 32.46874689068601], [-4.6211988742896555, 32.46928453211293], [-4.621735420268749, 32.469725757787394], [-4.62219037510688, 32.471512445904686], [-4.624440761380901, 32.47318634282431], [-4.625738239990675, 32.47478288321016], [-4.625342784324389, 32.47631165729981], [-4.625475878258816, 32.477833604195524], [-4.626336082335243, 32.47862913684977], [-4.626779894016326, 32.47978855607283], [-4.62648370615456, 32.48095754005708], [-4.626733834060166, 32.483105362464094], [-4.626445697721484, 32.484722378367174], [-4.6267902731252475, 32.486241587641594], [-4.626176897433729, 32.48741467068605], [-4.6261897947413235, 32.4881315220081], [-4.625669231283859, 32.48858638509452], [-4.626462519870167, 32.49153383125625], [-4.625841046382797, 32.49225888122434], [-4.622888671767141, 32.49274513445463], [-4.623239663017372, 32.49462277835132], [-4.62272065739879, 32.495167236911115], [-4.622863405815476, 32.497226821317106], [-4.622443683157943, 32.497411489309755], [-4.622349210559003, 32.49804009798223], [-4.6218301806891535, 32.49858455338101], [-4.621972917707871, 32.50064413819822], [-4.6177802508583845, 32.50275955200155], [-4.617174674763483, 32.5043806283598], [-4.616440881853561, 32.5047485686838], [-4.615066205206877, 32.504766226031215], [-4.614130518129636, 32.5056745085736], [-4.613071462350262, 32.505598466663876], [-4.612877572409846, 32.50658685274859], [-4.612257488217844, 32.507401447431505], [-4.609743499538032, 32.50877805467541], [-4.609765860465008, 32.510032550366965], [-4.609357228872416, 32.510844424878904], [-4.607677960942062, 32.511582918414085], [-4.607267708946402, 32.51230517986072], [-4.606639564229416, 32.51267171439682], [-4.6066889915270615, 32.515449528448556], [-4.606089515040407, 32.517428984779286], [-4.606247886196088, 32.520384660357735], [-4.60836953383208, 32.52071605266624], [-4.61016591276599, 32.52060343829773], [-4.6103822347323105, 32.52086954976674], [-4.611334105967488, 32.52085735713175], [-4.611657795486641, 32.52121171766229], [-4.612503905954191, 32.52120087143925], [-4.61335802356103, 32.52163805205305], [-4.615264985728629, 32.521792826870005], [-4.6170501367545915, 32.5210528691931], [-4.621125019273633, 32.51822197179822], [-4.622807511666704, 32.51766251126926], [-4.625004258877853, 32.51628974294102], [-4.625534658948213, 32.51637251556307], [-4.626579318507943, 32.51564199406232], [-4.627846780842596, 32.51553596858975], [-4.629730985266971, 32.514436044965805], [-4.63288904661931, 32.513588442346624], [-4.636688057723918, 32.51309092928362], [-4.63983623614767, 32.51170552260831], [-4.645426346394474, 32.510825876717654], [-4.646895405365344, 32.51017926394789], [-4.6484800048027175, 32.510068879351586], [-4.6496530627208585, 32.51059125864654], [-4.650393308320189, 32.51058154769992], [-4.65072038390757, 32.51111501444426], [-4.651569660894803, 32.51128311841222], [-4.6523263072014425, 32.51216944500764], [-4.652375498828332, 32.51485759120235], [-4.650813758992303, 32.51622249617276], [-4.650820312516768, 32.51658091577828], [-4.649471672836357, 32.518032633736226], [-4.649582342746395, 32.5183000613926], [-4.648542757050242, 32.51929958361063], [-4.647699950544418, 32.51948988166627], [-4.6453033997577595, 32.521493040404444], [-4.645259701354714, 32.52489941623983], [-4.646449284977408, 32.5263178684061], [-4.6465730359286574, 32.52730213789045], [-4.6470042888655465, 32.527744621723194], [-4.648270250752964, 32.527548780961624], [-4.649661630997871, 32.52842679755936], [-4.650927595415024, 32.528230929932704], [-4.652414937419468, 32.52856989798423], [-4.657265554058006, 32.52769942540199], [-4.6588553827873636, 32.52785771393194], [-4.659167747978173, 32.5275847143754], [-4.65960565352687, 32.5283855702672], [-4.6612152910724465, 32.529619079647304], [-4.661544153368155, 32.53024211657439], [-4.660516115776748, 32.53186896577748], [-4.66075734992749, 32.533479047730715], [-4.662482780357575, 32.535248763953895], [-4.6627091980820845, 32.536052403185046], [-4.665393358223987, 32.538167897326375], [-4.665618155659997, 32.53888192596218], [-4.667966890017275, 32.54001592153632], [-4.667775205045591, 32.541093973763736], [-4.6685604495421105, 32.543503448651855], [-4.666104329583195, 32.54801731131231], [-4.6665539956240085, 32.549445361326114], [-4.665935786408751, 32.550349813024354], [-4.665768892774362, 32.55277191766948], [-4.664304261495181, 32.55368757628241], [-4.66348762875534, 32.55531164892257], [-4.662748673793347, 32.555411052632266], [-4.662755284635832, 32.55576946783517], [-4.663074342579997, 32.55585487212049], [-4.662872656268525, 32.55639529461099], [-4.660154796582172, 32.55822373779415], [-4.659731577867795, 32.558229327497436], [-4.658974453789813, 32.557343066643625], [-4.6569592411025145, 32.55710077342178], [-4.656755868343639, 32.557551583231245], [-4.655178678593722, 32.55811011866374], [-4.654662813301898, 32.55883391762839], [-4.654682552357745, 32.5599091669953], [-4.653837740770584, 32.56000991278713], [-4.652900265558491, 32.56082887799163], [-4.651531327115024, 32.56120537815957], [-4.649836747952793, 32.561138009800416], [-4.649737499856766, 32.56149781602446], [-4.649418432800325, 32.56141237818193], [-4.648444846822772, 32.560260015905975], [-4.64810448584518, 32.55900971728672], [-4.6476779849760295, 32.55883605766814], [-4.643453905923384, 32.55933949463822], [-4.6416405006010475, 32.558556560435456], [-4.639727840604269, 32.558133398621614], [-4.6359448528501845, 32.559616715108106], [-4.63498933351131, 32.559449897029324], [-4.6346767863257945, 32.559722841073935], [-4.634038690644418, 32.559551886694734], [-4.632669683349492, 32.559928183327614], [-4.631080939110472, 32.559859186176695], [-4.630250680839748, 32.56076622088971], [-4.630165940414716, 32.56193246083056], [-4.629636887262557, 32.561939322231744], [-4.62838172970251, 32.56276222780073], [-4.627006177250275, 32.56278004369341], [-4.625851946320489, 32.56333273906871], [-4.6259690753804374, 32.56395860750187], [-4.625451322485592, 32.56459268911636], [-4.625470717451712, 32.56566795324711], [-4.625895595086454, 32.56575208309311], [-4.623678315330731, 32.56604962975919], [-4.623684773516328, 32.566408051390205], [-4.622206572106766, 32.566606394595844], [-4.6223188415125795, 32.56696345041689], [-4.620733198407865, 32.56707353719503], [-4.6207380334432, 32.56734235376913], [-4.620002143949469, 32.56762072162201], [-4.618411657002558, 32.567461962738], [-4.61810064013828, 32.56782447332043], [-4.616301730337824, 32.567847624064896], [-4.6149357278298995, 32.56840294482637], [-4.613908032448276, 32.5701190497684], [-4.613718859020021, 32.57137624882869], [-4.612580472166255, 32.57282488558889], [-4.611628052972298, 32.572837104905204], [-4.611632861916624, 32.57310592244197], [-4.610999515939429, 32.57320367060009], [-4.609939665769316, 32.573127628083945], [-4.609428150654248, 32.574120071693464], [-4.601912892803476, 32.574126481190554], [-4.6017060195455475, 32.57439799814149], [-4.599807502442723, 32.57478069115932], [-4.598555065769058, 32.57578252404843], [-4.597390951567185, 32.57579732907823], [-4.5960262927020805, 32.57644205744244], [-4.593172065204834, 32.57665753418948], [-4.591711031404754, 32.57784119863758], [-4.590450548717805, 32.5783949209949], [-4.589603892399833, 32.57840563552295], [-4.5891000269969355, 32.57984603714488], [-4.589340157389609, 32.58145628064247], [-4.5881775448261815, 32.581560609338176], [-4.587212388259688, 32.580855792208105], [-4.58658842772445, 32.581491060593436], [-4.584896630186145, 32.581602040601474], [-4.585329438562815, 32.582134340666194], [-4.585239375022762, 32.58303174476099], [-4.584089345605276, 32.58385289146084], [-4.583465342504757, 32.5844881453666], [-4.583683325132547, 32.58484390477519], [-4.582534833289139, 32.5857546450923], [-4.580522278974291, 32.585690354169095], [-4.578621850979202, 32.585983129403786], [-4.575336057077953, 32.5857554943955], [-4.5749079895994615, 32.585491980717165], [-4.570786432141456, 32.58590208946891], [-4.568876594225142, 32.58565707334607], [-4.568233741322007, 32.58521696454501], [-4.5669854777513175, 32.58648731910807], [-4.5665621068226585, 32.58649259920357], [-4.566046919331994, 32.58730566599855], [-4.56530912863338, 32.58749411521213], [-4.564585348552631, 32.58848902927307], [-4.563119072077624, 32.589403553342954], [-4.562823309415128, 32.59066201223764], [-4.562616279644551, 32.59093346891742], [-4.561981190529556, 32.59094136739795], [-4.561990518755641, 32.59147901385816], [-4.561470599796064, 32.592023240156806], [-4.560001128417117, 32.592758514478795], [-4.559700655040109, 32.59374814364108], [-4.557826339858673, 32.59556394450099], [-4.557737544332635, 32.59655094368374], [-4.556166760117422, 32.59755631221645], [-4.554902676470027, 32.59793047540836], [-4.554497821399391, 32.59901101193814], [-4.553974719773407, 32.59937599335375], [-4.552073901180123, 32.599668377673204], [-4.551012222611281, 32.59950223813077], [-4.550699278020362, 32.59977498367062], [-4.546676624984508, 32.599824583605454], [-4.546670465121052, 32.59946615050563], [-4.546352888092875, 32.599470060753475], [-4.5457038830878735, 32.59867140392714], [-4.543266071655904, 32.59852212574363], [-4.543060500766726, 32.59888316062669], [-4.541050722476616, 32.59899746231689], [-4.5410568598534375, 32.59935589639423], [-4.539255720756202, 32.59928835478609], [-4.538191002835401, 32.59894288872245], [-4.535450901717293, 32.59969343466334], [-4.5342757499137125, 32.59908040280218], [-4.530671962437296, 32.59885548953198], [-4.529212773202541, 32.60021767665218], [-4.529359749953126, 32.602635830199084], [-4.528633926694725, 32.60354094139447], [-4.527897438234483, 32.603818785694514], [-4.526834226007087, 32.603562832913205], [-4.5268403078448065, 32.60392126911948], [-4.525252328711517, 32.60394056402948], [-4.524940807065114, 32.604302857106006], [-4.523035222156979, 32.604325980016306], [-4.521241560799421, 32.60470622888844], [-4.5206033335202225, 32.60453470251654], [-4.520247887249408, 32.60229831413867], [-4.519396439017283, 32.60203973420541], [-4.519171097840847, 32.60123581073178], [-4.516934391068144, 32.60045619476011], [-4.515556680176132, 32.60038319852128], [-4.514295387003801, 32.600936178185265], [-4.512601588843674, 32.600956587906886], [-4.51092433822132, 32.6019626820148], [-4.510089457961294, 32.60268974543662], [-4.509991111538328, 32.603139067050854], [-4.506497558519849, 32.603181019905975], [-4.505999725797629, 32.605069176087724], [-4.501663635134111, 32.605389979744025], [-4.501232687068247, 32.604946991883814], [-4.501748565614497, 32.6041341727864], [-4.502140619418865, 32.60224729688711], [-4.502458212789437, 32.602243498114944], [-4.502547619357671, 32.601256520715495], [-4.503164838216509, 32.600173599591216], [-4.504214471350386, 32.599623265704835], [-4.504831659414062, 32.59854033703443], [-4.504825666461333, 32.598181896864965], [-4.504187513837442, 32.598010284593684], [-4.504463153486258, 32.59549739885681], [-4.503510445469391, 32.59550880588379], [-4.503498471585221, 32.59479192474154], [-4.502521839277332, 32.593369561068286], [-4.501045859276486, 32.59374571935763], [-4.499474460000384, 32.594750396506676], [-4.498627613543268, 32.59476050261278], [-4.498511315589699, 32.594134492969474], [-4.49798054881251, 32.59405119540659], [-4.4976421123124775, 32.592800436305886], [-4.496780384573011, 32.59191442494137], [-4.496251121603985, 32.59192073009195], [-4.4931576135083855, 32.590523486057265], [-4.492002161029063, 32.59107498441442], [-4.491997705893307, 32.59080615238959], [-4.490409932565251, 32.590825000151575], [-4.489873259891726, 32.59038322445032], [-4.487969419831001, 32.59049541773091], [-4.487118168471018, 32.59023661248665], [-4.486277276961886, 32.59060507774519], [-4.485324612790051, 32.59061634537572], [-4.4845910397185165, 32.59107315898952], [-4.484055870192124, 32.59072096865534], [-4.48225786418898, 32.590831825224065], [-4.482034359303473, 32.59011743431055], [-4.481400726584856, 32.59021453643879], [-4.480862626437478, 32.58968310966347], [-4.479702686336174, 32.58996566328642], [-4.479589472067391, 32.58951885405632], [-4.478303080050113, 32.58854808406119], [-4.478179576909315, 32.587473994245116], [-4.478810251157508, 32.58719768625697], [-4.478699988475779, 32.58693009835255], [-4.479955430938538, 32.58601902941859], [-4.479951012624552, 32.58575019570594], [-4.480586089363311, 32.585742712904214], [-4.480471403647873, 32.5852062929274], [-4.481422538498459, 32.585105452554195], [-4.481412219335177, 32.58447817419791], [-4.480561042627639, 32.58421932207426], [-4.479915668229704, 32.583599525570946], [-4.480425736085034, 32.582428344271214], [-4.478952773967097, 32.582983463631706], [-4.477892873690718, 32.58290630713214], [-4.477126987294709, 32.581391626323395], [-4.476489002103525, 32.58121986787518], [-4.476484594948541, 32.580951033535854], [-4.474259005803738, 32.580797910283096], [-4.4742428711843925, 32.57981218325559], [-4.473175682418094, 32.57928692776924], [-4.4708545424487784, 32.57976226540203], [-4.470858932601823, 32.58003110047417], [-4.469800533709112, 32.58004348617365], [-4.468962583246292, 32.580591058884885], [-4.4677983362003575, 32.580604665303106], [-4.466966206308835, 32.58151067241779], [-4.465907788183407, 32.58152302582917], [-4.464128871214613, 32.58279857318758], [-4.464030311610506, 32.5832478661864], [-4.46297623889867, 32.58352903132492], [-4.462560138203003, 32.58398202043246], [-4.461714833374975, 32.584081486847], [-4.461719196977908, 32.5843503228356], [-4.461084124669172, 32.58435771000598], [-4.460566524865471, 32.585080759812776], [-4.4599328998894965, 32.585177753358714], [-4.4597299227634215, 32.58571788550111], [-4.458578668254375, 32.58653791711854], [-4.458482980378132, 32.58716643058095], [-4.457317192562644, 32.587090330194016], [-4.456489245730506, 32.58826510813834], [-4.454179354190213, 32.589457043702694], [-4.453650095495756, 32.589463168995884], [-4.45303812437137, 32.59090431253313], [-4.451453210881579, 32.59110189264551], [-4.451250170382837, 32.591642012417275], [-4.450723786184386, 32.59182735038989], [-4.4507295623136285, 32.5921857996836], [-4.449150390115096, 32.592741800920265], [-4.448744272242149, 32.59382203343363], [-4.446006379783544, 32.59474987011937], [-4.445696000702175, 32.595201587836264], [-4.443697616018836, 32.59603123287315], [-4.443284234218882, 32.596663386730555], [-4.440856608689533, 32.597139402216015], [-4.440003982907748, 32.59679066314527], [-4.439587704920805, 32.597243580222596], [-4.438952535445137, 32.59725085809111], [-4.438956833284071, 32.5975196962289], [-4.4385348177806145, 32.597614159134466], [-4.435675110890015, 32.59755724780296], [-4.435685116551205, 32.59818453764517], [-4.43484821363673, 32.598821504705974], [-4.434853928104399, 32.59917995611023], [-4.434218743645797, 32.59918721042781], [-4.434223027667385, 32.59945604904154], [-4.433274528943289, 32.59973576332454], [-4.433278810235265, 32.60000460202604], [-4.432224437104913, 32.60028551658314], [-4.432230141445887, 32.60064396831596], [-4.430341645085234, 32.601741038667555], [-4.429706441299816, 32.601748270674086], [-4.429819427448223, 32.60219513059375], [-4.4295060943380244, 32.60246758476243], [-4.4287692852542255, 32.60274485614306], [-4.428023939313912, 32.602484444925025], [-4.4273986794470765, 32.6031189569821], [-4.426546044690716, 32.60277012698296], [-4.424010867088425, 32.603157412661545], [-4.4239177596261205, 32.603965131858914], [-4.422866142228009, 32.6044251962394], [-4.422441242496938, 32.604340379824606], [-4.420347873732388, 32.60588776919506], [-4.42014461465621, 32.60642784359115], [-4.4179283356911645, 32.60690103132056], [-4.417099692292012, 32.60807556544116], [-4.416255510572268, 32.60826434666457], [-4.415947755934468, 32.608895222259605], [-4.41520944048708, 32.609082802950915], [-4.415003324898417, 32.60944364286514], [-4.414051839710873, 32.609543989094426], [-4.413221713971891, 32.61062888569557], [-4.411529062850726, 32.61073755126352], [-4.410477300246536, 32.61119751534222], [-4.410487135481654, 32.61182481069747], [-4.409538427089371, 32.61210435080152], [-4.408812701594404, 32.61309841783482], [-4.406279946369005, 32.61366458249056], [-4.4057589369708605, 32.61420819253634], [-4.4038530406223595, 32.61422951324193], [-4.403330614942027, 32.614683499809175], [-4.4029028869638225, 32.61441939050247], [-4.40152779782545, 32.61452437440284], [-4.401320218761766, 32.6147955794747], [-4.401962506119116, 32.61523655798954], [-4.401545949950406, 32.615689355302855], [-4.39921508421401, 32.61562571892985], [-4.3991008357204056, 32.61508921467023], [-4.3968786533490825, 32.61520358283231], [-4.396556825303585, 32.614938273607855], [-4.395180328216888, 32.61495357425183], [-4.395003568324337, 32.6103844264449], [-4.392320531917539, 32.6080838278863], [-4.390733769262113, 32.60819103872551], [-4.389767036848901, 32.60730544227275], [-4.3897601160309705, 32.606857369871875], [-4.388577510679394, 32.60570526272984], [-4.388892365753368, 32.6055225216618], [-4.388974723838265, 32.6039979035954], [-4.388336727652644, 32.60382569771033], [-4.387899419838451, 32.602934232040575], [-4.3869424406412785, 32.602675913342864], [-4.386905152615319, 32.60025631729651], [-4.385956484802283, 32.6005356784], [-4.384786422290713, 32.600190063702826], [-4.384353303323788, 32.599567428122135], [-4.382972903186456, 32.59931374416266], [-4.38242567668944, 32.59815457767334], [-4.381141542443984, 32.59727240315488], [-4.381446757066279, 32.596462376281906], [-4.380903692872363, 32.595572046580244], [-4.380891320518715, 32.594765511699094], [-4.380463752423963, 32.594501320790684], [-4.380452758707001, 32.593784400646214], [-4.378735663150769, 32.592279545501064], [-4.37883054178371, 32.59156146275295], [-4.378288906312759, 32.590760734717016], [-4.378169332160516, 32.58986574447306], [-4.378121325997915, 32.586729212860625], [-4.377692433680558, 32.58637539571271], [-4.377680094452022, 32.58556885855758], [-4.377868486090357, 32.58404307772192], [-4.378503579121359, 32.584036111171045], [-4.378069213461578, 32.58332383383487], [-4.3805669791235164, 32.58051787404464], [-4.380135361710416, 32.57998483390566], [-4.379393081244484, 32.57990335470195], [-4.3790659449765545, 32.57927953328732], [-4.379162183274622, 32.57865106457483], [-4.379479710638034, 32.57864757894167], [-4.379122394702714, 32.576052220655924], [-4.381750509324469, 32.5748581540337], [-4.381827482221006, 32.57297506984076], [-4.3824556207982965, 32.57252000914188], [-4.3798028789487065, 32.572101012630036], [-4.3782235821883635, 32.57265612624186], [-4.377587199072791, 32.57257347379205], [-4.37726421328591, 32.5722184922732], [-4.376842242731552, 32.57231274679932], [-4.376832656612301, 32.571685438502534], [-4.376193543837016, 32.57142354777132], [-4.3761867000378585, 32.57097547023733], [-4.375759260722481, 32.570711258926686], [-4.375748314471071, 32.56999433464404], [-4.37606170609683, 32.569722011861515], [-4.376908362815899, 32.56971273819678], [-4.376797053633227, 32.56935543568636], [-4.374027664253628, 32.568220548436926], [-4.372423828877342, 32.5671625064172], [-4.372419734495923, 32.56689365929253], [-4.371890589645087, 32.5668994366617], [-4.371226980771236, 32.56502443544268], [-4.370704661580171, 32.565478286488634], [-4.368905595427422, 32.565497895157975], [-4.366567877396809, 32.56489592120095], [-4.366259906738233, 32.565526684680066], [-4.3655191132297535, 32.56553473577153], [-4.3645775194439995, 32.566262008911096], [-4.362889682840401, 32.56663884699245], [-4.3611774668281855, 32.565402572226596], [-4.35884790472948, 32.5653381505015], [-4.358415138388136, 32.56471541285171], [-4.357252390440509, 32.56481760598839], [-4.356938956722888, 32.56508988312443], [-4.353441262011166, 32.56476907486845], [-4.352282540020756, 32.565140071612056], [-4.351446668402183, 32.565866110369114], [-4.350600038829716, 32.56587521157389], [-4.349145268663974, 32.56768345656498], [-4.343646062133544, 32.56801126496184], [-4.34365007086146, 32.56828011525026], [-4.343122247280849, 32.568375388501416], [-4.342906576768215, 32.56810880010839], [-4.341742427949821, 32.56812123446266], [-4.341100768879394, 32.56767992799593], [-4.339941954902167, 32.56805081309307], [-4.33782132762367, 32.56780451209648], [-4.337105771967319, 32.56951511900434], [-4.336153269498966, 32.56952524979874], [-4.336157256108259, 32.5697941008475], [-4.335735248723216, 32.56988821818209], [-4.333936068538297, 32.56990732864574], [-4.333941375288145, 32.57026579701068], [-4.332040325991408, 32.570554855304046], [-4.331832629804133, 32.57082595022711], [-4.330877464076912, 32.57065680703383], [-4.329928915327347, 32.57093574262498], [-4.3299328835837025, 32.571204594295295], [-4.329086196399459, 32.57121355189655], [-4.328985647778816, 32.57157314020921], [-4.328350629584495, 32.57157985422619], [-4.3281429198209596, 32.57185094335731], [-4.326555368502592, 32.571867711868705], [-4.326243134608612, 32.572229532540526], [-4.325502273807447, 32.57223734922254], [-4.32540039145935, 32.572507317644174], [-4.32423749467944, 32.57260920873731], [-4.32392393193139, 32.57288140650011], [-4.323181748944209, 32.572799592206444], [-4.323163323724197, 32.571544947859884], [-4.322409314820021, 32.57065657128321], [-4.320188079949812, 32.57076955702232], [-4.318825331399735, 32.571680179629524], [-4.317557909037461, 32.57187273715305], [-4.315349718205928, 32.57288181535864], [-4.312600527292944, 32.57308982440215], [-4.311109654224904, 32.572477967772826], [-4.312151069110598, 32.57130188875625], [-4.312552223333304, 32.569773964082636], [-4.313074868364797, 32.56932034680092], [-4.31378696425737, 32.56734101135744], [-4.314414113574299, 32.56679666463005], [-4.314838746507817, 32.56688185432225], [-4.315987188175614, 32.56579425599715], [-4.3173328510388425, 32.56371863380204], [-4.317089765997607, 32.56157002465629], [-4.316338520106807, 32.56086084228407], [-4.316700294022666, 32.55664436812094], [-4.3161568057790145, 32.55566411209703], [-4.314762872199235, 32.55442385640679], [-4.314647908422324, 32.55379763700736], [-4.315276268370314, 32.55334290540999], [-4.316859574161569, 32.553057433874436], [-4.318011750463755, 32.55223867370481], [-4.319277585898787, 32.55195650029466], [-4.3198822977713505, 32.549888624541595], [-4.3212381487775735, 32.54852990690924], [-4.3216272410822265, 32.54619539356479], [-4.322456613381706, 32.545021460108096], [-4.323090131440485, 32.54492516284793], [-4.323181475051799, 32.54393825296899], [-4.323912896372175, 32.54330313112905], [-4.325256740111186, 32.541137812446706], [-4.325218561493149, 32.538538895090625], [-4.325614100088845, 32.5366524589811], [-4.3252756518328965, 32.535221918396715], [-4.324630363363613, 32.534511663597534], [-4.324619838498562, 32.53379472005183], [-4.3239785104366995, 32.53335331527002], [-4.32391671537746, 32.52914126883537], [-4.32423013083406, 32.52886907319304], [-4.3251808927816855, 32.52876942584574], [-4.3271789706343835, 32.527941667794344], [-4.3302493818765475, 32.5280884897592], [-4.331513516277581, 32.52771658410101], [-4.333311856848512, 32.527697530187034], [-4.334992481101955, 32.52687301464213], [-4.337531287026688, 32.526846037924685], [-4.338593109155474, 32.52710363511588], [-4.339435389242647, 32.52682577177032], [-4.340900379820107, 32.52573457975225], [-4.341533740115532, 32.52563819332637], [-4.34365871592489, 32.526242928573], [-4.344711200437464, 32.525873152511366], [-4.348096223260578, 32.52583691160124], [-4.348832678553784, 32.525560120231766], [-4.350950990218771, 32.52571664540477], [-4.353801714774975, 32.5253274636003], [-4.359935653796959, 32.52517165069766], [-4.361404416363759, 32.52434907704432], [-4.362879917050604, 32.52397457026202], [-4.362981636600006, 32.52370457385698], [-4.365409123291365, 32.523319716693344], [-4.36795187159112, 32.5235609781965], [-4.370272191521501, 32.52308756188882], [-4.370372527390289, 32.52272794367086], [-4.37206087623716, 32.52244064181433], [-4.372478533503286, 32.522077559728935], [-4.3739634943033066, 32.5223302391463], [-4.3752191612190945, 32.52142020313219], [-4.376592875656646, 32.52131554332512], [-4.376709584305843, 32.522031315059216], [-4.3772384649744005, 32.52202552447303], [-4.3780778335275485, 32.521568174209634], [-4.380193343219943, 32.52154497580965], [-4.380925545999776, 32.52099915172625], [-4.382410508826009, 32.52125173126724], [-4.384944982169111, 32.52095495404959], [-4.3872610033996695, 32.520212380763795], [-4.388528907194428, 32.520108758076546], [-4.389052258627884, 32.519744455097296], [-4.39190536188806, 32.51953364996759], [-4.3929547909796405, 32.51898424591647], [-4.39443144396808, 32.51869899010278], [-4.394416219201451, 32.51771321882283], [-4.395784305627336, 32.51724988925962], [-4.396428625813211, 32.517870153493156], [-4.3970632480449465, 32.51786310583134], [-4.40149586007372, 32.51718637542428], [-4.40381163797594, 32.51644350325737], [-4.404447642100031, 32.51652603383628], [-4.408136956030144, 32.51567810722483], [-4.408661598240953, 32.51540334034084], [-4.408543250052231, 32.51459798917779], [-4.409486751002943, 32.51404963547594], [-4.4112847606075904, 32.514029474240246], [-4.4115004934199264, 32.51429594555835], [-4.4125595501689485, 32.51437368703836], [-4.414769393313195, 32.51363180499668], [-4.416250097006562, 32.513615141506264], [-4.42193314957704, 32.51175841310117], [-4.422870888644046, 32.510851503490684], [-4.42549793702278, 32.50974619323431], [-4.427786395573373, 32.50730021499112], [-4.42926840515734, 32.507373015572455], [-4.434935120041532, 32.50452995956879], [-4.436311333504401, 32.504603884545546], [-4.437153080385834, 32.504325379850684], [-4.441251694169067, 32.50266514356787], [-4.44250352923316, 32.50157523164756], [-4.443978288097251, 32.5011997917785], [-4.444605615512623, 32.500744438223734], [-4.445978906370709, 32.50063903121144], [-4.446497602645405, 32.500005656333464], [-4.447965136847988, 32.49918210197227], [-4.448795299282467, 32.49818661164089], [-4.449218278986388, 32.49818174005003], [-4.450255591012688, 32.49691496320212], [-4.454029182736788, 32.49480991311255], [-4.454756384136555, 32.49399483489741], [-4.456226631779679, 32.49335041538748], [-4.458412440505422, 32.49117397337891], [-4.459251096124465, 32.49071609887096], [-4.459242415010346, 32.49017841827464]]]}}, {"type": "Feature", "properties": {"id": 14, "name": "Subbasin 14", "Subbasin": 14, "AREA_HA_TOTAL": 23562.76, "HRU_COUNT": 15, "DOM_LANDUSE": "PAST", "DOM_LANDUSE_HA": 16928.79, "DOM_LANDUSE_PCT": 71.85, "DOM_SOIL": "I-Bk-X-2c-1237", "DOM_SOIL_HA": 23562.76, "DOM_SOIL_PCT": 100.0, "DOM_SLOPE_BAND": "0-9.0", "DOM_SLOPE_BAND_HA": 8672.31, "DOM_SLOPE_BAND_PCT": 36.81}, "geometry": {"type": "Polygon", "coordinates": [[[-4.428316595514951, 32.507383826478225], [-4.427786395573373, 32.50730021499112], [-4.42549793702278, 32.50974619323431], [-4.424444581422357, 32.51002701758001], [-4.4232939324578515, 32.51084671738982], [-4.422870888644046, 32.510851503490684], [-4.42193314957704, 32.51175841310117], [-4.42014646755938, 32.512495642595105], [-4.417405066495825, 32.51306434801289], [-4.416250097006562, 32.513615141506264], [-4.414769393313195, 32.51363180499668], [-4.4125595501689485, 32.51437368703836], [-4.4115004934199264, 32.51429594555835], [-4.4112847606075904, 32.514029474240246], [-4.409486751002943, 32.51404963547594], [-4.408543250052231, 32.51459798917779], [-4.408661598240953, 32.51540334034084], [-4.408136956030144, 32.51567810722483], [-4.404447642100031, 32.51652603383628], [-4.40381163797594, 32.51644350325737], [-4.40149586007372, 32.51718637542428], [-4.3970632480449465, 32.51786310583134], [-4.396428625813211, 32.517870153493156], [-4.395784305627336, 32.51724988925962], [-4.394416219201451, 32.51771321882283], [-4.39443144396808, 32.51869899010278], [-4.391483652892174, 32.51962794729377], [-4.389052258627884, 32.519744455097296], [-4.388844848639474, 32.520015638601244], [-4.3872610033996695, 32.520212380763795], [-4.386631867811979, 32.520577842769086], [-4.382727833742441, 32.52124824287457], [-4.380925545999776, 32.52099915172625], [-4.380193343219943, 32.52154497580965], [-4.3780778335275485, 32.521568174209634], [-4.3772384649744005, 32.52202552447303], [-4.376709584305843, 32.522031315059216], [-4.376592875656646, 32.52131554332512], [-4.3752191612190945, 32.52142020313219], [-4.3739634943033066, 32.5223302391463], [-4.372478533503286, 32.522077559728935], [-4.37206087623716, 32.52244064181433], [-4.370372527390289, 32.52272794367086], [-4.370272191521501, 32.52308756188882], [-4.36795187159112, 32.5235609781965], [-4.365409123291365, 32.523319716693344], [-4.362981636600006, 32.52370457385698], [-4.362879917050604, 32.52397457026202], [-4.361404416363759, 32.52434907704432], [-4.359935653796959, 32.52517165069766], [-4.353801714774975, 32.5253274636003], [-4.350950990218771, 32.52571664540477], [-4.348832678553784, 32.525560120231766], [-4.348096223260578, 32.52583691160124], [-4.344711200437464, 32.525873152511366], [-4.34365871592489, 32.526242928573], [-4.341533740115532, 32.52563819332637], [-4.340900379820107, 32.52573457975225], [-4.339435389242647, 32.52682577177032], [-4.338593109155474, 32.52710363511588], [-4.337531287026688, 32.526846037924685], [-4.334992481101955, 32.52687301464213], [-4.333311856848512, 32.527697530187034], [-4.331513516277581, 32.52771658410101], [-4.3302493818765475, 32.5280884897592], [-4.3271789706343835, 32.527941667794344], [-4.3251808927816855, 32.52876942584574], [-4.32423013083406, 32.52886907319304], [-4.32391671537746, 32.52914126883537], [-4.3239785104366995, 32.53335331527002], [-4.324619838498562, 32.53379472005183], [-4.324630363363613, 32.534511663597534], [-4.3252756518328965, 32.535221918396715], [-4.325614100088845, 32.5366524589811], [-4.325218561493149, 32.538538895090625], [-4.325256740111186, 32.541137812446706], [-4.323912896372175, 32.54330313112905], [-4.323181475051799, 32.54393825296899], [-4.323090131440485, 32.54492516284793], [-4.322456613381706, 32.545021460108096], [-4.3216272410822265, 32.54619539356479], [-4.3212381487775735, 32.54852990690924], [-4.3198822977713505, 32.549888624541595], [-4.319277585898787, 32.55195650029466], [-4.318011750463755, 32.55223867370481], [-4.316859574161569, 32.553057433874436], [-4.315276268370314, 32.55334290540999], [-4.314647908422324, 32.55379763700736], [-4.314762872199235, 32.55442385640679], [-4.3161568057790145, 32.55566411209703], [-4.316700294022666, 32.55664436812094], [-4.316338520106807, 32.56086084228407], [-4.317089765997607, 32.56157002465629], [-4.3173328510388425, 32.56371863380204], [-4.315987188175614, 32.56579425599715], [-4.314838746507817, 32.56688185432225], [-4.314414113574299, 32.56679666463005], [-4.31378696425737, 32.56734101135744], [-4.3120478423259625, 32.571482229530226], [-4.3109005856680245, 32.57265941186505], [-4.310265555186296, 32.57266603470596], [-4.310070818657093, 32.573833274447615], [-4.307839074988796, 32.573229100519825], [-4.305724887519296, 32.573430349093016], [-4.304782714597408, 32.57415718787196], [-4.304372327952588, 32.575057763981775], [-4.3033203952543, 32.57551683662578], [-4.302380772293951, 32.57642289447309], [-4.299941204940668, 32.57608962925888], [-4.298549745590037, 32.57502843657907], [-4.298862102479768, 32.57466668179304], [-4.298849182418113, 32.57377049881789], [-4.298317398404594, 32.5735967308499], [-4.298305775676689, 32.57279016586635], [-4.2978798373811715, 32.57261530233446], [-4.297870800828427, 32.571987973816185], [-4.297553286329895, 32.5719912526613], [-4.297225449684129, 32.57127758356721], [-4.29900917989696, 32.57018357779612], [-4.299313765388369, 32.56928411198403], [-4.300153979357899, 32.56882726377501], [-4.300147514281639, 32.56837917211716], [-4.298756174896311, 32.56731797748441], [-4.299068505304039, 32.5669562224533], [-4.298738093550875, 32.56606331976065], [-4.299777017505055, 32.56470810308597], [-4.298192155680438, 32.5649037470376], [-4.297550725430065, 32.56446221188829], [-4.297437155479355, 32.56392559348734], [-4.296908011864089, 32.563931054761795], [-4.296900274610973, 32.563393343656195], [-4.296369845010935, 32.56330918405081], [-4.296144012670327, 32.56232556287382], [-4.295607149111101, 32.56179330694956], [-4.2936984163259835, 32.5615440722701], [-4.291459375533388, 32.56040188335077], [-4.290705769596074, 32.55951330465579], [-4.2894371653693115, 32.55961595724722], [-4.287515692854072, 32.55847043799612], [-4.287372756924295, 32.55587257245284], [-4.286949478169879, 32.55587690680967], [-4.286621787645376, 32.555163204662385], [-4.285459057414156, 32.555264732576106], [-4.285540598200744, 32.553560888420456], [-4.285005126879296, 32.5531182026652], [-4.284263134478309, 32.55303615322265], [-4.284138173405028, 32.551692947296814], [-4.281918607226245, 32.5518948654599], [-4.2814902516902364, 32.55154070405753], [-4.278634519778259, 32.55165941554397], [-4.277161993269025, 32.55230181052914], [-4.2755772895543975, 32.55249716540053], [-4.274410777686239, 32.552329732218794], [-4.273556654424693, 32.5518005943702], [-4.27363462235267, 32.54982789286903], [-4.273310855835007, 32.54938301080761], [-4.273056217590461, 32.54633808832903], [-4.274735229157818, 32.54533511882732], [-4.274412740482145, 32.54497985860015], [-4.274289207247964, 32.543726256845346], [-4.272917523363891, 32.544009049466545], [-4.272908670320653, 32.54338171193682], [-4.273329362534359, 32.543198187032296], [-4.272875789996388, 32.54105160054454], [-4.272244764347896, 32.54132688486187], [-4.270869321755329, 32.541340795278934], [-4.270345353368911, 32.54170462050529], [-4.263903870477427, 32.542665865178186], [-4.262747540958066, 32.54321527980552], [-4.259467557125352, 32.54324817994667], [-4.258838974556144, 32.543702638529346], [-4.256729085210888, 32.54417190974387], [-4.255985938747586, 32.54400007057207], [-4.255659784508604, 32.54337589948152], [-4.254702540960057, 32.543026925175184], [-4.253755269835638, 32.543394905936296], [-4.252485592391744, 32.54340756088646], [-4.251223373171088, 32.543957925404555], [-4.25080014439336, 32.54396213668806], [-4.250685638693268, 32.54333584637437], [-4.250152879980008, 32.543072246582895], [-4.248781121240176, 32.54335477747141], [-4.248787324965779, 32.54380287988275], [-4.247310982221834, 32.54417606649287], [-4.2468827962733045, 32.54382178246837], [-4.245931769183884, 32.543920843523146], [-4.245503589739421, 32.54356655462448], [-4.244550090381712, 32.54348636396605], [-4.244440574215625, 32.54321854939046], [-4.243806970362231, 32.54331445206799], [-4.24316471904771, 32.5427830068175], [-4.24030671924128, 32.54272160057766], [-4.239657102665863, 32.541652411888315], [-4.238805739984688, 32.5413022712407], [-4.2386876294893785, 32.540407105021394], [-4.235922002407004, 32.53935872437676], [-4.2347410035694795, 32.53811546451944], [-4.233044512413098, 32.53786321327522], [-4.231222661539513, 32.53617803616677], [-4.229644227741999, 32.53682091404121], [-4.228266391357706, 32.53665511429517], [-4.227413898941308, 32.53621527271549], [-4.225304002106189, 32.53668401675864], [-4.22392617420387, 32.53651816919931], [-4.219916693125469, 32.53736383214609], [-4.218865950302092, 32.53791182188611], [-4.217702134732769, 32.537923098137185], [-4.217389567575569, 32.538284658093986], [-4.216331548495558, 32.538294897359], [-4.215913172118887, 32.538657477233265], [-4.213590340789025, 32.539038451718646], [-4.213276547818383, 32.53931038013431], [-4.210845477482147, 32.53951308184549], [-4.21084186890139, 32.53924421638382], [-4.210207049224694, 32.53925032811768], [-4.209361824074641, 32.53934809398353], [-4.209365428259571, 32.53961695958795], [-4.208409592870214, 32.53935724920169], [-4.208202786845901, 32.53971777033921], [-4.205033455240026, 32.540106718772996], [-4.2050370466319995, 32.5403755847744], [-4.204081214509116, 32.540115841404216], [-4.201861705751742, 32.54031634372168], [-4.201111525722253, 32.539606444015774], [-4.201307619909829, 32.53843933458612], [-4.2021492645726255, 32.53807275647862], [-4.2055289456239136, 32.53759223143141], [-4.206378952768121, 32.537852979570914], [-4.206583365073955, 32.53731321727801], [-4.207748377266884, 32.53739166606289], [-4.208484183947107, 32.53702606251645], [-4.211969586649251, 32.536544349102485], [-4.214395748986543, 32.535983140531634], [-4.2162892626517765, 32.535158138676735], [-4.216028148242074, 32.531485694131234], [-4.21558807174147, 32.53023508058962], [-4.214948490521212, 32.52988272751147], [-4.214831841080345, 32.52907715308933], [-4.215127495631597, 32.52746089374382], [-4.214701926185258, 32.52728573797424], [-4.214688659060642, 32.526299897380596], [-4.215204326438684, 32.52530894687886], [-4.21519226131881, 32.52441272804919], [-4.214862842735395, 32.52351957499317], [-4.214437292611901, 32.52334441776489], [-4.214309808527085, 32.521732244177365], [-4.21324234692682, 32.52102547695446], [-4.21299947633794, 32.51869734488352], [-4.2123515644196186, 32.51771762129282], [-4.213600422069526, 32.5161818053167], [-4.213465741426412, 32.51403189593965], [-4.214198926549934, 32.51348701853802], [-4.214190491731206, 32.51285966395646], [-4.216190507417152, 32.512123273204935], [-4.215943972930543, 32.50952627862125], [-4.216251622961834, 32.50880623458386], [-4.218243070870744, 32.50744245896463], [-4.218446139873877, 32.50681305613535], [-4.219391975222548, 32.5063557230732], [-4.219384716435779, 32.505817991007156], [-4.220123852146708, 32.50572119083186], [-4.220326904472034, 32.505091785204726], [-4.221269077316581, 32.50436557262639], [-4.2228506539878925, 32.503991674631145], [-4.223368538660683, 32.50317993626968], [-4.224422499636287, 32.502900781981886], [-4.225463081730689, 32.501635778506255], [-4.226098849658026, 32.50171921794081], [-4.22770349753101, 32.50304807463829], [-4.229712940234067, 32.50302844948536], [-4.230557800055343, 32.5029305549853], [-4.23192045819736, 32.502020883154145], [-4.234027064772389, 32.50137280283036], [-4.2357020314636955, 32.500101492697404], [-4.235902511352462, 32.49929282120494], [-4.237475341402838, 32.49829139198581], [-4.237351178771772, 32.49694810917503], [-4.238609154658306, 32.49612902934225], [-4.239337125152794, 32.495225525090866], [-4.240288880110395, 32.49521614695956], [-4.241443517517987, 32.49457732503799], [-4.242607996531867, 32.49465546402394], [-4.244079856714223, 32.49401348504004], [-4.247534930842321, 32.49146953800743], [-4.248691944069258, 32.49100989411349], [-4.2492119997671365, 32.4903772976731], [-4.251532172950733, 32.48990607539226], [-4.252366948142953, 32.48909106869134], [-4.253944387871699, 32.48844792526625], [-4.2547766397123645, 32.487453661092985], [-4.25750719985322, 32.486081902670584], [-4.258353112847189, 32.486073446865795], [-4.25898255493281, 32.48570861746377], [-4.259395521547026, 32.484987417772395], [-4.2600249518336035, 32.48462258338585], [-4.262558891585036, 32.484328286614065], [-4.264764320161905, 32.48323054052895], [-4.266666302961567, 32.48312177799366], [-4.267712346312145, 32.48230454498212], [-4.268346752088373, 32.48229815287854], [-4.26865766733736, 32.481846852257796], [-4.269605495461956, 32.48156839393749], [-4.2703481472727125, 32.48174016643319], [-4.270554576882014, 32.481379549230105], [-4.274149499545849, 32.48134320478693], [-4.27435591292237, 32.48098258172811], [-4.275731699340955, 32.481058276525175], [-4.276255301966547, 32.48069443478886], [-4.277843815617015, 32.480857582343454], [-4.280260427671733, 32.47975742362223], [-4.281088498320486, 32.47849413243534], [-4.283184007733356, 32.47712828710205], [-4.284217103191835, 32.475414719341885], [-4.285164812547822, 32.47513614645232], [-4.288549293335696, 32.47519117600224], [-4.288861359966876, 32.47482944820161], [-4.290552954446282, 32.47481211477201], [-4.291491678046779, 32.473906154901016], [-4.293817593924783, 32.47388226757924], [-4.294543547330047, 32.472888839281566], [-4.29612424253703, 32.47251403976734], [-4.297380047559945, 32.47160477138321], [-4.2978055015796865, 32.47177965151667], [-4.298118805262216, 32.47150752160575], [-4.299281729657157, 32.47149552287767], [-4.299905748236801, 32.47077201574732], [-4.300957787102373, 32.470402614665936], [-4.301804828865543, 32.470483490246814], [-4.302638965949941, 32.469668163612724], [-4.302525505162807, 32.46913153964432], [-4.303042474075696, 32.46831949198386], [-4.304201479076884, 32.46803858996249], [-4.305247002483706, 32.467221056120216], [-4.3069293809006925, 32.46657616937004], [-4.309465225219763, 32.46646018300292], [-4.309983414043546, 32.465737727947186], [-4.312189091778557, 32.46472879324664], [-4.312916070185249, 32.46382488402685], [-4.313656045856185, 32.46381716434908], [-4.314594421695956, 32.4629110395108], [-4.315017260416092, 32.46290662327227], [-4.315427070216078, 32.46200601263486], [-4.315954309765041, 32.461910869469705], [-4.316890034383667, 32.46082548980467], [-4.31741726533764, 32.46073034071243], [-4.318039759119593, 32.459917128890474], [-4.319507882253078, 32.45909505388051], [-4.319707529907524, 32.458286265145205], [-4.321178227904112, 32.457643409879225], [-4.321708052981107, 32.457727481658104], [-4.322125629212575, 32.45736456565388], [-4.32210599106678, 32.45602027857485], [-4.322941121634624, 32.45529444291023], [-4.3229306421699745, 32.454577489838904], [-4.323986326965482, 32.45447676001801], [-4.323977150459139, 32.45384942626897], [-4.325443808374522, 32.45293766614269], [-4.325437246872462, 32.45248957076914], [-4.325854784291479, 32.45212664312191], [-4.327638481649344, 32.45121151906736], [-4.328591056009382, 32.451291104157356], [-4.329854135521823, 32.450919238668426], [-4.330789580795751, 32.44983376116338], [-4.332048674334046, 32.44919301765607], [-4.332355201460334, 32.448472711879624], [-4.334568128139621, 32.448001112888825], [-4.335300037120855, 32.44745555662964], [-4.335397796597516, 32.44691672304989], [-4.336652846805477, 32.44600707881439], [-4.337498358693367, 32.445998100904674], [-4.338120571906951, 32.44518479532872], [-4.338959449159071, 32.44472771430867], [-4.339473302745882, 32.44373628878474], [-4.340530164825818, 32.44372504253976], [-4.3406305435160055, 32.44336544282584], [-4.342526242512072, 32.442897082994286], [-4.342943666497098, 32.44253410110713], [-4.342934362899794, 32.44190677101516], [-4.34398588173796, 32.441537022078506], [-4.344715019567996, 32.440812176334425], [-4.344812717019094, 32.44027333656449], [-4.345979214271194, 32.440529772593315], [-4.347156383342006, 32.441503145186346], [-4.347561779671635, 32.44033358261805], [-4.348615929329608, 32.44014303274526], [-4.349117636309842, 32.438345004954314], [-4.3495350127498575, 32.43798200221985], [-4.351114850576617, 32.437606532171], [-4.352155580706704, 32.43651977032778], [-4.3521422018889595, 32.43562358700652], [-4.351716822100456, 32.435448887828755], [-4.351600447709217, 32.43473307505319], [-4.35075103659422, 32.434473289631974], [-4.350313641158775, 32.433492019630116], [-4.351462682230365, 32.43258336769589], [-4.352384302571577, 32.43060155453131], [-4.353325964243593, 32.4299640108738], [-4.35341824574828, 32.429066691669064], [-4.354141851566812, 32.42798332111791], [-4.35508481418364, 32.42743538346593], [-4.355488710276708, 32.42617617889839], [-4.356423596600489, 32.425090521774834], [-4.356406157041954, 32.423925483373914], [-4.356922391281238, 32.4231132283935], [-4.357013290636403, 32.42212628839527], [-4.357972290397021, 32.422653750627006], [-4.359240220065055, 32.42264007567238], [-4.35944347523791, 32.42210008573623], [-4.360390380263311, 32.42182096508677], [-4.362361540327036, 32.419379578500354], [-4.362354804808714, 32.418931487533364], [-4.363504889966787, 32.41811235006095], [-4.363811068075026, 32.417391973752856], [-4.367374925344359, 32.41547105510857], [-4.369767003779835, 32.41293535378427], [-4.369861819299999, 32.41221726105731], [-4.371010395857547, 32.4113084403504], [-4.37164698977771, 32.41148077691436], [-4.372163018364392, 32.41066846351439], [-4.373732774667571, 32.40966539813122], [-4.373505193345595, 32.40859228665016], [-4.374762047755959, 32.40786151762398], [-4.3767638180785475, 32.40748112979387], [-4.377599425703792, 32.40684456778961], [-4.3780219918638865, 32.40683994704605], [-4.37885485914063, 32.40602414151584], [-4.378848045600669, 32.40557605269484], [-4.38020636116298, 32.404575222060345], [-4.380718181439372, 32.40349402272018], [-4.3815619160685655, 32.403395142055466], [-4.38260462661993, 32.40248737879041], [-4.386591396998276, 32.40065091974624], [-4.389119746882456, 32.40017491061023], [-4.392270858836577, 32.39897491171913], [-4.3922378460522475, 32.39682409489008], [-4.392960736668658, 32.39574051563882], [-4.392948351872363, 32.39493395924013], [-4.394103362493776, 32.394473024729045], [-4.394195216388091, 32.393575682749756], [-4.395031950844256, 32.39302862798449], [-4.395018170972691, 32.392132454606575], [-4.396485866222578, 32.391399139631595], [-4.39721418454774, 32.39067400683396], [-4.397208664405813, 32.39031553769858], [-4.397941110564471, 32.389859252803426], [-4.398027400455543, 32.3886034394599], [-4.39864868469094, 32.387789853226444], [-4.397366082874159, 32.38681812081772], [-4.397242527487909, 32.38565426625259], [-4.39785551756847, 32.384302979823374], [-4.399010368256046, 32.38384200401069], [-4.399737225365263, 32.38302724072398], [-4.39993601020402, 32.382218339322115], [-4.399813812588812, 32.38114410450948], [-4.3988467429994085, 32.38007924784076], [-4.398906776174846, 32.37712070205367], [-4.400597854050113, 32.37719155741251], [-4.403014325202899, 32.376357992003854], [-4.40354373529455, 32.37644173147729], [-4.4036451833922134, 32.37617170393791], [-4.407445558562487, 32.37603969877288], [-4.407862416847087, 32.375676513599636], [-4.409767461232482, 32.375924121628245], [-4.411343163086879, 32.37536869535366], [-4.412504800087438, 32.37535568496444], [-4.415160247977109, 32.376311860931054], [-4.415792476170007, 32.376215129545734], [-4.416414915410344, 32.37549107775756], [-4.417786358355088, 32.37538602871682], [-4.419176009593363, 32.37644598122499], [-4.421493689542136, 32.376061338456786], [-4.423502969897554, 32.37621793023775], [-4.425395395318341, 32.3756587527192], [-4.426355679043308, 32.3762753171886], [-4.427936915606027, 32.37607815145411], [-4.429102785559003, 32.37633383669264], [-4.433842207216969, 32.375473329342874], [-4.435099520278746, 32.37483159727331], [-4.43551200802832, 32.374199475771384], [-4.436462416119008, 32.374188649871904], [-4.438346193870491, 32.37309158548373], [-4.4395063672249115, 32.37298871126013], [-4.439631860434922, 32.37424212769344], [-4.440375331102205, 32.3745025315126], [-4.44145979909016, 32.376282777037815], [-4.441155793846325, 32.377092941176876], [-4.441516722201796, 32.37986740658918], [-4.442798253493303, 32.38074906442569], [-4.442919532918697, 32.38173362759519], [-4.443891401926097, 32.38306697735918], [-4.444957497647434, 32.3836821837118], [-4.4459080010541925, 32.38367128378922], [-4.447084016002101, 32.384554106252416], [-4.44816302082553, 32.38597582264648], [-4.449203418686815, 32.38497791495969], [-4.449525982735281, 32.385332732927765], [-4.4492220231785575, 32.38614291420267], [-4.449867162610138, 32.38685254875702], [-4.451241589971026, 32.38692636251435], [-4.451143140493719, 32.387375654682764], [-4.451891052240314, 32.38790483159508], [-4.453479599516605, 32.38815541720959], [-4.454024913422567, 32.38922470723105], [-4.4548770381549785, 32.38966303174958], [-4.455951912202453, 32.39081583008688], [-4.458279856438482, 32.39105780998793], [-4.45849829835998, 32.39150343996473], [-4.458922219280465, 32.391588164874534], [-4.459253493245218, 32.39248064481976], [-4.458312986682243, 32.39311895203661], [-4.458324511038439, 32.39383587084476], [-4.457907780819474, 32.39419921854279], [-4.4579221829262625, 32.395095367047794], [-4.458356205128928, 32.395807397127314], [-4.4593097131935115, 32.39597562209201], [-4.459421105458711, 32.39633285798499], [-4.460059186002138, 32.39659436114565], [-4.461535059316969, 32.396397990091785], [-4.4619662273401515, 32.396930777273056], [-4.4627012749785315, 32.39665335344223], [-4.463925397762684, 32.39395019703466], [-4.464865871526671, 32.39331184889861], [-4.463789410519915, 32.39206951652959], [-4.463780735422002, 32.391531828593166], [-4.465129190647679, 32.38999242506623], [-4.465110379200193, 32.38882743479119], [-4.465527055795372, 32.38846406452165], [-4.466163648405273, 32.388635923565225], [-4.467131582698035, 32.38970023697874], [-4.468401892563703, 32.38986470582235], [-4.4688316166191315, 32.390307855295895], [-4.470725478415096, 32.389837612271336], [-4.4721057747746045, 32.390269654056375], [-4.4723126480329, 32.389998343531225], [-4.474209395307332, 32.38970727741196], [-4.475987392816494, 32.38861089219348], [-4.477674325861917, 32.388411862744356], [-4.478629245867965, 32.3886695570301], [-4.478846319534971, 32.38902553505671], [-4.480751796289464, 32.38927205581858], [-4.480861800346889, 32.38953965689938], [-4.4837295669972645, 32.39049187083262], [-4.48437793382799, 32.391380547117876], [-4.485759780454533, 32.39190205041112], [-4.48492802778695, 32.39271853305183], [-4.484950030232053, 32.39406273973603], [-4.488375501287287, 32.39680089048089], [-4.488170132699653, 32.39716183973605], [-4.488597045269913, 32.397425690297545], [-4.488604398706003, 32.39787375814341], [-4.485331458044504, 32.39800200963478], [-4.483950985397756, 32.397570118550874], [-4.482896191746937, 32.39767216634703], [-4.4826922640279845, 32.398122721124146], [-4.482059968918861, 32.39821979019409], [-4.48089368568931, 32.397964608283765], [-4.480676581306477, 32.39760863513549], [-4.48058119469828, 32.398237173432086], [-4.478902854712888, 32.39897393035471], [-4.477337413870636, 32.40015749728305], [-4.475858604906885, 32.40017482603213], [-4.47576026642145, 32.400624133394295], [-4.4748212561634375, 32.40135217619095], [-4.473244073956484, 32.40181878169983], [-4.47317338007588, 32.40397075557576], [-4.473817377953307, 32.40459064235071], [-4.47383048648464, 32.40539716892943], [-4.474150306465262, 32.405572689744304], [-4.474098575167936, 32.4088896444296], [-4.474431524372602, 32.4098716898822], [-4.473598051767113, 32.410598489282236], [-4.472884767680093, 32.41222018855947], [-4.473351036195758, 32.41490366647053], [-4.473042834358969, 32.41544505641115], [-4.472514598386273, 32.41545123182497], [-4.472527700812929, 32.41625775748541], [-4.4719098196972, 32.41725091900776], [-4.470222336755099, 32.41744988638263], [-4.469283111485095, 32.41817789237867], [-4.469097957258, 32.419793409699885], [-4.468478563220107, 32.420696941592674], [-4.46850324985331, 32.422220380355114], [-4.468083532236932, 32.422404534648855], [-4.468103858138943, 32.423659131186845], [-4.468533747678678, 32.42410227476452], [-4.468664097731654, 32.42562448073374], [-4.469095452661787, 32.42615723586914], [-4.469005775218598, 32.42714422163562], [-4.469328571443031, 32.42749898000877], [-4.467753812080333, 32.42814475686889], [-4.46504137173848, 32.43032747840202], [-4.464198949100201, 32.430516536507135], [-4.464010790902148, 32.431952818496576], [-4.462770283479873, 32.43367021969351], [-4.463226255516062, 32.435726433350204], [-4.463654733325035, 32.43607997776109], [-4.463566439113939, 32.43715657416692], [-4.464752030872904, 32.438576883241225], [-4.4649749771300185, 32.43929133630571], [-4.4647897177985305, 32.440906845524125], [-4.4631104643114865, 32.44164341383551], [-4.4621564662452435, 32.44147523291404], [-4.46152673701997, 32.441751435723454], [-4.461335627505337, 32.44300848508803], [-4.4596693079626775, 32.444551535705195], [-4.459035217325815, 32.44455888449877], [-4.4589497519596755, 32.44581470624661], [-4.457277570737084, 32.44699927076265], [-4.456340823750073, 32.44790641704605], [-4.456349473524206, 32.448444101951964], [-4.454471593292769, 32.44998953254364], [-4.452056572232238, 32.451003346618904], [-4.45068117016881, 32.45092957038165], [-4.449315813580495, 32.451483079769204], [-4.448885880103878, 32.451039873470876], [-4.447299099056287, 32.45096849250391], [-4.4456195105207605, 32.45170483577912], [-4.445208193946372, 32.45242660542746], [-4.440777698954124, 32.453015169480615], [-4.440699108858731, 32.45471905806417], [-4.441341838708903, 32.45524948747152], [-4.441501774776478, 32.458653632805905], [-4.440570455554986, 32.4599191264554], [-4.440688997294375, 32.460724448260635], [-4.440283308463577, 32.46180466146557], [-4.440813249413713, 32.46188822809323], [-4.44071753502823, 32.462516739864476], [-4.4387433661053395, 32.464690460318884], [-4.438241903167495, 32.466399177872844], [-4.438527424115032, 32.47105671952874], [-4.439724509817328, 32.473194171259685], [-4.440067342826728, 32.47480360276898], [-4.440924509386628, 32.475510838042624], [-4.440827357293685, 32.476049734598185], [-4.4425388805484225, 32.47728495864711], [-4.443707531741099, 32.477630080727174], [-4.444789084122317, 32.479141389704154], [-4.4466107451214505, 32.480644183054764], [-4.447667990040204, 32.480632025583944], [-4.447783759213229, 32.481258107522635], [-4.449288331730582, 32.48276450765543], [-4.449294078005414, 32.48312296340076], [-4.450898683247175, 32.48426966903328], [-4.451011603584619, 32.48471651919385], [-4.451860314443523, 32.48488599088899], [-4.453149232161936, 32.48612593871159], [-4.454849574949665, 32.4866440737063], [-4.456247178515816, 32.488061992258494], [-4.456777286434628, 32.48814548649096], [-4.459458226312672, 32.49044480591296], [-4.456226631779679, 32.49335041538748], [-4.454756384136555, 32.49399483489741], [-4.454029182736788, 32.49480991311255], [-4.450255591012688, 32.49691496320212], [-4.449218278986388, 32.49818174005003], [-4.448795299282467, 32.49818661164089], [-4.447965136847988, 32.49918210197227], [-4.446497602645405, 32.500005656333464], [-4.445978906370709, 32.50063903121144], [-4.444605615512623, 32.500744438223734], [-4.443978288097251, 32.5011997917785], [-4.44250352923316, 32.50157523164756], [-4.441566085749168, 32.502482280657134], [-4.440201331798301, 32.50312532447219], [-4.436311333504401, 32.504603884545546], [-4.434935120041532, 32.50452995956879], [-4.42926840515734, 32.507373015572455], [-4.428316595514951, 32.507383826478225]]]}}, {"type": "Feature", "properties": {"id": 15, "name": "Subbasin 15", "Subbasin": 15, "AREA_HA_TOTAL": 30421.87, "HRU_COUNT": 21, "DOM_LANDUSE": "PAST", "DOM_LANDUSE_HA": 20722.02, "DOM_LANDUSE_PCT": 68.12, "DOM_SOIL": "I-Bk-X-2c-1237", "DOM_SOIL_HA": 30421.87, "DOM_SOIL_PCT": 100.0, "DOM_SLOPE_BAND": "0-9.0", "DOM_SLOPE_BAND_HA": 12546.0, "DOM_SLOPE_BAND_PCT": 41.24}, "geometry": {"type": "Polygon", "coordinates": [[[-4.551633829017033, 32.32747069822676], [-4.55170879323635, 32.32567716109357], [-4.55308079924888, 32.325660278798395], [-4.554428301393218, 32.32420959185038], [-4.555583079428336, 32.32383683606666], [-4.55525421234349, 32.32312384463055], [-4.555226635378492, 32.32151083111457], [-4.55615344759594, 32.32015494216258], [-4.556041784422438, 32.31979779625931], [-4.558045355230389, 32.31968344046637], [-4.559400371034366, 32.3186807630475], [-4.56066827333672, 32.31875471741378], [-4.5625555088009895, 32.31801431470426], [-4.563932013274779, 32.31826615270368], [-4.565088215687928, 32.31798292462993], [-4.568786374910472, 32.31820589040839], [-4.571975479850716, 32.31951065629769], [-4.574719278183491, 32.31947644189619], [-4.575676813540394, 32.31991263967377], [-4.576305341905816, 32.31963589769385], [-4.57831975213292, 32.32014849728697], [-4.579792520131941, 32.31986117444143], [-4.580649221896215, 32.32056748729551], [-4.58191715856837, 32.32064122668747], [-4.582559701257897, 32.32117095047147], [-4.5838260869360505, 32.32115505968966], [-4.584572615856095, 32.321593837271635], [-4.587522833683709, 32.321287860008034], [-4.5885875430318475, 32.32181223964885], [-4.590591094661002, 32.32169736681664], [-4.591548724721499, 32.32213344081804], [-4.598512302149321, 32.32195577591744], [-4.600407152409777, 32.32166286459626], [-4.6022043491366, 32.32181931456421], [-4.604625258935379, 32.32143002876501], [-4.605252121913973, 32.32106353534758], [-4.606203481806365, 32.32114105737799], [-4.6069342837390685, 32.32068360269453], [-4.60778644497167, 32.32112089536349], [-4.609577297002595, 32.32091880204143], [-4.60988595958844, 32.32046671520914], [-4.611672030318824, 32.319995764284705], [-4.615252068061698, 32.3195018347355], [-4.616817478141198, 32.31849585857039], [-4.618080617961215, 32.31830040684624], [-4.619334182379725, 32.3175672878127], [-4.620072864925984, 32.31755780541182], [-4.621841249715516, 32.316101014079344], [-4.622370468768922, 32.316183840196246], [-4.623205071680478, 32.3156353289543], [-4.624157983369223, 32.31580232592991], [-4.62562410926107, 32.31515603901744], [-4.6264538773213975, 32.314338680492504], [-4.628132608195673, 32.31377925396287], [-4.6286521952895665, 32.31332440126248], [-4.629916838083129, 32.31321844275201], [-4.630438018369235, 32.312853191772106], [-4.632338985603467, 32.312918244417304], [-4.634546856861474, 32.31244151689872], [-4.635814699478295, 32.312514716861166], [-4.636751479987947, 32.31178553456269], [-4.637040632703593, 32.310258084607135], [-4.63914935131564, 32.31014108160851], [-4.6394610579428965, 32.30986814433263], [-4.640412317883074, 32.30994541134194], [-4.641146083180879, 32.30966698274823], [-4.643258015626307, 32.309729128104], [-4.646327695439816, 32.31022689249014], [-4.646655593296019, 32.31085001839579], [-4.648246460319482, 32.31127739452905], [-4.649507794664306, 32.310992025459136], [-4.65222682895381, 32.30961201729986], [-4.655283505554137, 32.309392700846644], [-4.656026999976341, 32.30965183304609], [-4.657073991822664, 32.309189943830866], [-4.6607620858457315, 32.30887257315877], [-4.662218003863196, 32.30768822824009], [-4.667165588364649, 32.30699556038928], [-4.668947778278943, 32.30634460177945], [-4.670004526595814, 32.30642025066151], [-4.670523856127266, 32.305965233280695], [-4.671160205978509, 32.30613606557966], [-4.672739563198582, 32.30593588365648], [-4.67294564197635, 32.30566426575278], [-4.676958297818354, 32.305790265378924], [-4.678842591246668, 32.30495855461308], [-4.680001528526657, 32.30485350321052], [-4.68146374468939, 32.30402737213581], [-4.68218573538971, 32.303121464780915], [-4.685016150352701, 32.302097792002954], [-4.685429874172058, 32.30164412487635], [-4.687881387825843, 32.302955789131516], [-4.6888525485905035, 32.30410796645133], [-4.6894855892092435, 32.30409949332422], [-4.692307615368225, 32.30262762846059], [-4.6938651787419206, 32.301262307526166], [-4.6948180437539575, 32.30142877182814], [-4.696601580389163, 32.30086703821392], [-4.696804235226956, 32.30041617217355], [-4.699014760607894, 32.30011754850833], [-4.700902070072554, 32.29946472973749], [-4.702906583047579, 32.299437699386054], [-4.703944818823021, 32.29852740456855], [-4.704368494144764, 32.29861131212771], [-4.706352833018519, 32.297508961915206], [-4.708978512590221, 32.296846039682855], [-4.7097052158158705, 32.2962088010693], [-4.711383054141165, 32.295648293625135], [-4.71178313915826, 32.29447770307616], [-4.71407196791131, 32.29274370817095], [-4.717035884630479, 32.29324119227834], [-4.718613200503254, 32.292950841761986], [-4.7191322039313945, 32.29249563422184], [-4.720917095076874, 32.29202317209348], [-4.7218682082123244, 32.29209982913179], [-4.724907080333405, 32.290982803749024], [-4.727857386304728, 32.290763197080416], [-4.728274241841337, 32.290488606813504], [-4.731559724919691, 32.29125022956607], [-4.732927678348144, 32.291052201140076], [-4.73377841531068, 32.291399029431176], [-4.736415652707833, 32.291362777761826], [-4.73955294758249, 32.28988553920655], [-4.74124074684416, 32.2898622682556], [-4.742305905238535, 32.29038533567973], [-4.741909660514294, 32.29173521730568], [-4.742239842689852, 32.29244768034969], [-4.742039146317128, 32.29298821539973], [-4.742464539119246, 32.29316159861097], [-4.742915658345092, 32.29467903711103], [-4.742599179680559, 32.294683406907424], [-4.742187494089151, 32.295226854908236], [-4.74282388525933, 32.2953973239981], [-4.74351518312472, 32.298435108674575], [-4.74542100244449, 32.29876727592563], [-4.745649177657683, 32.2996603935815], [-4.745235771980636, 32.30011424768815], [-4.745559141137853, 32.300468284908504], [-4.745463949405915, 32.301007365442906], [-4.745889386392158, 32.30118073536824], [-4.7463268569715895, 32.301981328391705], [-4.7463388893710885, 32.30260855291897], [-4.747930019132847, 32.303034661473866], [-4.7484540883129815, 32.30284814730728], [-4.748462693599643, 32.303296164262775], [-4.748146185925967, 32.3033005490006], [-4.748094027533415, 32.30607971539537], [-4.746305585394807, 32.306373358764056], [-4.745477000542217, 32.30719146753202], [-4.744219499106395, 32.307656991313756], [-4.74201069291962, 32.308046011541634], [-4.740215335512138, 32.307981155746404], [-4.739890245458943, 32.30753750169883], [-4.737041528213444, 32.30757674691818], [-4.7366280441779045, 32.308030575004786], [-4.734528114847789, 32.308597221453304], [-4.733049275237764, 32.30852791264173], [-4.732737864640807, 32.308801071542725], [-4.727664880283265, 32.308422490342444], [-4.726825903203219, 32.308702856814804], [-4.723873316794835, 32.30883285434327], [-4.722722879343398, 32.309386331365516], [-4.720721556492835, 32.30959289305609], [-4.718631632990326, 32.31069690742713], [-4.717806135993987, 32.31169405322923], [-4.7178196678909865, 32.312410890978384], [-4.717195033384907, 32.31286753185433], [-4.717215325110574, 32.31394278859054], [-4.716485160073618, 32.31440086229823], [-4.716508825474983, 32.31565532863395], [-4.715458706767533, 32.31593849348235], [-4.715363323770663, 32.316477556714396], [-4.7140033836697315, 32.31712343245443], [-4.714013512208547, 32.31766106138412], [-4.712867962469121, 32.31848326818186], [-4.712695717258283, 32.32054704476652], [-4.711854893060213, 32.320737711674475], [-4.71187006904686, 32.321544155495914], [-4.711454709436916, 32.321908301693846], [-4.711275685967006, 32.32361365715433], [-4.71096415791975, 32.323886765670345], [-4.7109826990338, 32.32487241918209], [-4.7102507308352095, 32.32524085521909], [-4.71006831143445, 32.32676699935608], [-4.70934979760867, 32.327852269798804], [-4.710067246287564, 32.33232392969957], [-4.711161414378119, 32.334370526453164], [-4.712015862887686, 32.33489669759814], [-4.7123527380063805, 32.33596765544577], [-4.713532281859422, 32.33693753944143], [-4.713539037494383, 32.33729595769527], [-4.7148157052025255, 32.33781637200041], [-4.715472644295248, 32.339062223078194], [-4.716330545436889, 32.3397675710728], [-4.719212501477729, 32.341431239708704], [-4.720393885202671, 32.34249065797426], [-4.722525252879044, 32.343537093013175], [-4.723674414673218, 32.34289400181091], [-4.726224627236148, 32.343755393722944], [-4.727698929960502, 32.34355595127315], [-4.72844459872589, 32.343904242501], [-4.730131704328832, 32.343791482055074], [-4.731493618564471, 32.34323502886593], [-4.733184123387847, 32.343301435262184], [-4.734241330754607, 32.34337652901658], [-4.734672080807028, 32.34381873999432], [-4.736793359358204, 32.344327306567635], [-4.738039406275013, 32.34323461737264], [-4.738568867426257, 32.34331694659869], [-4.7387679672890926, 32.342686813340634], [-4.739494804657388, 32.342049402091504], [-4.741828878598932, 32.34264457600277], [-4.743095460713981, 32.34262707677446], [-4.7443757991513165, 32.34332638899652], [-4.746140870539157, 32.34177830799651], [-4.747715464860929, 32.34130836398278], [-4.749381792425207, 32.34012011436253], [-4.7503316989093625, 32.34010693517267], [-4.750537612474389, 32.33983519719235], [-4.752639868970495, 32.33935786793026], [-4.753681481117122, 32.338626375956196], [-4.757681723078913, 32.338032932784486], [-4.758301112296536, 32.337307286884936], [-4.759249250891452, 32.337204439173796], [-4.760399793785498, 32.33665062677962], [-4.761527753006262, 32.3349319744159], [-4.762996603682657, 32.33446331983515], [-4.76636684823193, 32.33405766253187], [-4.766901499310745, 32.334408680064975], [-4.768268259209728, 32.33412064765688], [-4.768801174438584, 32.334382054887854], [-4.770259507303987, 32.333375705732635], [-4.770563901998783, 32.33274404859387], [-4.771717807596079, 32.33236934069339], [-4.772984226262119, 32.33235154640319], [-4.773925299133618, 32.331890183602965], [-4.774458216073769, 32.33215156690041], [-4.774370166915313, 32.33304906868241], [-4.774802803230861, 32.33358073982024], [-4.774832537999835, 32.33510396828728], [-4.775154400236035, 32.33536831769291], [-4.774545655889686, 32.3366316513595], [-4.775727594494283, 32.33769053157557], [-4.775632554485067, 32.338229626932524], [-4.777241953080375, 32.339551351779434], [-4.777664124833445, 32.33954540210797], [-4.777774924878832, 32.339812718834224], [-4.7785084679660494, 32.3395334985299], [-4.779574421102323, 32.34005621931112], [-4.77979427991963, 32.34050124744843], [-4.781579744409314, 32.34002790833313], [-4.781806638455158, 32.34083133760844], [-4.781498786571951, 32.34128381681729], [-4.781818933649684, 32.341458546267646], [-4.78194380148579, 32.34244266849157], [-4.782796957177391, 32.34287874116297], [-4.782638587755828, 32.34556975966152], [-4.783176884489374, 32.346099905172416], [-4.783185675269515, 32.34654791065529], [-4.781926093666141, 32.346924218906786], [-4.781941906617815, 32.34773062919577], [-4.782687802775755, 32.34807859087505], [-4.784584227941105, 32.34787251594315], [-4.784914964378873, 32.348584842254425], [-4.785988104960387, 32.349465906754986], [-4.786762221337057, 32.35124745714458], [-4.78740613311628, 32.35177608634514], [-4.787420234892935, 32.352492892800946], [-4.786999767593468, 32.35258847806266], [-4.786693667310291, 32.35313057047412], [-4.786915357519794, 32.35366518377015], [-4.786294336839055, 32.354301363503886], [-4.787152914103782, 32.35500620360564], [-4.786744770932266, 32.35572899391527], [-4.78738871567414, 32.35625762172424], [-4.78739929368418, 32.35679522619705], [-4.789537017438838, 32.358109289053004], [-4.7897675652255, 32.35909189890116], [-4.789259155941586, 32.36008499712716], [-4.791821022543357, 32.361482623909595], [-4.792651414920864, 32.3607538149969], [-4.7955052552391955, 32.360892456278634], [-4.796344472111848, 32.36061162552798], [-4.797731021392972, 32.36130886630792], [-4.798008700049687, 32.35933314635116], [-4.799257727530899, 32.35841907355004], [-4.799037727320854, 32.357974085500864], [-4.799751815188005, 32.35670913792848], [-4.800488970118713, 32.35660898820336], [-4.800923650272157, 32.357230158450946], [-4.80166080777181, 32.357130001775104], [-4.802090165702376, 32.35748236753516], [-4.802957783910874, 32.35863509402092], [-4.804659262256891, 32.35923812906434], [-4.806165668410644, 32.36065056289955], [-4.806940280736582, 32.36243196881003], [-4.8085630521953915, 32.364380454702165], [-4.811939499705741, 32.36424234692893], [-4.813217068629701, 32.364761729199714], [-4.814906190004024, 32.36473742374059], [-4.818347222395794, 32.36782471279273], [-4.818368754614288, 32.368899901366], [-4.819012972698845, 32.369428356581714], [-4.819138295340848, 32.37041242196595], [-4.818943298402788, 32.37122185980031], [-4.81852637321624, 32.37149674987482], [-4.818542526149159, 32.37230314077284], [-4.819088372728733, 32.37319151337788], [-4.81866964424507, 32.373376805200834], [-4.8178519187349975, 32.37473297373004], [-4.818755813709121, 32.377677553754275], [-4.817617705829462, 32.37885909384206], [-4.8171113008199065, 32.379941893457804], [-4.8172294467643955, 32.380567563682646], [-4.8162917040403626, 32.38120845453132], [-4.816094870038707, 32.38192828942494], [-4.815162481852128, 32.38283796950008], [-4.813677043440368, 32.38250085524891], [-4.813158040649186, 32.38295644719242], [-4.812522703061686, 32.38287596102048], [-4.811477521626325, 32.38342873724137], [-4.810317797100705, 32.383535025867936], [-4.808538801038789, 32.38436719145017], [-4.808127140343109, 32.38491084781661], [-4.80676333961635, 32.38537853174048], [-4.806455475038579, 32.38583106981962], [-4.805403089766272, 32.386025400252166], [-4.804150197767058, 32.38676034254326], [-4.802990418901691, 32.38686656549281], [-4.802575153281178, 32.38723100599514], [-4.798358374754686, 32.38764975053647], [-4.796786830267235, 32.388299542798784], [-4.796273029347751, 32.38902386851704], [-4.793136921927601, 32.39068178454876], [-4.79261953750675, 32.39122689664517], [-4.7919859246141385, 32.39123590843133], [-4.790840219309097, 32.392058822468954], [-4.789358239083681, 32.39190062433919], [-4.788518713624563, 32.39218141826673], [-4.786010689441401, 32.39356136925305], [-4.7846378208705085, 32.39358082003455], [-4.783801787944493, 32.394040784274445], [-4.781694947999681, 32.394339467209065], [-4.780753285416779, 32.394800905115865], [-4.778852358706608, 32.39482775461508], [-4.778016283365645, 32.3952876818079], [-4.777277029323476, 32.39529811077087], [-4.7758178166410765, 32.39630456397275], [-4.7726600500865155, 32.396886780367986], [-4.77224811538933, 32.39743032805262], [-4.7715105916746365, 32.397530324732315], [-4.771100396904144, 32.39816346989694], [-4.769940419228211, 32.39826939487006], [-4.769630577535771, 32.39863224907928], [-4.768996904996875, 32.39864114711414], [-4.768136286399484, 32.39784659640248], [-4.767611722674026, 32.398033207472515], [-4.7664430153758515, 32.39769109452113], [-4.760527039407577, 32.397684265872215], [-4.7596873626384895, 32.397964872393906], [-4.758101447038098, 32.397897384554895], [-4.756527680224986, 32.39845708823043], [-4.754943490229353, 32.39847916255457], [-4.753579186513032, 32.398946286468416], [-4.75241397658105, 32.39878324561288], [-4.74862398885012, 32.39946328106367], [-4.748293327847897, 32.39875086150798], [-4.748551435194367, 32.39569999533616], [-4.748009571803217, 32.39499050488331], [-4.747774183201009, 32.393739004969675], [-4.746898262942857, 32.39213788085845], [-4.745946085954188, 32.39206145070061], [-4.744434868264464, 32.390379482050314], [-4.744306868821223, 32.38921611320507], [-4.743444830091209, 32.388331779659026], [-4.743429334425415, 32.38752535783533], [-4.742144922178951, 32.386646856962045], [-4.7421397610733695, 32.38637804944158], [-4.7413971260981524, 32.386209060411176], [-4.741238225787016, 32.383432839729586], [-4.740584026503834, 32.38236635979757], [-4.740571996801846, 32.381739141283276], [-4.739069641402154, 32.380505109886876], [-4.73843265242666, 32.38033464440017], [-4.738199158808387, 32.379172720749004], [-4.737557034715023, 32.37873344194672], [-4.737546742886408, 32.378195824906015], [-4.736690020851506, 32.377580246441944], [-4.7366745915979465, 32.37677382034358], [-4.736357826065131, 32.37677818430486], [-4.7363269750289545, 32.37516533150843], [-4.737152806616889, 32.374168061191014], [-4.738613841607264, 32.37325165280081], [-4.741134114692925, 32.3724998548868], [-4.743328994328119, 32.371304375500664], [-4.743516068241901, 32.37004701771999], [-4.743088586390529, 32.369784049907246], [-4.742562405910074, 32.369880950918265], [-4.742550368332864, 32.369253731821566], [-4.743488539100154, 32.368613374739134], [-4.74336575678745, 32.36771880777166], [-4.7429365667488135, 32.36736623622187], [-4.74115206189074, 32.36792865451671], [-4.739592424699295, 32.36920495769872], [-4.738124602083079, 32.36976296367659], [-4.736224156047811, 32.369789152347195], [-4.735607801838699, 32.37069390604272], [-4.733930475665401, 32.37134437497937], [-4.733191399097463, 32.37135453872212], [-4.73204537710771, 32.37217693034781], [-4.72962549199309, 32.37265829021561], [-4.728167781992617, 32.37375380396581], [-4.727428683561793, 32.373763934600504], [-4.72659422435817, 32.37431312770661], [-4.725647354813764, 32.37450534727861], [-4.7252369291858045, 32.375138352753986], [-4.721667352029781, 32.37626268014168], [-4.7216214687100955, 32.37384338179613], [-4.7219297286042865, 32.37339103695848], [-4.720642324263446, 32.372333093612895], [-4.720197916530142, 32.37117400880573], [-4.719343071951517, 32.37064790926018], [-4.718799893718682, 32.36984867371016], [-4.7175210511213725, 32.369238714481035], [-4.716870623431813, 32.36835130403101], [-4.715169497694579, 32.36774707032219], [-4.714418600759311, 32.367129894479945], [-4.711356820316288, 32.36717149464352], [-4.709873655406478, 32.36692273796379], [-4.709246930562145, 32.36728974546276], [-4.707137033657395, 32.36740796114267], [-4.706181769215193, 32.36715201128334], [-4.7058700820895485, 32.36742511098881], [-4.704708708873468, 32.36744082050632], [-4.704071869102905, 32.36727017567598], [-4.703508672989318, 32.36539561318653], [-4.700331289936759, 32.36490074177115], [-4.697871194199191, 32.363230974520164], [-4.697112077025961, 32.36216566510347], [-4.696368040061206, 32.36190679551374], [-4.6945666030959075, 32.361572510070786], [-4.693837617314115, 32.36212007122487], [-4.692977994185865, 32.361324968596755], [-4.691394398953899, 32.36134622256084], [-4.690650383542485, 32.36108731841341], [-4.688858976965976, 32.36129058220041], [-4.687372628859762, 32.3608623443543], [-4.6871548256698645, 32.3605067481156], [-4.686208001401896, 32.36069866972725], [-4.6851655748809335, 32.36142962868303], [-4.684946116422856, 32.360984422863254], [-4.682410702482792, 32.360928652316126], [-4.680914437783024, 32.359962702682914], [-4.679545314482635, 32.360160203605986], [-4.67944471252641, 32.36043042732134], [-4.677765480054526, 32.36099055103834], [-4.67639302524852, 32.36100880657437], [-4.6749017768288095, 32.36031160151762], [-4.674042331399917, 32.35951636342983], [-4.673196105482975, 32.359437967869766], [-4.672780418771835, 32.35980199554585], [-4.670881764737476, 32.35991679875127], [-4.669177783751686, 32.35913271543007], [-4.668745619917504, 32.358600667093555], [-4.6683233354226035, 32.358606255203625], [-4.667701424324462, 32.359241879355096], [-4.667945476731306, 32.361031213443475], [-4.67031918750676, 32.36377825873201], [-4.670292718797422, 32.36808075308817], [-4.669670760077445, 32.36871638773349], [-4.670106276387279, 32.369427642542625], [-4.66980930028907, 32.37050711189797], [-4.669086678393164, 32.371412961007174], [-4.668797920054278, 32.372940458901205], [-4.668276567471869, 32.373305871372516], [-4.668286447254721, 32.37384350822122], [-4.667355896412706, 32.374931355338646], [-4.667268409375083, 32.37591841973973], [-4.665293406548427, 32.37764745817507], [-4.6628893796010455, 32.37902361556024], [-4.662377815387488, 32.379926643131675], [-4.660696472363004, 32.380396946775804], [-4.659551290920226, 32.38130831005195], [-4.657228133126463, 32.38133887684686], [-4.656406243633147, 32.382604473323624], [-4.655883150069459, 32.38288023088122], [-4.656316998089658, 32.383501926585105], [-4.658024617504418, 32.38446538240107], [-4.658895640726352, 32.38588796834263], [-4.65964797533372, 32.38659508703851], [-4.660177635434427, 32.386677738987544], [-4.660614811434122, 32.387478630569994], [-4.6606410514680165, 32.388912331089244], [-4.660967714173166, 32.38944579348795], [-4.660241579975205, 32.39017238461799], [-4.660368506911185, 32.39133587464464], [-4.659761079071787, 32.392777921961894], [-4.659034909428096, 32.39350450696261], [-4.658838432272927, 32.3943137441381], [-4.656339710448518, 32.39631842542187], [-4.65541533580442, 32.39776461841031], [-4.65573545944677, 32.39793966814992], [-4.655855800306625, 32.39874473749532], [-4.657241938780508, 32.39944353707175], [-4.656410077221158, 32.400171497727996], [-4.656543522238678, 32.40169341611298], [-4.657835556244609, 32.40302083934875], [-4.65774467585991, 32.40382868483876], [-4.658498795981476, 32.404625410032374], [-4.6586191728411555, 32.405430474822566], [-4.659046595896123, 32.40569373040309], [-4.659379874045873, 32.40658561821746], [-4.65980730479266, 32.40684887091893], [-4.660054654707198, 32.40881742028361], [-4.661026666792686, 32.409969767657984], [-4.6612559915806795, 32.410952647394794], [-4.660523129860792, 32.41132081957065], [-4.659699393992539, 32.412496833204735], [-4.658446536482171, 32.41331998129519], [-4.658144382859358, 32.41413060717884], [-4.656369851924189, 32.41531911117203], [-4.655128379234017, 32.41676947096485], [-4.652924655580129, 32.41760505569365], [-4.650742108067037, 32.41960548488204], [-4.650027079547178, 32.420959268417654], [-4.650053185975162, 32.42239296899533], [-4.648801734218583, 32.42330563352306], [-4.647779479880971, 32.42520119204886], [-4.646532852078777, 32.42638265473488], [-4.645586873767038, 32.42666390092571], [-4.643995595567583, 32.426326170801225], [-4.642010956908797, 32.42760684858936], [-4.640632601056244, 32.427355927725564], [-4.640006795615005, 32.427812216949704], [-4.638421996821928, 32.42783284323873], [-4.638010724642983, 32.428465587369274], [-4.638668961863721, 32.42980144156361], [-4.638914318265447, 32.43168043182158], [-4.636721409846845, 32.43314299458707], [-4.6351446034651325, 32.43361161649294], [-4.634939752913757, 32.4339727872681], [-4.633463735170899, 32.43417119653784], [-4.63294350797, 32.43462608230429], [-4.631781230839045, 32.43464114784116], [-4.630735908227574, 32.43528208323566], [-4.629994658577961, 32.4352020518514], [-4.629476019807324, 32.43574653097318], [-4.628308893184088, 32.43549274378622], [-4.6263141717672775, 32.436235543288184], [-4.625901168945864, 32.436778643852406], [-4.625164733974936, 32.436967405835], [-4.6254066206612485, 32.43866721445283], [-4.624777443968938, 32.43894421784452], [-4.62414183481824, 32.43886278940233], [-4.622462401402119, 32.43951183467361], [-4.62194369241282, 32.4400562846499], [-4.61899618835206, 32.440721611371096], [-4.618474247972247, 32.44108683300877], [-4.616047038858749, 32.44129726286629], [-4.614878274013084, 32.440953744891395], [-4.614458789901091, 32.44113838003487], [-4.614361107745267, 32.44158777281483], [-4.610771490908673, 32.44181299867599], [-4.609181646696671, 32.4415644414624], [-4.608975081810473, 32.44183596559947], [-4.6061235467538415, 32.441961997802856], [-4.6043191921797, 32.44153685833694], [-4.604101500241721, 32.441181118596255], [-4.602727780904376, 32.441198610792235], [-4.601783084321528, 32.44156914462272], [-4.601038632181728, 32.441309727282], [-4.59945514951721, 32.44141947903945], [-4.598393691882181, 32.44116407209566], [-4.597855849631231, 32.44063312768591], [-4.596800725893659, 32.44073614033431], [-4.596155645891126, 32.44011691976354], [-4.593931845774731, 32.43987620258164], [-4.592540804593763, 32.438907888781756], [-4.59232001360492, 32.43837290965177], [-4.591149792950743, 32.437939558532904], [-4.592159207453692, 32.43523794334579], [-4.5921497560607785, 32.434700291339624], [-4.5917223767376525, 32.43443680801854], [-4.589714770035544, 32.434462166488785], [-4.587696165355119, 32.4338602308695], [-4.586521315539671, 32.43315800713936], [-4.586103374035335, 32.43343215765051], [-4.584832287014436, 32.433268902231], [-4.583110364220575, 32.43149798376664], [-4.581413538424147, 32.43116078636264], [-4.580445399366482, 32.43018702175305], [-4.577263142645504, 32.42950988334405], [-4.575689175715956, 32.4301569874358], [-4.574725780456952, 32.42945200492301], [-4.572603275747186, 32.42894075084653], [-4.571950669174443, 32.42787334919025], [-4.568785617151985, 32.428181698970086], [-4.568265086496859, 32.428636327006735], [-4.565214939207958, 32.42948093179627], [-4.563089388362664, 32.428790295734004], [-4.562254938722084, 32.429428053424786], [-4.561300917742231, 32.42926062508342], [-4.55879593953799, 32.4310842381715], [-4.557740868060804, 32.43118692153765], [-4.557197156941358, 32.43029735246186], [-4.556137474217421, 32.4301311913534], [-4.5548787794616326, 32.43068451295432], [-4.554243276215586, 32.43060272775092], [-4.553932442252626, 32.43096508062014], [-4.552664505974773, 32.43098071834601], [-4.550350689217542, 32.43163662801797], [-4.5497259139045525, 32.43218209381811], [-4.5477259723745505, 32.432654834518985], [-4.543185484756022, 32.43288981099663], [-4.541393768838731, 32.433180641216666], [-4.541187013930969, 32.43345206014968], [-4.539073715516297, 32.43347790388939], [-4.538329494733202, 32.43321810783041], [-4.5359174386686245, 32.43432310289225], [-4.530546628617058, 32.43546404617755], [-4.52939638881018, 32.43619505793011], [-4.528445370803259, 32.43620660385147], [-4.527400773648312, 32.436936315533444], [-4.525814219161437, 32.43686591855288], [-4.522558043317957, 32.438070516017895], [-4.519283737419199, 32.43819969101029], [-4.518024691893805, 32.43875265367106], [-4.516761127896384, 32.439036768698564], [-4.515595729706552, 32.43887154015697], [-4.513913958316, 32.43942954915286], [-4.513276924236704, 32.4392579460551], [-4.511123090309785, 32.436863799769924], [-4.509417429569642, 32.43598795437718], [-4.508024330449773, 32.434839452504804], [-4.5076968844038126, 32.434215962195616], [-4.505782952314582, 32.43352181918549], [-4.504818553241422, 32.4327266744083], [-4.503766357991683, 32.43300813273053], [-4.502812388651729, 32.43284025918969], [-4.50035089869099, 32.430987371006566], [-4.499929726482127, 32.43108201786413], [-4.499413272149055, 32.431805209842345], [-4.498152702268587, 32.43226836261641], [-4.4968101460789125, 32.43416656255475], [-4.49523696207363, 32.43490229286866], [-4.495035978704725, 32.43553209124933], [-4.493889872299895, 32.43653162551317], [-4.491478627921801, 32.43772540024764], [-4.48977755194021, 32.43711812258355], [-4.488192476512073, 32.43713686373535], [-4.4873294425874795, 32.436071494073026], [-4.486691006298867, 32.43581014108457], [-4.486564744671865, 32.43455680483825], [-4.486131777094852, 32.433934501258555], [-4.484220939681896, 32.43341925184028], [-4.482825255708533, 32.432091233531224], [-4.481230005860846, 32.4314825909585], [-4.480173350702837, 32.43149501365652], [-4.477754736529518, 32.43224046042457], [-4.477128043763749, 32.43269596546849], [-4.47564578409172, 32.43253407997566], [-4.47535067692954, 32.433881997789726], [-4.4739726102684685, 32.43362924156777], [-4.47345155727939, 32.43408349229182], [-4.4735615998099725, 32.43435109694814], [-4.475783571655689, 32.43450434061892], [-4.475798172961436, 32.43540047620159], [-4.478125843195724, 32.435552439313646], [-4.47909590127164, 32.43670624781014], [-4.479000473508819, 32.43733478265922], [-4.478378141608192, 32.4380591346272], [-4.4764833263311985, 32.43852951746639], [-4.475154817227495, 32.441323635516135], [-4.47452804983737, 32.4417791291952], [-4.474326907746312, 32.44240889850736], [-4.473281786494394, 32.4431381753787], [-4.472671030148151, 32.44457940934449], [-4.473862698608263, 32.44635807799383], [-4.473872910813131, 32.446985372277176], [-4.4726105339683055, 32.447358664727574], [-4.471675398488814, 32.448355534253], [-4.469464726760671, 32.44891913703132], [-4.468001102200215, 32.44992214671127], [-4.467798445368241, 32.45046229298898], [-4.46685160717968, 32.45074221924782], [-4.465053448987965, 32.45067352476206], [-4.4636679040489815, 32.44997259389888], [-4.462823848852329, 32.450072033741975], [-4.460380010633901, 32.44929372620851], [-4.459534512391091, 32.449303529930305], [-4.4579261104159675, 32.44788807131548], [-4.457381812868922, 32.44690843345168], [-4.4589497519596755, 32.44581470624661], [-4.459035217325815, 32.44455888449877], [-4.4596693079626775, 32.444551535705195], [-4.461335627505337, 32.44300848508803], [-4.46152673701997, 32.441751435723454], [-4.4621564662452435, 32.44147523291404], [-4.4631104643114865, 32.44164341383551], [-4.4647897177985305, 32.440906845524125], [-4.4649749771300185, 32.43929133630571], [-4.464752030872904, 32.438576883241225], [-4.463566439113939, 32.43715657416692], [-4.463654733325035, 32.43607997776109], [-4.463226255516062, 32.435726433350204], [-4.4628701633047685, 32.43331053595056], [-4.464010790902148, 32.431952818496576], [-4.464198949100201, 32.430516536507135], [-4.46504137173848, 32.43032747840202], [-4.467753812080333, 32.42814475686889], [-4.469328571443031, 32.42749898000877], [-4.469005775218598, 32.42714422163562], [-4.469095452661787, 32.42615723586914], [-4.468664097731654, 32.42562448073374], [-4.468533747678678, 32.42410227476452], [-4.468103858138943, 32.423659131186845], [-4.468083532236932, 32.422404534648855], [-4.46850324985331, 32.422220380355114], [-4.468478563220107, 32.420696941592674], [-4.469097957258, 32.419793409699885], [-4.4689792320649095, 32.41898811530928], [-4.469594250862309, 32.417815739050035], [-4.472118207354739, 32.41706922208074], [-4.472514598386273, 32.41545123182497], [-4.473042834358969, 32.41544505641115], [-4.473351036195758, 32.41490366647053], [-4.472884767680093, 32.41222018855947], [-4.473598051767113, 32.410598489282236], [-4.474431524372602, 32.4098716898822], [-4.474098575167936, 32.4088896444296], [-4.474150306465262, 32.405572689744304], [-4.47383048648464, 32.40539716892943], [-4.473817377953307, 32.40459064235071], [-4.47317338007588, 32.40397075557576], [-4.473244073956484, 32.40181878169983], [-4.4748212561634375, 32.40135217619095], [-4.47576026642145, 32.400624133394295], [-4.475858604906885, 32.40017482603213], [-4.477337413870636, 32.40015749728305], [-4.478902854712888, 32.39897393035471], [-4.48058119469828, 32.398237173432086], [-4.480676581306477, 32.39760863513549], [-4.48089368568931, 32.397964608283765], [-4.482059968918861, 32.39821979019409], [-4.4826922640279845, 32.398122721124146], [-4.482896191746937, 32.39767216634703], [-4.483950985397756, 32.397570118550874], [-4.485331458044504, 32.39800200963478], [-4.488604398706003, 32.39787375814341], [-4.488597045269913, 32.397425690297545], [-4.488170132699653, 32.39716183973605], [-4.488375501287287, 32.39680089048089], [-4.484950030232053, 32.39406273973603], [-4.48492802778695, 32.39271853305183], [-4.485759780454533, 32.39190205041112], [-4.48437793382799, 32.391380547117876], [-4.4837295669972645, 32.39049187083262], [-4.480861800346889, 32.38953965689938], [-4.480751796289464, 32.38927205581858], [-4.479482938631598, 32.389197325941396], [-4.478629245867965, 32.3886695570301], [-4.477146248391977, 32.388418052997274], [-4.475987392816494, 32.38861089219348], [-4.473368823504249, 32.38998600077678], [-4.4723126480329, 32.389998343531225], [-4.47200015686636, 32.39027088768117], [-4.470725478415096, 32.389837612271336], [-4.4688316166191315, 32.390307855295895], [-4.468401892563703, 32.38986470582235], [-4.467131582698035, 32.38970023697874], [-4.466698972548766, 32.389077852187945], [-4.465739735609486, 32.38855122277651], [-4.4657252599439925, 32.38765507647112], [-4.465404072783819, 32.38738991682332], [-4.464726989012519, 32.384708841998815], [-4.464705293967208, 32.38336462106072], [-4.465114714715703, 32.382553178851616], [-4.465741133865118, 32.38209773838393], [-4.466374785938544, 32.38209036842129], [-4.467339751965247, 32.382975453964725], [-4.468186078612094, 32.383055230295795], [-4.4689064911982435, 32.38188162755815], [-4.468689474065634, 32.38152563038299], [-4.468994694472134, 32.38080502166495], [-4.470030445283639, 32.37953810582387], [-4.469919034906481, 32.37918087900232], [-4.470234398688276, 32.37908756963773], [-4.471193558064748, 32.379614167752855], [-4.472249613248136, 32.37960183787855], [-4.472455009324698, 32.37924091290912], [-4.475193456610199, 32.378760737807525], [-4.476554651146596, 32.378027749409114], [-4.477277832963174, 32.37703333090038], [-4.477370309447473, 32.37622556438292], [-4.477788338266394, 32.37595177031275], [-4.477880809481209, 32.375144003451865], [-4.478614171358264, 32.374776878128316], [-4.478496896536034, 32.37406120219952], [-4.478803475051901, 32.37343018622657], [-4.479428301396975, 32.37288506663373], [-4.479491551675524, 32.37028501239657], [-4.479803953209719, 32.370012451506405], [-4.48064870479715, 32.37000253322477], [-4.480746991902097, 32.3695532216163], [-4.4812734969339765, 32.36945740521493], [-4.481157671534675, 32.36883134587247], [-4.481779528157898, 32.368106987036576], [-4.481968774823115, 32.36676029078856], [-4.4801386892226915, 32.36463063248513], [-4.480024339442926, 32.36409418562181], [-4.479062380515601, 32.36338842126882], [-4.475881682637369, 32.36261900788616], [-4.473662930334392, 32.36255532756763], [-4.472189088870793, 32.36284143962765], [-4.471852000465252, 32.36159053113891], [-4.470461991802249, 32.36053116813017], [-4.470026605918371, 32.359729558880375], [-4.4706557482245755, 32.359453327389595], [-4.470064030297483, 32.35551642817297], [-4.468029095318854, 32.35374749690809], [-4.46758942320936, 32.35267703167472], [-4.465129421002011, 32.35073373279639], [-4.465641383158171, 32.34974183231475], [-4.468966058557642, 32.34638676902303], [-4.469168500918214, 32.345846619188414], [-4.469589317460763, 32.3457520845584], [-4.470200971227799, 32.34440047666765], [-4.471970898524111, 32.34285608975193], [-4.472377182347033, 32.341865396073786], [-4.475085428429191, 32.33959295423544], [-4.476314297943548, 32.33724814679799], [-4.477047366839206, 32.336881037232146], [-4.477139819028996, 32.33607326704385], [-4.478070872442203, 32.3348971455543], [-4.479863818509396, 32.33478649254998], [-4.481030740391546, 32.33513132513728], [-4.482492415125696, 32.33412820479311], [-4.483108188105855, 32.333045383981165], [-4.4861691607894585, 32.33300935957418], [-4.488568952652235, 32.33127806017982], [-4.490366214634868, 32.331436103675856], [-4.492144366431368, 32.33042913453468], [-4.494264148079155, 32.33094183441537], [-4.49519787162794, 32.329944822220384], [-4.496354461445197, 32.32966221379894], [-4.497710329266008, 32.32866017568849], [-4.499293504812535, 32.32864137067625], [-4.500335649447267, 32.327822296288126], [-4.501814744366145, 32.32789432924347], [-4.502651693295078, 32.327436205176944], [-4.503814152286268, 32.32751198572026], [-4.504224469330165, 32.326790041278585], [-4.506011273509194, 32.3263205665723], [-4.50664304078558, 32.32622339193206], [-4.5073892591987645, 32.32666263607517], [-4.50812805512883, 32.326653806687325], [-4.508856444486092, 32.3260176767144], [-4.510750236278714, 32.32563648743053], [-4.512450811476631, 32.326333164080644], [-4.51318662127797, 32.32614507799147], [-4.515090843899742, 32.32639111864698], [-4.516559460679822, 32.32583568488647], [-4.5170767024567535, 32.32520204645955], [-4.518653818969573, 32.32482454681996], [-4.519816251661093, 32.324900180514426], [-4.520760115271248, 32.32453028153791], [-4.521712965878502, 32.3246980551818], [-4.523288551360803, 32.32423088520664], [-4.524980174444356, 32.32438971221479], [-4.525922506938317, 32.32393016228759], [-4.528464457060171, 32.32443718018608], [-4.529408278042555, 32.32406721768017], [-4.530466675319328, 32.32423364546244], [-4.5308843041500415, 32.32395968516432], [-4.53299506304141, 32.32393405576129], [-4.534478639496829, 32.32427454504607], [-4.535102794629591, 32.3237291656854], [-4.53605565866695, 32.32389683044904], [-4.537314537970406, 32.32343334215928], [-4.540791186521826, 32.32303240802613], [-4.540714488753181, 32.32473633349377], [-4.541375053502307, 32.32634162217734], [-4.5447645140783415, 32.32701721270948], [-4.547213294578475, 32.328242036169314], [-4.548585342196874, 32.32822520156672], [-4.549859482227516, 32.32865770871972], [-4.551751601558762, 32.32818629557621], [-4.551633829017033, 32.32747069822676]]]}}, {"type": "Feature", "properties": {"id": 16, "name": "Subbasin 16", "Subbasin": 16, "AREA_HA_TOTAL": 29334.36, "HRU_COUNT": 21, "DOM_LANDUSE": "PAST", "DOM_LANDUSE_HA": 21236.2, "DOM_LANDUSE_PCT": 72.39, "DOM_SOIL": "I-Bk-X-2c-1237", "DOM_SOIL_HA": 29334.36, "DOM_SOIL_PCT": 100.0, "DOM_SLOPE_BAND": "0-9.0", "DOM_SLOPE_BAND_HA": 14155.24, "DOM_SLOPE_BAND_PCT": 48.25}, "geometry": {"type": "Polygon", "coordinates": [[[-4.3680427760258915, 32.20706447908796], [-4.367725203357805, 32.20697827986479], [-4.36669254611188, 32.208423616664525], [-4.365324867240254, 32.20861766676317], [-4.364793789750805, 32.208354494922084], [-4.3638557824674065, 32.209081702922724], [-4.3629070658656115, 32.20909193505848], [-4.361862286038546, 32.20973064410703], [-4.3611203844023, 32.209469727902714], [-4.360901548526621, 32.208934270396334], [-4.360374484009155, 32.208939943456485], [-4.359080203168472, 32.20698188086466], [-4.356763827250138, 32.20718603398722], [-4.35582177618667, 32.20764431960993], [-4.354029777738281, 32.20766352637377], [-4.353401289427402, 32.20793916376328], [-4.35362406214293, 32.208743500130375], [-4.3530996514082805, 32.20892838587868], [-4.352248387643174, 32.20839968031421], [-4.350979460317347, 32.208144340355354], [-4.3481095238089855, 32.206561533588236], [-4.3465244007814965, 32.20630951968852], [-4.345139552887091, 32.205338267689974], [-4.343343639587445, 32.205088456027795], [-4.342176240473808, 32.20456303960701], [-4.341122153552368, 32.20457422606538], [-4.340583278174287, 32.20377321750293], [-4.3394132842118855, 32.20306853037786], [-4.339404090387295, 32.202441175546156], [-4.338755899526263, 32.2013724083643], [-4.33893782739142, 32.1993984881951], [-4.338402939652727, 32.19886633498835], [-4.336077538908938, 32.19844274905712], [-4.333864098369924, 32.19846611976805], [-4.333762619344111, 32.19873609884682], [-4.333235607735978, 32.198741657212075], [-4.33164804411487, 32.198310206822136], [-4.33079830502391, 32.19787097244951], [-4.329615425371548, 32.196269964458956], [-4.328554916518905, 32.195832930621854], [-4.328016203683607, 32.195031863091984], [-4.328007090906764, 32.19440450454668], [-4.327370801907398, 32.19414227670882], [-4.325998037063648, 32.19397740734968], [-4.323054696123239, 32.19454605766811], [-4.321570056013363, 32.19393412859745], [-4.321347604253749, 32.19312972542003], [-4.319973569292186, 32.192875166973174], [-4.319333433034399, 32.19234402875969], [-4.3181779577936865, 32.19262498895295], [-4.316802647317658, 32.192280772513406], [-4.315960772304717, 32.1923791733122], [-4.3154273467003295, 32.191936540820876], [-4.314554549899986, 32.18988397587909], [-4.3140237215990656, 32.189620583179874], [-4.313152266868131, 32.18765762969123], [-4.310919796339652, 32.1863362416604], [-4.3104687042295895, 32.18427927229908], [-4.310151260487178, 32.18419292458569], [-4.310245092160974, 32.18338522175026], [-4.311505863931444, 32.18310324326217], [-4.31171020808695, 32.18265294031224], [-4.311586831898146, 32.18139930537331], [-4.310840158579629, 32.180779589185974], [-4.310833737135905, 32.18033147183027], [-4.309982979755212, 32.17980246578617], [-4.309976562752294, 32.17935434820728], [-4.310913432797643, 32.17853790988273], [-4.311498175992876, 32.175215285413415], [-4.312126576979247, 32.174939857569036], [-4.312766547201401, 32.17547103800839], [-4.31392440015903, 32.17536937867146], [-4.3150938440481, 32.17607431928687], [-4.316148902958408, 32.17615298176963], [-4.317403103107478, 32.17542283069164], [-4.317604820828993, 32.174793272281995], [-4.318126533272322, 32.1744292895132], [-4.320866280545277, 32.174400708642175], [-4.322124302832867, 32.173939381693934], [-4.322954338428473, 32.17303433603671], [-4.3232704578771655, 32.17303102933419], [-4.326578602658852, 32.17586474951875], [-4.328583353483596, 32.17602298052768], [-4.328801916199549, 32.17655850388029], [-4.3295447644998095, 32.17690924356062], [-4.331364871878354, 32.17886210067262], [-4.3316810103809535, 32.178858772419375], [-4.332620286868272, 32.178221423945885], [-4.333253865201916, 32.178304383184184], [-4.334090360581216, 32.17784738031673], [-4.3351271395164055, 32.17667116639172], [-4.336595867913819, 32.17620747187406], [-4.337324331343272, 32.17557231675498], [-4.337747143553997, 32.175657482019794], [-4.338372841690334, 32.17520268069268], [-4.339429215394647, 32.17537077120615], [-4.34026302647341, 32.1747344838633], [-4.34142740008409, 32.17508068602769], [-4.3421558202489265, 32.17444550410944], [-4.342890807070369, 32.17425843019769], [-4.343408464516225, 32.17362547870981], [-4.343829956310875, 32.17362100137874], [-4.344243548113459, 32.17307878849553], [-4.347279548513279, 32.17170194246588], [-4.349915133243165, 32.17176347917222], [-4.350448599087646, 32.17220596622341], [-4.350567198070718, 32.17310106255092], [-4.351630185380745, 32.17371716172104], [-4.351434000920971, 32.17470525644934], [-4.352079487998561, 32.17559472005219], [-4.352088759185101, 32.17622207427807], [-4.352942366180419, 32.1769300356566], [-4.35410283217592, 32.17700725307939], [-4.354006740626301, 32.17763573479342], [-4.354860375584689, 32.178343682309205], [-4.355405854978601, 32.179592743123365], [-4.356574330409418, 32.1802076677831], [-4.356802371474023, 32.18137049019806], [-4.357446629173719, 32.18217030104249], [-4.35768133873981, 32.183781229678615], [-4.358438993474094, 32.18511763312585], [-4.359282077621517, 32.18510857403516], [-4.359696957670707, 32.184655934273], [-4.361070962722726, 32.18491006167793], [-4.364437937645722, 32.184515235855784], [-4.364956835512417, 32.18397182107722], [-4.366318793361595, 32.18341929872308], [-4.368433161283719, 32.18384461679431], [-4.369084244547539, 32.18509247116652], [-4.367739704083699, 32.18681010033042], [-4.368809671668822, 32.187874152529844], [-4.370289135487793, 32.18812703679733], [-4.370930871226094, 32.18874753125947], [-4.370941620058833, 32.189464500393804], [-4.374947783323867, 32.189510639614475], [-4.375812477019522, 32.19093540446182], [-4.37560708717963, 32.19129618142543], [-4.3765758531181165, 32.192630172400015], [-4.377948668127878, 32.19279449064166], [-4.378062166388106, 32.193331066969165], [-4.379228261367566, 32.19376653039646], [-4.38101861482704, 32.193657353295244], [-4.3818698971154815, 32.19418586550151], [-4.3836629668582425, 32.194255892034484], [-4.384196725952404, 32.19469822705429], [-4.384924990764657, 32.19406280452748], [-4.388085467755654, 32.19393851297263], [-4.388501601033229, 32.19357540255423], [-4.389977115845956, 32.193559191015154], [-4.390708056788574, 32.19310297712404], [-4.390803907205491, 32.19247447554024], [-4.391324051306097, 32.192020576634825], [-4.393106156815726, 32.1913735079569], [-4.393519526568651, 32.19083114122902], [-4.3943612842879025, 32.190732226617996], [-4.394567964589526, 32.19046104147731], [-4.395309797805889, 32.190721763760635], [-4.395631440446371, 32.19107675528338], [-4.395532888777395, 32.19152601934639], [-4.396811274730233, 32.19240825647309], [-4.398389416287735, 32.192211542886504], [-4.401426549356679, 32.19092302577338], [-4.402587217221328, 32.190999791954326], [-4.403439968833072, 32.19161777620937], [-4.404604776726682, 32.19196338306994], [-4.405973485999969, 32.19185853651931], [-4.406400564751438, 32.19221232739116], [-4.407661124029612, 32.19192939526776], [-4.411244421195543, 32.19188945348022], [-4.412396799850593, 32.19142841178713], [-4.414062256148967, 32.19006527331996], [-4.414264717045619, 32.18952519919342], [-4.416457043291214, 32.18815613622483], [-4.420980299441353, 32.18756757926312], [-4.422971468097281, 32.18682810977089], [-4.4246576212423685, 32.18680912481378], [-4.425298308808348, 32.187339714192156], [-4.427615380546349, 32.187223942068], [-4.4285722439960145, 32.18775094458068], [-4.431934751469291, 32.18708547013324], [-4.433948297949332, 32.187779730895855], [-4.4419391860172395, 32.18652361513143], [-4.443189643874512, 32.18561300500466], [-4.444242051197276, 32.18551135562124], [-4.445834116793639, 32.186210239084055], [-4.446783979979766, 32.18628900980871], [-4.447319404225992, 32.18682068968515], [-4.449432754300415, 32.187155021809446], [-4.450378365334743, 32.18696491081111], [-4.451017776100006, 32.187405747412825], [-4.452285229950712, 32.18757046619177], [-4.4529289255468125, 32.188280146667765], [-4.45335473808799, 32.1885441563881], [-4.4543032045457265, 32.18853325176267], [-4.455265932700053, 32.189418518816794], [-4.456005062281591, 32.18949964454621], [-4.4567513316332645, 32.190028854953106], [-4.458225316215352, 32.18992223106624], [-4.459292053564178, 32.190716632623584], [-4.461409827085531, 32.19131961329856], [-4.462265830055674, 32.192116424251424], [-4.463220066602526, 32.192463921775676], [-4.465114199823313, 32.19226272020791], [-4.466581019195879, 32.19170791115894], [-4.467095018596982, 32.19089524193041], [-4.467831290567306, 32.190797063124634], [-4.468875083741008, 32.1901575038697], [-4.469913099728385, 32.1891594672186], [-4.4712773380666455, 32.18878506523582], [-4.474545703424967, 32.188836628846666], [-4.475384441660679, 32.18855794363974], [-4.4759200411325235, 32.18908949692076], [-4.476445517836927, 32.188993728544276], [-4.477191896349669, 32.189522814961855], [-4.479198562988354, 32.18976825846715], [-4.480056151626074, 32.190654561860704], [-4.4814392416152105, 32.1914450694618], [-4.482916115317186, 32.1915173913781], [-4.483451775320916, 32.19204891069327], [-4.484821816240045, 32.192032829725], [-4.486418657707516, 32.19300003863479], [-4.486840212692401, 32.192995082205435], [-4.487556062676451, 32.191642157140706], [-4.489022725342377, 32.19108709197625], [-4.489435512110165, 32.190544428285705], [-4.491330993532665, 32.19043245315415], [-4.492400938729565, 32.191405799262], [-4.494631636122551, 32.19245505375634], [-4.49579090083194, 32.1924413451182], [-4.496535948682129, 32.192880696697216], [-4.497272197863948, 32.19278234691198], [-4.4979148033825656, 32.193402170184285], [-4.502030845765806, 32.19371187461038], [-4.502140651887557, 32.19397947033148], [-4.504255805811279, 32.194402490529825], [-4.505852885172317, 32.19536944616511], [-4.509117030457072, 32.19515126131447], [-4.509321892572464, 32.19479028290468], [-4.510163529749518, 32.1946905998939], [-4.510893851259668, 32.194233708601296], [-4.511003683699499, 32.19450129579874], [-4.511956633441926, 32.19475880348773], [-4.5127166033250905, 32.19609421119308], [-4.513999105979173, 32.19715445800458], [-4.515269754064378, 32.197497768244936], [-4.517831910652091, 32.19943896215582], [-4.517523165843891, 32.19989083371825], [-4.517542508544472, 32.201055831052116], [-4.518307081207138, 32.20266004517124], [-4.518445236693498, 32.20463031142566], [-4.518354725709196, 32.20552772821038], [-4.51763477372262, 32.20661196908315], [-4.5178619541463645, 32.207595203862894], [-4.519355491800467, 32.208652856205674], [-4.519474309624456, 32.2094581240326], [-4.520225572053921, 32.21025578692974], [-4.52067703171971, 32.21204301335991], [-4.521630190717468, 32.21230044102813], [-4.5218514591146555, 32.212925206749354], [-4.522169182296666, 32.213011013698726], [-4.522178141425114, 32.21354870252618], [-4.523040849972719, 32.214703535962165], [-4.523386975911394, 32.21649201937494], [-4.52423926060111, 32.21701954010008], [-4.524035907543333, 32.21747015585618], [-4.524808222738722, 32.21952239204823], [-4.526386488869591, 32.21932407531328], [-4.526815648016219, 32.219767054578895], [-4.52849633079022, 32.21938820898846], [-4.530399844799096, 32.21972370364612], [-4.53144199776624, 32.21899401939815], [-4.5320744969199644, 32.218986353629475], [-4.5330127162466045, 32.218347549125504], [-4.5341722887855145, 32.218333478642634], [-4.5347957474608815, 32.21778811410499], [-4.536066755170607, 32.2181312029803], [-4.53732570525585, 32.21775736595355], [-4.537638932484288, 32.21757429068835], [-4.537732277625043, 32.216856095392146], [-4.5385665307815595, 32.21630814788381], [-4.539521289896558, 32.21665505155623], [-4.540781715893063, 32.21637079506795], [-4.542234802814817, 32.21500858670036], [-4.543285888625399, 32.21481649228431], [-4.54422246951318, 32.21408799399727], [-4.545281119401289, 32.21434395258575], [-4.546841032250573, 32.21307001895051], [-4.549042462570778, 32.2123260002244], [-4.549555822659951, 32.21151301706326], [-4.550287589010518, 32.211145514893204], [-4.550710736227858, 32.21122995662255], [-4.551642654219527, 32.21023256506608], [-4.552378969464603, 32.210133892055886], [-4.553202407210332, 32.20895855703404], [-4.554577231318524, 32.20921055312808], [-4.554659763729418, 32.2078650542458], [-4.555803933090844, 32.206954654626664], [-4.556440920922112, 32.207215709891116], [-4.558788803695356, 32.20888979061139], [-4.560612806645221, 32.21074955905568], [-4.562300827458889, 32.21081833864996], [-4.5634786912476795, 32.21187935952928], [-4.564321944946958, 32.21186892612578], [-4.565177480559229, 32.21257539110959], [-4.566072972950648, 32.21561178603217], [-4.566818534783632, 32.2160507054278], [-4.566824683385247, 32.21640915692111], [-4.567895721591946, 32.21738182576162], [-4.568742102502313, 32.217550586858614], [-4.569810093915961, 32.21834401278785], [-4.569833197796776, 32.219688203361066], [-4.570691932710971, 32.2205738518415], [-4.571132098197652, 32.22164396196303], [-4.57100142989701, 32.22630643734536], [-4.573888011578306, 32.22860094135644], [-4.574218194520927, 32.22940351300709], [-4.574856936215196, 32.22975408030953], [-4.575628949634022, 32.23171635081885], [-4.575593125049789, 32.23575021664358], [-4.575069049393745, 32.2359360139643], [-4.574572799077073, 32.237734829611426], [-4.573951000905807, 32.238369997878955], [-4.574188151870819, 32.23989077862062], [-4.573456262293243, 32.24025842182299], [-4.572947602627194, 32.24134033370224], [-4.572528929996464, 32.24152480867027], [-4.572536651365534, 32.24197286999794], [-4.5713876019657835, 32.24261458791851], [-4.572289814348567, 32.24600935804412], [-4.571055327825399, 32.247817345669475], [-4.5699108218917575, 32.24872788902111], [-4.569434453473619, 32.25169164573185], [-4.568697827556108, 32.25179042743631], [-4.569032682696414, 32.25286184539811], [-4.567473975187244, 32.25422566921083], [-4.566444045588701, 32.255672549051695], [-4.565909066758587, 32.25523102553263], [-4.5650715641545005, 32.25559993156052], [-4.56540177857002, 32.25640252232478], [-4.564993786125219, 32.25721426111688], [-4.562505759018736, 32.25975474583288], [-4.562007614376046, 32.26146390494229], [-4.56023619158102, 32.26274064168535], [-4.55844786970773, 32.263031616708304], [-4.5540182886995355, 32.26308620042188], [-4.550131264413616, 32.264030286592984], [-4.548225237186872, 32.26360550932292], [-4.546948986746178, 32.262993726969405], [-4.5452600014815285, 32.262924772313276], [-4.54253757656812, 32.26412326623894], [-4.540958583041161, 32.26432180615668], [-4.5401239180394, 32.264869778513194], [-4.539176208627815, 32.264970964347235], [-4.53876038138542, 32.26533455889017], [-4.537600214078878, 32.26534868971607], [-4.536432494969842, 32.26491474253783], [-4.536131185936131, 32.26581472638745], [-4.534974028697542, 32.2660080602942], [-4.535409494688797, 32.266809453189055], [-4.535415531887873, 32.267167907139516], [-4.534788734560697, 32.267534053848856], [-4.534796278237047, 32.26798212136267], [-4.5353281708780075, 32.26824455124806], [-4.535132315520383, 32.26914325050972], [-4.534187571200732, 32.26942362735022], [-4.534173997332536, 32.268617105755226], [-4.533637582701134, 32.26808583035294], [-4.532799824468973, 32.268454529246554], [-4.532582850823933, 32.268098635193255], [-4.531950011376301, 32.26810631387213], [-4.53195452929223, 32.26837515471784], [-4.5315341405213045, 32.26846988575962], [-4.530782281067867, 32.2676723148742], [-4.5300454752524795, 32.26777087609788], [-4.529953538256204, 32.26857867727005], [-4.529109746791869, 32.268588897374826], [-4.528998260502454, 32.268231719545554], [-4.528365419069737, 32.26823938029313], [-4.527961549516528, 32.26931985100009], [-4.526590375747878, 32.26933643452316], [-4.525968027108648, 32.26997138036115], [-4.525222199703811, 32.26953223092892], [-4.523112693522962, 32.26955769227749], [-4.522895754198531, 32.26920178056392], [-4.521523083191162, 32.26912869500235], [-4.520789243501277, 32.26940643096093], [-4.521129596327976, 32.270836444507324], [-4.520620151567953, 32.271918164824335], [-4.521362986352724, 32.27217811336362], [-4.52222028394223, 32.27297446965708], [-4.522334744137308, 32.2735108817326], [-4.522862143991204, 32.27350452225402], [-4.524683786424618, 32.27518554640122], [-4.527114371157262, 32.27542506925694], [-4.526921424806811, 32.27650298515019], [-4.527451844906845, 32.27667583336509], [-4.5273673892401565, 32.277931700888495], [-4.527911341843974, 32.278911069664275], [-4.528764250139652, 32.27943853623119], [-4.528886276585561, 32.28042300829316], [-4.5293097312722805, 32.28050751158242], [-4.529314243563277, 32.28077635223187], [-4.528167401559214, 32.281596924570536], [-4.529446808486637, 32.282388117993264], [-4.529454330224978, 32.28283618557338], [-4.529986296966632, 32.283098635194], [-4.530542354625079, 32.284794897667524], [-4.531811279459707, 32.284958770976566], [-4.532037335450649, 32.28585234449746], [-4.533417804888253, 32.28637337409009], [-4.533425347311273, 32.286821440554036], [-4.533841291034983, 32.286457861126], [-4.535848705260378, 32.286612718529234], [-4.536899114080727, 32.286331040443756], [-4.537229206446633, 32.287133705352815], [-4.538187740640344, 32.28765981891412], [-4.538499686750004, 32.28738712307598], [-4.539663163444172, 32.28755220145927], [-4.540598981390146, 32.28673410125609], [-4.541233463787509, 32.28681598825281], [-4.541345023427931, 32.28717315209343], [-4.542192016398912, 32.28734207082012], [-4.542101692220372, 32.28823948862934], [-4.544355092449775, 32.29045272623882], [-4.544902345252179, 32.291611237505286], [-4.545645406270183, 32.29187103530698], [-4.545553592866236, 32.292678841363866], [-4.546307315224715, 32.29356592354684], [-4.547996869866233, 32.293634846319684], [-4.549276614106202, 32.294425826771665], [-4.550857630228713, 32.294316780618104], [-4.551602255989074, 32.29466615445085], [-4.5535028380885585, 32.2947324088166], [-4.556692435376422, 32.29612721022986], [-4.562282624983789, 32.29596851213818], [-4.562718481764845, 32.296769795266286], [-4.56464682579682, 32.298448893169336], [-4.565704974873076, 32.29861503319133], [-4.566133167901173, 32.298968244217264], [-4.567504761960487, 32.2989512175795], [-4.567936049726126, 32.29948364550182], [-4.570044658802671, 32.29936780244675], [-4.572601602852486, 32.30077006118266], [-4.573357200876185, 32.30174658178591], [-4.573920384531158, 32.303801064969804], [-4.575954596726284, 32.30547866117654], [-4.575656667827252, 32.306557948235984], [-4.575799417100251, 32.308707299342935], [-4.575380446899689, 32.3088917914142], [-4.575411469975071, 32.31068401492777], [-4.574994040828211, 32.310958117141965], [-4.575115071213957, 32.311852911742434], [-4.575017304025463, 32.31230228463708], [-4.574598315887652, 32.312486774578005], [-4.574311203701209, 32.314193336655045], [-4.574332909268495, 32.31544789276193], [-4.575096410490633, 32.31687245186441], [-4.575250034362184, 32.31964907745478], [-4.573662421657655, 32.31939999722387], [-4.571975479850716, 32.31951065629769], [-4.568786374910472, 32.31820589040839], [-4.56519374505601, 32.31798161560777], [-4.56456519170141, 32.31825830298742], [-4.5625555088009895, 32.31801431470426], [-4.56066827333672, 32.31875471741378], [-4.559400371034366, 32.3186807630475], [-4.558045355230389, 32.31968344046637], [-4.556251315373916, 32.319705581270306], [-4.555226635378492, 32.32151083111457], [-4.55525421234349, 32.32312384463055], [-4.555583079428336, 32.32383683606666], [-4.554428301393218, 32.32420959185038], [-4.55308079924888, 32.325660278798395], [-4.55181280332707, 32.32558625102404], [-4.551513001284232, 32.32657587671439], [-4.551751601558762, 32.32818629557621], [-4.549965024742681, 32.32865641205162], [-4.548585342196874, 32.32822520156672], [-4.547213294578475, 32.328242036169314], [-4.5447645140783415, 32.32701721270948], [-4.541375053502307, 32.32634162217734], [-4.540714488753181, 32.32473633349377], [-4.540791186521826, 32.32303240802613], [-4.537314537970406, 32.32343334215928], [-4.53605565866695, 32.32389683044904], [-4.535102794629591, 32.3237291656854], [-4.534478639496829, 32.32427454504607], [-4.53299506304141, 32.32393405576129], [-4.5308843041500415, 32.32395968516432], [-4.530466675319328, 32.32423364546244], [-4.529408278042555, 32.32406721768017], [-4.528464457060171, 32.32443718018608], [-4.525922506938317, 32.32393016228759], [-4.524980174444356, 32.32438971221479], [-4.523288551360803, 32.32423088520664], [-4.521712965878502, 32.3246980551818], [-4.520760115271248, 32.32453028153791], [-4.519816251661093, 32.324900180514426], [-4.517391827879687, 32.325108625396325], [-4.5168671166096015, 32.32529419788602], [-4.516559460679822, 32.32583568488647], [-4.515090843899742, 32.32639111864698], [-4.51318662127797, 32.32614507799147], [-4.512450811476631, 32.326333164080644], [-4.510750236278714, 32.32563648743053], [-4.508856444486092, 32.3260176767144], [-4.50812805512883, 32.326653806687325], [-4.5073892591987645, 32.32666263607517], [-4.50664304078558, 32.32622339193206], [-4.506011273509194, 32.3263205665723], [-4.504224469330165, 32.326790041278585], [-4.503814152286268, 32.32751198572026], [-4.502651693295078, 32.327436205176944], [-4.501814744366145, 32.32789432924347], [-4.500335649447267, 32.327822296288126], [-4.499293504812535, 32.32864137067625], [-4.497710329266008, 32.32866017568849], [-4.496354461445197, 32.32966221379894], [-4.49519787162794, 32.329944822220384], [-4.494264148079155, 32.33094183441537], [-4.492144366431368, 32.33042913453468], [-4.490366214634868, 32.331436103675856], [-4.488568952652235, 32.33127806017982], [-4.4861691607894585, 32.33300935957418], [-4.483108188105855, 32.333045383981165], [-4.482492415125696, 32.33412820479311], [-4.481030740391546, 32.33513132513728], [-4.479863818509396, 32.33478649254998], [-4.478070872442203, 32.3348971455543], [-4.477139819028996, 32.33607326704385], [-4.477047366839206, 32.336881037232146], [-4.476314297943548, 32.33724814679799], [-4.475085428429191, 32.33959295423544], [-4.472377182347033, 32.341865396073786], [-4.471970898524111, 32.34285608975193], [-4.470200971227799, 32.34440047666765], [-4.469589317460763, 32.3457520845584], [-4.469168500918214, 32.345846619188414], [-4.467305921699532, 32.34819873365327], [-4.4661591176893, 32.34910839061174], [-4.465129421002011, 32.35073373279639], [-4.46758942320936, 32.35267703167472], [-4.468029095318854, 32.35374749690809], [-4.470064030297483, 32.35551642817297], [-4.4706557482245755, 32.359453327389595], [-4.470026605918371, 32.359729558880375], [-4.470461991802249, 32.36053116813017], [-4.471852000465252, 32.36159053113891], [-4.472189088870793, 32.36284143962765], [-4.473662930334392, 32.36255532756763], [-4.475881682637369, 32.36261900788616], [-4.479062380515601, 32.36338842126882], [-4.480024339442926, 32.36409418562181], [-4.481109438600357, 32.365874073838306], [-4.481857335619338, 32.36640307473621], [-4.481779528157898, 32.368106987036576], [-4.481157671534675, 32.36883134587247], [-4.4812734969339765, 32.36945740521493], [-4.480746991902097, 32.3695532216163], [-4.48064870479715, 32.37000253322477], [-4.479803953209719, 32.370012451506405], [-4.479491551675524, 32.37028501239657], [-4.479428301396975, 32.37288506663373], [-4.478803475051901, 32.37343018622657], [-4.478496896536034, 32.37406120219952], [-4.478614171358264, 32.374776878128316], [-4.477880809481209, 32.375144003451865], [-4.477788338266394, 32.37595177031275], [-4.477370309447473, 32.37622556438292], [-4.477277832963174, 32.37703333090038], [-4.476554651146596, 32.378027749409114], [-4.475193456610199, 32.378760737807525], [-4.472455009324698, 32.37924091290912], [-4.472249613248136, 32.37960183787855], [-4.471193558064748, 32.379614167752855], [-4.470128793701444, 32.37908880131774], [-4.469722334930747, 32.38007948766136], [-4.469405516416615, 32.380083181249695], [-4.468994694472134, 32.38080502166495], [-4.468689474065634, 32.38152563038299], [-4.4689064911982435, 32.38188162755815], [-4.468186078612094, 32.383055230295795], [-4.467339751965247, 32.382975453964725], [-4.466374785938544, 32.38209036842129], [-4.465741133865118, 32.38209773838393], [-4.464805118666937, 32.3830049348292], [-4.464726989012519, 32.384708841998815], [-4.46573828801401, 32.388461608151964], [-4.465110379200193, 32.38882743479119], [-4.465231914209711, 32.38981196795764], [-4.463780735422002, 32.391531828593166], [-4.463789410519915, 32.39206951652959], [-4.464865871526671, 32.39331184889861], [-4.463925397762684, 32.39395019703466], [-4.4623887318448165, 32.396925874977924], [-4.4619662273401515, 32.396930777273056], [-4.461535059316969, 32.396397990091785], [-4.460059186002138, 32.39659436114565], [-4.459421105458711, 32.39633285798499], [-4.4593097131935115, 32.39597562209201], [-4.458249139520938, 32.39571900459592], [-4.457907780819474, 32.39419921854279], [-4.458324511038439, 32.39383587084476], [-4.458312986682243, 32.39311895203661], [-4.459253493245218, 32.39248064481976], [-4.459137783155625, 32.391854563893226], [-4.45849829835998, 32.39150343996473], [-4.458492535962057, 32.391144980466315], [-4.455951912202453, 32.39081583008688], [-4.4548770381549785, 32.38966303174958], [-4.454024913422567, 32.38922470723105], [-4.453479599516605, 32.38815541720959], [-4.451891052240314, 32.38790483159508], [-4.451143140493719, 32.387375654682764], [-4.451241589971026, 32.38692636251435], [-4.449867162610138, 32.38685254875702], [-4.449438977038615, 32.38649894653515], [-4.449217729738985, 32.385874068243496], [-4.449525982735281, 32.385332732927765], [-4.449203418686815, 32.38497791495969], [-4.44816302082553, 32.38597582264648], [-4.447084016002101, 32.384554106252416], [-4.4459080010541925, 32.38367128378922], [-4.444957497647434, 32.3836821837118], [-4.443891401926097, 32.38306697735918], [-4.442919532918697, 32.38173362759519], [-4.442798253493303, 32.38074906442569], [-4.441516722201796, 32.37986740658918], [-4.4411814033939905, 32.37870602474718], [-4.44145979909016, 32.376282777037815], [-4.440375331102205, 32.3745025315126], [-4.439631860434922, 32.37424212769344], [-4.4395063672249115, 32.37298871126013], [-4.438346193870491, 32.37309158548373], [-4.436462416119008, 32.374188649871904], [-4.43551200802832, 32.374199475771384], [-4.435099520278746, 32.37483159727331], [-4.433842207216969, 32.375473329342874], [-4.429102785559003, 32.37633383669264], [-4.427936915606027, 32.37607815145411], [-4.426355679043308, 32.3762753171886], [-4.425606601488979, 32.37565636443238], [-4.423502969897554, 32.37621793023775], [-4.421493689542136, 32.376061338456786], [-4.419176009593363, 32.37644598122499], [-4.417786358355088, 32.37538602871682], [-4.416414915410344, 32.37549107775756], [-4.415792476170007, 32.376215129545734], [-4.415160247977109, 32.376311860931054], [-4.412504800087438, 32.37535568496444], [-4.411343163086879, 32.37536869535366], [-4.409767461232482, 32.375924121628245], [-4.407862416847087, 32.375676513599636], [-4.407445558562487, 32.37603969877288], [-4.4036451833922134, 32.37617170393791], [-4.40354373529455, 32.37644173147729], [-4.403014325202899, 32.376357992003854], [-4.400597854050113, 32.37719155741251], [-4.396162396407005, 32.377240759518166], [-4.3951926573812825, 32.37599663672178], [-4.394952530656168, 32.374117004708], [-4.397038382876092, 32.372390883678435], [-4.398579599484215, 32.369595177972194], [-4.399414709790611, 32.36895848142374], [-4.399716304443293, 32.367969172272964], [-4.398222791345731, 32.36699978253313], [-4.397897731811273, 32.366465589620546], [-4.3941978227741565, 32.36623765781482], [-4.39249595836084, 32.36544976816843], [-4.390592544105867, 32.36529150920632], [-4.390270278854896, 32.36493653089634], [-4.389420056953242, 32.364587370636485], [-4.388893468063414, 32.36468280535931], [-4.387721001522521, 32.36397865034086], [-4.387179358209092, 32.3630882793861], [-4.385902703350045, 32.36247488603424], [-4.3845327706981845, 32.36266920216882], [-4.384209172532584, 32.36222458913609], [-4.384705697538312, 32.360157574295876], [-4.385337852217029, 32.36006099763436], [-4.385751996645667, 32.359518647943005], [-4.38572055527252, 32.35745742987795], [-4.38643502409124, 32.35583617881291], [-4.386620201109934, 32.35413111138975], [-4.38734694452404, 32.353316419312996], [-4.387633572344205, 32.35134133426582], [-4.388350700947939, 32.34989930949837], [-4.3882396500093614, 32.349541998838035], [-4.388556373256129, 32.349538512127594], [-4.388642776247393, 32.34828269488406], [-4.389576489572509, 32.347196811492026], [-4.389650545662263, 32.345134429639685], [-4.389961771478336, 32.34477246697421], [-4.390443005679125, 32.341719629637154], [-4.3904347811571585, 32.34118192019584], [-4.389895996462041, 32.34047079131061], [-4.388840357992139, 32.34048241891031], [-4.3863959868178455, 32.339433707905904], [-4.384384834405868, 32.33909726252256], [-4.383943485622687, 32.33784723659526], [-4.3844699260547495, 32.33775182628531], [-4.3850923691619945, 32.33702792523807], [-4.385182910656465, 32.33604096251448], [-4.386335859545434, 32.335490496023425], [-4.38664296730019, 32.33485968611767], [-4.387588881319968, 32.33458038450009], [-4.388197596983311, 32.33296028459219], [-4.38882271571102, 32.33241560319885], [-4.388920057606317, 32.33187673052668], [-4.389966007766676, 32.331237776211495], [-4.39078439243367, 32.32952572036561], [-4.392151068659421, 32.32915211277635], [-4.394133175422427, 32.32760645619288], [-4.396248275363078, 32.327851966475926], [-4.396873310386684, 32.32730724706279], [-4.399300917948756, 32.32728034551208], [-4.400448148035334, 32.326371282397865], [-4.4012883817470625, 32.32609305282635], [-4.401166269261825, 32.32501880838603], [-4.401567738395248, 32.32366984827863], [-4.401027597294747, 32.32286914647101], [-4.401544266096916, 32.32214634094134], [-4.403331567564686, 32.32167830796971], [-4.402976247072128, 32.319172523446674], [-4.403809493146534, 32.3184461885369], [-4.404202599456009, 32.31655951217661], [-4.403652803472858, 32.31513149351579], [-4.40502335858965, 32.31502660735394], [-4.4060842334861805, 32.31537332461175], [-4.407135415416668, 32.31509270691083], [-4.406803574596571, 32.31411043899509], [-4.406888324872583, 32.31276499233698], [-4.407304905102847, 32.31240181351368], [-4.407604863291393, 32.31132286649997], [-4.407274418465443, 32.31043021704291], [-4.406310817345694, 32.30954462363479], [-4.406192829093772, 32.308739236667485], [-4.403865720699725, 32.308406610459684], [-4.403639466887833, 32.307423157673185], [-4.402891124299117, 32.306804043209624], [-4.402777313771517, 32.306267506571096], [-4.401820701027765, 32.305829967371025], [-4.402437271571514, 32.3047475138527], [-4.403591102408171, 32.30428651920557], [-4.403791089508708, 32.30356722593933], [-4.405149021880336, 32.30265577895909], [-4.405780753574594, 32.3025591106966], [-4.416121598424778, 32.30244351088295], [-4.4203507231898005, 32.30293378980401], [-4.423199731142022, 32.30290169623076], [-4.423943968886411, 32.303251835160204], [-4.425525351430949, 32.30314435069324], [-4.4263765229947465, 32.30358290050477], [-4.428702166925001, 32.30382549565672], [-4.430617009351049, 32.30478977027966], [-4.431987366597587, 32.30468459633725], [-4.4319521259321375, 32.30244416701128], [-4.431621480459435, 32.30155158595326], [-4.4321307387817965, 32.30038057702762], [-4.432859474189355, 32.2997448739909], [-4.432843961329885, 32.29875908479409], [-4.431984350279933, 32.29778287438135], [-4.432177051641108, 32.29661545585875], [-4.432065903260173, 32.29625818387115], [-4.431642451810127, 32.296173354010186], [-4.431413118200324, 32.295010722186476], [-4.429917696096326, 32.293862437833155], [-4.429056757762687, 32.292796587103616], [-4.428287291970288, 32.29083336114184], [-4.4274362333222195, 32.29039482023355], [-4.427417975989056, 32.28922979213033], [-4.426984733709802, 32.28851762248737], [-4.426668228003276, 32.28852119969208], [-4.426849753363115, 32.28663684537393], [-4.426100031806058, 32.285928248545716], [-4.426720393908036, 32.2851145379879], [-4.426591039774179, 32.283592229990305], [-4.426167652058511, 32.283507379775116], [-4.426049531642167, 32.282702012160435], [-4.425621941810284, 32.28234830682234], [-4.425710609058115, 32.281271702862675], [-4.427800819010637, 32.27999321333618], [-4.428830444493972, 32.27836816201125], [-4.429871283010567, 32.27746004398121], [-4.427540697508555, 32.27685897943639], [-4.423421047248049, 32.276546952937814], [-4.422250886546348, 32.27593270283833], [-4.418976583722678, 32.2757006394948], [-4.418546264554057, 32.2751676719109], [-4.417591307104227, 32.27481986122005], [-4.415584279198555, 32.27466310943242], [-4.414744561358157, 32.274941421839856], [-4.413678573068512, 32.27423628971491], [-4.41294017112117, 32.27424455422563], [-4.412089340410408, 32.27380590226127], [-4.409348099923133, 32.27392616086563], [-4.40819190958681, 32.274207961672694], [-4.40777688606435, 32.274660759085926], [-4.404938412557681, 32.275319810396425], [-4.404208283904274, 32.275865735947875], [-4.402520470530789, 32.27588449420208], [-4.40221089971266, 32.276336102458025], [-4.40062856520102, 32.27635366418406], [-4.396114498777255, 32.277837800984415], [-4.39021246561477, 32.278261457780665], [-4.384851448812555, 32.279575249586664], [-4.3837005465923555, 32.28021530735766], [-4.382120850957205, 32.28041187786486], [-4.378347445668392, 32.282066545249904], [-4.377410169185519, 32.2828834830578], [-4.3765688961470515, 32.28307192690577], [-4.373955774432965, 32.28471380959721], [-4.3729048268458435, 32.28499414537699], [-4.372281274683418, 32.285628365290655], [-4.371859270567744, 32.2856329515289], [-4.371507689720108, 32.28330627637188], [-4.370750324882789, 32.28205961884942], [-4.37070853186834, 32.27928140350911], [-4.371117022239736, 32.278380623305594], [-4.371184758497309, 32.27587012102367], [-4.372220764936985, 32.27460398330651], [-4.372608976627396, 32.2723589002355], [-4.373955973826054, 32.27073082966672], [-4.373831580735514, 32.26947729892879], [-4.3749797195124405, 32.268658092172004], [-4.37516634840018, 32.26704263752628], [-4.3757816434239745, 32.26587068638823], [-4.37692836636309, 32.26496184333316], [-4.3788228836209875, 32.26467227038771], [-4.379870866558173, 32.26421265192803], [-4.38018458103655, 32.264029954879696], [-4.38007096656524, 32.2634933890642], [-4.381020241832677, 32.26348301261423], [-4.381435352897316, 32.26303030010332], [-4.381317659730727, 32.26222487636763], [-4.381840952980566, 32.261950248466086], [-4.38182601417591, 32.26096443172337], [-4.380971380052943, 32.26025670234391], [-4.380427744300252, 32.259187029826855], [-4.379794923825927, 32.25919394446754], [-4.379366265778285, 32.25875045330592], [-4.3795595811966725, 32.25758309164942], [-4.378911866821711, 32.2566041830003], [-4.379541958438275, 32.25641803355349], [-4.379113315152937, 32.25597454095058], [-4.379737979175992, 32.255429911147296], [-4.379723066857012, 32.25444409251082], [-4.378976685112298, 32.25391443462355], [-4.379293077174032, 32.25391098025019], [-4.3795959145572, 32.25301132606625], [-4.3784304045282525, 32.25266551087828], [-4.37811943255379, 32.25302744283976], [-4.377172971042858, 32.25321703451181], [-4.376214336296162, 32.25260003886914], [-4.376091298355107, 32.2514361270944], [-4.375772211267207, 32.251260333062426], [-4.37625895633918, 32.248565986795555], [-4.376030468599252, 32.24740322291248], [-4.375062449352841, 32.24615887494932], [-4.374318862987592, 32.2458084266597], [-4.37439731951965, 32.244014875051356], [-4.375126034994619, 32.243379501095866], [-4.375216630311933, 32.24239253088331], [-4.375845281924814, 32.24211678175221], [-4.376137307656863, 32.24050017265285], [-4.3776933321329095, 32.238780151554785], [-4.377573006017808, 32.237795479156375], [-4.378090761248303, 32.23716238853585], [-4.377639224156841, 32.235195343199656], [-4.378144787607937, 32.23375567039672], [-4.377824407214086, 32.2334902592296], [-4.378109611634664, 32.231425543795325], [-4.377770305148061, 32.22990544806858], [-4.377235011968038, 32.22937347278985], [-4.37815687854044, 32.22757072115079], [-4.377097135342557, 32.227223733367666], [-4.37655916015434, 32.22651251368036], [-4.376651081242651, 32.225615161174765], [-4.375906309150676, 32.22517509625202], [-4.375673845597046, 32.223743464402475], [-4.375145349365782, 32.2236595808894], [-4.374927744312135, 32.22321377253614], [-4.373970795285336, 32.22268636848243], [-4.372382638106837, 32.222255447952726], [-4.371740648749367, 32.221634970794916], [-4.370475523535714, 32.22164869569069], [-4.369298356994459, 32.22049619598613], [-4.368948498301349, 32.21825910252284], [-4.369367504271322, 32.218075292907855], [-4.368824272672096, 32.217005552889454], [-4.368920293069156, 32.21637706537344], [-4.368493238059424, 32.21602314827927], [-4.3681581842707375, 32.214771879818755], [-4.367413541625815, 32.21433176055845], [-4.367723089311815, 32.21388023433415], [-4.367506886626631, 32.21352403182169], [-4.368024581980502, 32.21289098194633], [-4.367785571675658, 32.21101122391795], [-4.36820320538477, 32.210737797863516], [-4.3681911271968366, 32.20993120937302], [-4.367861469473159, 32.20903842212164], [-4.368176365623194, 32.208945378850316], [-4.368060218628465, 32.20822955191876], [-4.368479181255567, 32.20804574617654], [-4.3680427760258915, 32.20706447908796]]]}}, {"type": "Feature", "properties": {"id": 17, "name": "Subbasin 17", "Subbasin": 17, "AREA_HA_TOTAL": 18367.35, "HRU_COUNT": 16, "DOM_LANDUSE": "PAST", "DOM_LANDUSE_HA": 16544.72, "DOM_LANDUSE_PCT": 90.08, "DOM_SOIL": "I-Bk-X-2c-1237", "DOM_SOIL_HA": 18367.35, "DOM_SOIL_PCT": 100.0, "DOM_SLOPE_BAND": "25.0-9999", "DOM_SLOPE_BAND_HA": 9590.66, "DOM_SLOPE_BAND_PCT": 52.22}, "geometry": {"type": "Polygon", "coordinates": [[[-4.358438993474094, 32.18511763312585], [-4.35768133873981, 32.183781229678615], [-4.357446629173719, 32.18217030104249], [-4.356802371474023, 32.18137049019806], [-4.356574330409418, 32.1802076677831], [-4.355405854978601, 32.179592743123365], [-4.354860375584689, 32.178343682309205], [-4.354006740626301, 32.17763573479342], [-4.35410283217592, 32.17700725307939], [-4.352942366180419, 32.1769300356566], [-4.352088759185101, 32.17622207427807], [-4.352079487998561, 32.17559472005219], [-4.351434000920971, 32.17470525644934], [-4.351630185380745, 32.17371716172104], [-4.350567198070718, 32.17310106255092], [-4.350448599087646, 32.17220596622341], [-4.34991645536511, 32.1718531013429], [-4.35033132525421, 32.171400491760274], [-4.350316778021978, 32.17041464790837], [-4.350732962454558, 32.170051659308754], [-4.35082377904605, 32.169064690261706], [-4.351563997813499, 32.16923605606299], [-4.352609725341884, 32.16868706087093], [-4.352684625599626, 32.16662462524998], [-4.353519589147141, 32.16607787642846], [-4.353615674899323, 32.165449394205936], [-4.355505573532603, 32.16498097642731], [-4.356035041408264, 32.16515457459038], [-4.356555213268953, 32.164700816332946], [-4.35845306049894, 32.1647700871532], [-4.358566404051407, 32.16530668737268], [-4.359202572948404, 32.16556876240594], [-4.361831312211761, 32.16518194619987], [-4.36318634108838, 32.16418135413646], [-4.3641345918883125, 32.16417113257153], [-4.3656976257594975, 32.162988998744105], [-4.367274005281433, 32.162703063095954], [-4.367915536260279, 32.163323580742635], [-4.368757076192009, 32.16322484237989], [-4.3706213472237625, 32.16105339233681], [-4.372313780771988, 32.16148322570043], [-4.374102170613644, 32.16128454174616], [-4.3744222795516405, 32.16154997256333], [-4.375687918383799, 32.16162585230961], [-4.376737451878765, 32.16134552733971], [-4.379772551179733, 32.15996792294402], [-4.379869801873401, 32.15942904655555], [-4.381539252406471, 32.158335196066396], [-4.383096541126294, 32.15679437052015], [-4.385095513561575, 32.156593230659006], [-4.385618202278512, 32.156318599727804], [-4.3859234033723125, 32.155598169678335], [-4.386551433908936, 32.15532238104691], [-4.3875009417152455, 32.15540160791487], [-4.388353254269562, 32.15601970939878], [-4.389302770370407, 32.156098922488034], [-4.38951755213436, 32.15636547138144], [-4.390252287842327, 32.15617812840298], [-4.390561534810996, 32.155726550811465], [-4.392141788396497, 32.15570917305324], [-4.394151628567875, 32.15622485730572], [-4.39539671515255, 32.15495623096344], [-4.396026077372441, 32.15477001687129], [-4.396331190896031, 32.15404956397509], [-4.3970604234009905, 32.15350369965154], [-4.400093572358939, 32.15203600123153], [-4.401026600484342, 32.15103968074707], [-4.402078672313636, 32.150938391656624], [-4.402070439866044, 32.15040066863321], [-4.402999311218932, 32.14913547292929], [-4.405397425102652, 32.14749541834786], [-4.405681811427349, 32.145430638363464], [-4.407131758691644, 32.14380108106718], [-4.410587137397356, 32.14241807724988], [-4.412146425939757, 32.141056152274096], [-4.412984938576299, 32.14077788598463], [-4.413187308281604, 32.14023781241139], [-4.414437449324931, 32.13932748998562], [-4.416542669453311, 32.13921430829743], [-4.419150934183375, 32.13757164682626], [-4.4206171901917335, 32.137017383433474], [-4.422928824814187, 32.13663287272758], [-4.4242813572412185, 32.13554203277212], [-4.425227893015957, 32.135441741970325], [-4.4261576889697904, 32.134266006602154], [-4.428873752711768, 32.13280120515443], [-4.431602327617295, 32.13214292421267], [-4.433482690546195, 32.131135652446225], [-4.435271727204749, 32.1310257430287], [-4.436317902916, 32.13056569872651], [-4.437140783214832, 32.129301462891185], [-4.4378751956895055, 32.12911385157241], [-4.438811798620113, 32.128386125636894], [-4.4394225878170355, 32.127034650696835], [-4.439307422312897, 32.12640851248324], [-4.440863189618867, 32.12486701167536], [-4.444638901087081, 32.12383798988853], [-4.445154154883552, 32.123115026028245], [-4.446627084420163, 32.12300856715889], [-4.448929741647924, 32.1220858794525], [-4.448796109005192, 32.12029470281224], [-4.449418033270399, 32.11966013665831], [-4.449297144998609, 32.11867553211097], [-4.449604559147686, 32.118134200527464], [-4.451474502405067, 32.11649933987059], [-4.45283633402499, 32.11603554306767], [-4.453138038330686, 32.1151357275095], [-4.453765580789125, 32.11485961738788], [-4.453963393923932, 32.11405062811338], [-4.455110312449289, 32.11332036948012], [-4.455308110862459, 32.11251137835839], [-4.456036657773907, 32.11196519040207], [-4.456131995034379, 32.111336646877376], [-4.455699431012655, 32.11062453828449], [-4.456432230044573, 32.11034720527182], [-4.457364222699323, 32.10935049306204], [-4.458098430875916, 32.109162769701996], [-4.459343419359016, 32.107983168020766], [-4.462899056725609, 32.10641833940304], [-4.463741378996616, 32.10640860523588], [-4.464570824099029, 32.10559229732897], [-4.465620853119506, 32.10540087783056], [-4.466447407252075, 32.1044053209898], [-4.46749741823337, 32.10421388640879], [-4.468015251973278, 32.103670073030166], [-4.470009958519028, 32.10328839219487], [-4.4703157642876725, 32.102657395662135], [-4.471150864351806, 32.102199520845126], [-4.473041678337346, 32.101908634994054], [-4.47387243868121, 32.101181887626964], [-4.475545448944291, 32.10044532406498], [-4.475854090258399, 32.09999355192819], [-4.47910483798348, 32.09914891005696], [-4.479724963894752, 32.09842458522109], [-4.480665256553207, 32.09796541973002], [-4.481824780780717, 32.0980414926085], [-4.4842331691584, 32.0972065744282], [-4.4848662914930895, 32.09728878778722], [-4.486433859919292, 32.096553318964006], [-4.488426870859245, 32.09608173657724], [-4.489049809671092, 32.09553660425153], [-4.491045695570324, 32.095244217208986], [-4.491158252296301, 32.095691066504195], [-4.491792825645083, 32.095862863105175], [-4.492229962177156, 32.096843696778684], [-4.492870376912131, 32.09737395832059], [-4.4933556627611235, 32.101312168426446], [-4.495275584217061, 32.10281330348053], [-4.495604586104956, 32.10361613062214], [-4.499500146509069, 32.103570060741], [-4.500134788858417, 32.1037418132076], [-4.500247401672518, 32.104188652191766], [-4.501101419903918, 32.10489560800406], [-4.504580288041258, 32.10512322338623], [-4.505829019835265, 32.10421203454372], [-4.507092448080764, 32.10419700384489], [-4.508237330349859, 32.10337666222165], [-4.510652973215311, 32.10298932956239], [-4.512312405931433, 32.10144573694568], [-4.514504101512183, 32.100254296476834], [-4.516187112071298, 32.100144522915514], [-4.517124264743931, 32.09950585849541], [-4.518144443773544, 32.09752167636576], [-4.519931190860493, 32.097320976016], [-4.520777863167507, 32.09757971461111], [-4.520656250572772, 32.09659519713495], [-4.521489545790861, 32.09604738265221], [-4.522208637491288, 32.09496312948207], [-4.523995323669367, 32.094762373500565], [-4.524085715607126, 32.09386494254522], [-4.52544532669527, 32.09331076796051], [-4.526708593400157, 32.09329554617801], [-4.529203768942319, 32.091383124123894], [-4.530573771055346, 32.091456209751044], [-4.531613011309815, 32.09063693856314], [-4.533080788165521, 32.09026064380031], [-4.5348733468608575, 32.09041820188626], [-4.535184655877538, 32.09014552641418], [-4.53833969382794, 32.08992797715657], [-4.540436024150904, 32.08936469386957], [-4.547699431271188, 32.08927614679963], [-4.548842242268447, 32.08836583766982], [-4.55156096561392, 32.08725695615285], [-4.553326192400875, 32.085801178371675], [-4.553426905662011, 32.08553104158062], [-4.552465909405041, 32.08473611832826], [-4.55220842120081, 32.081960621579114], [-4.553785772897607, 32.081851649528545], [-4.558705496462982, 32.08017779889142], [-4.5623818132162866, 32.07968434098817], [-4.563321478093823, 32.0792245791828], [-4.56435417441696, 32.07804659147791], [-4.565090944085436, 32.07803749114776], [-4.568016598154821, 32.07674643995699], [-4.5703321220109085, 32.07671775860685], [-4.570344380634153, 32.07743467616205], [-4.570664734113849, 32.07769960570459], [-4.570478750388523, 32.07913605018899], [-4.571326914041328, 32.079484066930206], [-4.571163939181444, 32.082264730714755], [-4.570745975907574, 32.08244918142095], [-4.57086503206217, 32.08325440747997], [-4.571183874497625, 32.08342972021231], [-4.5714526786710366, 32.08683246109909], [-4.571977456804772, 32.08673631574378], [-4.572621312283537, 32.087445391480756], [-4.574517585587566, 32.087511466616554], [-4.574944788006229, 32.08786468919538], [-4.577054676244441, 32.08810733658387], [-4.577059294888431, 32.08837617932371], [-4.5780066708838625, 32.08836437975821], [-4.5795717517225905, 32.087538170804905], [-4.581677009190552, 32.08751189879153], [-4.5827389072579, 32.08803643371867], [-4.584523742801389, 32.087745217908356], [-4.585577919564986, 32.087821658936875], [-4.58621569108211, 32.088172206413994], [-4.590005166510123, 32.08812469205668], [-4.590647614605561, 32.08874405756401], [-4.591701805726201, 32.088820447065544], [-4.5929649707441085, 32.08880456655], [-4.593692481712287, 32.08825761598444], [-4.5951677208988775, 32.08832867808436], [-4.595163049243844, 32.08805983770341], [-4.596525230209557, 32.08768414259841], [-4.597656601517788, 32.086146115042006], [-4.598602384585007, 32.08604454885118], [-4.598607065944647, 32.08631338886626], [-4.599777424697454, 32.087015676354426], [-4.6021999969853615, 32.08707468801304], [-4.603247914062194, 32.08679252916872], [-4.604173339098223, 32.085525950980106], [-4.604908587989472, 32.085427004119055], [-4.605962747466194, 32.085503275776894], [-4.606609985314335, 32.08639139663863], [-4.6071362864326515, 32.08638471980145], [-4.607563604065862, 32.0867378285169], [-4.6094582935350745, 32.08671376718504], [-4.611030909284501, 32.086335243294464], [-4.611549343511604, 32.085880484252975], [-4.615333947107959, 32.08556337737901], [-4.61752859257858, 32.08463904322096], [-4.618477491041942, 32.08471655476947], [-4.619207972961855, 32.08434868819084], [-4.620684737495945, 32.08450906685275], [-4.62120627696816, 32.0842334947981], [-4.62140729552614, 32.0836931260509], [-4.624561812498108, 32.08347344200229], [-4.624868064927484, 32.08293171842238], [-4.626445306608448, 32.08282184360528], [-4.628845505959267, 32.081625779368125], [-4.63000488618281, 32.08170049821132], [-4.632502293713266, 32.08005495278294], [-4.635334509697468, 32.0794806267104], [-4.636792047677034, 32.07856547812792], [-4.638469646416789, 32.07818526134174], [-4.638882646782026, 32.07773175706582], [-4.64128574630271, 32.076714689075914], [-4.642338219340049, 32.07670104878137], [-4.644956558180937, 32.075950018478096], [-4.646850989869406, 32.075925405298655], [-4.648633738720622, 32.0755436884855], [-4.649598654234227, 32.076517081431824], [-4.651386235282145, 32.076404159357416], [-4.652976221606483, 32.0770108473333], [-4.653086307821744, 32.0772783070939], [-4.65519125357836, 32.07725082131338], [-4.656366751640924, 32.078221408947435], [-4.656999858046754, 32.07830276116476], [-4.657734978484657, 32.07820351127665], [-4.658985005157503, 32.077470091151746], [-4.660246351760939, 32.077363934285906], [-4.660660858206788, 32.076999973345266], [-4.661821813918435, 32.07716401269007], [-4.662543940703463, 32.07634785034944], [-4.663023343588896, 32.079568305505255], [-4.664103445574815, 32.081077861974045], [-4.664019306378142, 32.08224418086813], [-4.663606414701705, 32.082697763344086], [-4.66384452758141, 32.08421837629601], [-4.663219492598142, 32.084585112327865], [-4.66322760973094, 32.08503316467874], [-4.663864016045545, 32.08529370160213], [-4.663666495336753, 32.08601335028185], [-4.664202526088286, 32.08654409893227], [-4.665896400249376, 32.087059621618835], [-4.66591103613028, 32.087866114412144], [-4.666660863525386, 32.08857330308219], [-4.66668689673701, 32.09000706707157], [-4.667538754136289, 32.09053364385315], [-4.6675517783535785, 32.091250525347974], [-4.668402023404703, 32.091687485520424], [-4.66819801216903, 32.09204869929777], [-4.667670066452454, 32.09196602070864], [-4.666002116994237, 32.09288428934864], [-4.663687919380942, 32.09300434283302], [-4.66295918394565, 32.09346207226612], [-4.661589110987752, 32.09339042350849], [-4.661491957040848, 32.093839856681036], [-4.660123499805816, 32.09385780268375], [-4.658661112168502, 32.094504386442495], [-4.657391436615349, 32.09416248218237], [-4.656340388721683, 32.09426586480998], [-4.6550933493698325, 32.09517848669726], [-4.653718408570762, 32.094837921210626], [-4.652882724598419, 32.09520735846158], [-4.650986288712916, 32.09514246412289], [-4.648782100177891, 32.095529708091185], [-4.647951216320129, 32.096167946601675], [-4.647530139122076, 32.096173425367255], [-4.647313166075984, 32.09581772009258], [-4.645526807143732, 32.0960202081758], [-4.642510887129411, 32.09812089735149], [-4.637593490413799, 32.0998875926081], [-4.636472235842516, 32.10196362610009], [-4.634808568525157, 32.10315033316615], [-4.631771442765941, 32.104085829626804], [-4.631567259242244, 32.10444698938167], [-4.629164922624923, 32.10555350780778], [-4.628008421076061, 32.10565801494482], [-4.627907910613432, 32.10592820384591], [-4.6256028312748265, 32.10658524436146], [-4.624438376668701, 32.10624165994454], [-4.622342242846796, 32.106806328521806], [-4.620965647722725, 32.10637579757387], [-4.62012497087497, 32.10647618944484], [-4.619266891653983, 32.10559084219326], [-4.618107212928861, 32.105516034872196], [-4.617989287047941, 32.10480048252038], [-4.617563423678738, 32.10453702624998], [-4.617040180321577, 32.10472297430829], [-4.616824880776556, 32.10445682630119], [-4.615875778211473, 32.1043793092066], [-4.614598218639372, 32.10358891366106], [-4.613542270623009, 32.10342310866054], [-4.612263169010903, 32.102543075857795], [-4.607857172098985, 32.10349542433023], [-4.606717927340266, 32.10458547678674], [-4.605459258430598, 32.10487033974541], [-4.605693349424374, 32.10621186112319], [-4.605177910923847, 32.10684582495984], [-4.604992430922732, 32.10828229830502], [-4.603447613063138, 32.11027378924819], [-4.603367390753484, 32.111708927064576], [-4.602853472729035, 32.112432495198334], [-4.602108613153232, 32.11199375989129], [-4.601588423612726, 32.11235887191802], [-4.601055714405755, 32.112007079041575], [-4.600955117442087, 32.1122772490787], [-4.600115922444396, 32.11246712331248], [-4.599806303851825, 32.112829566702175], [-4.599823499890966, 32.11381530861259], [-4.599084892789561, 32.11373500717987], [-4.59825348914326, 32.114372934314545], [-4.596573484484913, 32.11466302994812], [-4.594082275435309, 32.11675597483854], [-4.5933638916899895, 32.1178406111977], [-4.592007477587964, 32.118574738040515], [-4.590428008101586, 32.118594591123134], [-4.590328927417802, 32.11895436691554], [-4.589384348075721, 32.11914549524148], [-4.589181516896298, 32.119596205535835], [-4.588238480585639, 32.11987693888144], [-4.588249347281292, 32.12050423204462], [-4.587730605148464, 32.12095890327234], [-4.585520835125024, 32.121076232629605], [-4.584063650931091, 32.122080436728865], [-4.583551070490932, 32.122893545546084], [-4.5821713007378655, 32.12228336854559], [-4.581344336999425, 32.12319003067824], [-4.580605665424456, 32.12310962340636], [-4.579149937269781, 32.124203386986906], [-4.577362834700771, 32.12440493481339], [-4.576949321270391, 32.12485825170766], [-4.575685650006602, 32.12487398821875], [-4.575078451290258, 32.126315672603106], [-4.574119909467129, 32.12570016577133], [-4.572024526088358, 32.12635363733051], [-4.571612513643821, 32.12689655169475], [-4.570567105813275, 32.127357692557375], [-4.57006051614871, 32.12852920670138], [-4.568088747344352, 32.13025667763896], [-4.567456871939005, 32.13026450442066], [-4.566603648255646, 32.129647636486695], [-4.565759621685749, 32.12956844728976], [-4.5654452166974036, 32.12966196934841], [-4.565146115036001, 32.13065163229807], [-4.563351204491011, 32.13040491591035], [-4.561568517916659, 32.13087508826083], [-4.559587384064297, 32.13206474663359], [-4.55885170289757, 32.13216344293068], [-4.557919100574883, 32.133071257784394], [-4.556032536290265, 32.133632265274656], [-4.555937870601318, 32.13426086159041], [-4.555211292759764, 32.13489722447305], [-4.553312519964015, 32.134741276318984], [-4.551952486375322, 32.13529576061421], [-4.551349399222282, 32.13700618667352], [-4.5493422348838095, 32.13667224169156], [-4.5487224275792455, 32.13739689443087], [-4.547878339631067, 32.13731758779387], [-4.546957679694217, 32.138942244652725], [-4.544941418829547, 32.13807054145555], [-4.543784378867126, 32.138174294355636], [-4.542952360086172, 32.13881187481989], [-4.541799832058572, 32.13918445497847], [-4.5409708047067685, 32.14000125311852], [-4.540128203675937, 32.14001151042344], [-4.537723773665801, 32.14111635115662], [-4.536586225364229, 32.142385037233716], [-4.535642779399124, 32.14266538996139], [-4.534621022725336, 32.14456008803185], [-4.531140613433952, 32.14433334800892], [-4.529048960315625, 32.145254975101665], [-4.527179883637142, 32.146890950797115], [-4.526671140421165, 32.14797269271346], [-4.5260391304666525, 32.1479803165049], [-4.52510006887064, 32.14852943990559], [-4.52510902289322, 32.149067133485644], [-4.524693645442599, 32.14943067374699], [-4.522494980860758, 32.150263850944235], [-4.521248790708521, 32.15135444337841], [-4.521256234352589, 32.15180252196858], [-4.520318592193896, 32.152441227363376], [-4.519910617791854, 32.15325283152372], [-4.520257887595816, 32.15513096495658], [-4.519544279468267, 32.156573675125514], [-4.519575515168225, 32.15845560491783], [-4.520321875997206, 32.158984439216916], [-4.522212177670623, 32.158603174797626], [-4.52497360031722, 32.15991442054018], [-4.528979843132758, 32.16004533158001], [-4.532826725876306, 32.15695124708851], [-4.5332240942304765, 32.15551229864018], [-4.53490207499901, 32.155043786122484], [-4.536802754941979, 32.155289613069726], [-4.538802762485364, 32.15517567019608], [-4.539231665752062, 32.155618619061244], [-4.539359609515744, 32.156961560786065], [-4.538527393531757, 32.15759911655767], [-4.539823191595587, 32.15946564868444], [-4.542876757149833, 32.1593388119461], [-4.543519417360266, 32.15995840434012], [-4.544041622375036, 32.15968313260092], [-4.545519513769902, 32.15984435243499], [-4.54719598852257, 32.15928606207662], [-4.547921295080589, 32.15856012533573], [-4.551292366748187, 32.15851883382705], [-4.55454895563316, 32.15794106175876], [-4.554767255242802, 32.15838654374096], [-4.5557245021741375, 32.15891257332865], [-4.556165690040648, 32.16007237451055], [-4.557118389568114, 32.160329550338176], [-4.557132108860731, 32.16113607701687], [-4.556612985263964, 32.16159062995008], [-4.556327411258053, 32.16338680016323], [-4.556454096971197, 32.164640100803375], [-4.556773203450763, 32.16481543964194], [-4.55711823005166, 32.16651421571906], [-4.557438869449006, 32.166779166564616], [-4.557438750419623, 32.17296382519015], [-4.557977768818117, 32.17367424800098], [-4.559255869279153, 32.17446519140395], [-4.56073554845481, 32.1747158384995], [-4.562019806653707, 32.17586520731566], [-4.562760425205153, 32.17603532319696], [-4.5650784638297255, 32.17600665932722], [-4.56613825305943, 32.176352070145626], [-4.567071193662292, 32.1754441893806], [-4.568014866833636, 32.17516359605332], [-4.570247508663311, 32.176301117678754], [-4.57037133340067, 32.17737516881025], [-4.571661905876207, 32.17888288709328], [-4.572399483783977, 32.17887371875785], [-4.5729371114857, 32.17949445926762], [-4.574206164846701, 32.179747565703074], [-4.574846093967426, 32.180187759702555], [-4.57454386834589, 32.18099821319298], [-4.573598616191137, 32.181189243190815], [-4.57362790987629, 32.18289189144716], [-4.573110293777285, 32.18343612497136], [-4.573223374659414, 32.18388287940202], [-4.572814207625245, 32.184605027002775], [-4.571978910451571, 32.18506357465464], [-4.571264377709169, 32.186416938831634], [-4.5706382721289005, 32.186783246147364], [-4.57036215168585, 32.189117113617996], [-4.5686883674827286, 32.18985494763563], [-4.566750620661939, 32.19364352734286], [-4.566023666936649, 32.194279959027526], [-4.5650782580708595, 32.19447092980392], [-4.564884358671932, 32.19545928453513], [-4.563523513708618, 32.19601391422634], [-4.563431919065894, 32.19682173717453], [-4.5624910731913415, 32.197281529473955], [-4.560730044819031, 32.19909592670947], [-4.560641483736932, 32.2000829748598], [-4.558464896503909, 32.20226099994066], [-4.557754619447251, 32.20388313496279], [-4.557870710836384, 32.2045091301454], [-4.555894075869463, 32.206057222548715], [-4.5555870278786905, 32.20659879499853], [-4.555805458891221, 32.207044268102216], [-4.554659763729418, 32.2078650542458], [-4.554577231318524, 32.20921055312808], [-4.553202407210332, 32.20895855703404], [-4.552378969464603, 32.210133892055886], [-4.551642654219527, 32.21023256506608], [-4.550710736227858, 32.21122995662255], [-4.550287589010518, 32.211145514893204], [-4.549555822659951, 32.21151301706326], [-4.549042462570778, 32.2123260002244], [-4.546841032250573, 32.21307001895051], [-4.545281119401289, 32.21434395258575], [-4.54422246951318, 32.21408799399727], [-4.543285888625399, 32.21481649228431], [-4.542234802814817, 32.21500858670036], [-4.540781715893063, 32.21637079506795], [-4.539521289896558, 32.21665505155623], [-4.5385665307815595, 32.21630814788381], [-4.537732277625043, 32.216856095392146], [-4.537638932484288, 32.21757429068835], [-4.53732570525585, 32.21775736595355], [-4.536172170488702, 32.21812992174573], [-4.5347957474608815, 32.21778811410499], [-4.5341722887855145, 32.218333478642634], [-4.5330127162466045, 32.218347549125504], [-4.5320744969199644, 32.218986353629475], [-4.53144199776624, 32.21899401939815], [-4.530399844799096, 32.21972370364612], [-4.52849633079022, 32.21938820898846], [-4.526815648016219, 32.219767054578895], [-4.526386488869591, 32.21932407531328], [-4.524808222738722, 32.21952239204823], [-4.524035907543333, 32.21747015585618], [-4.52423926060111, 32.21701954010008], [-4.523386975911394, 32.21649201937494], [-4.523040849972719, 32.214703535962165], [-4.522178141425114, 32.21354870252618], [-4.522169182296666, 32.213011013698726], [-4.5218514591146555, 32.212925206749354], [-4.521630190717468, 32.21230044102813], [-4.52067703171971, 32.21204301335991], [-4.520225572053921, 32.21025578692974], [-4.519474309624456, 32.2094581240326], [-4.519355491800467, 32.208652856205674], [-4.5178619541463645, 32.207595203862894], [-4.51763477372262, 32.20661196908315], [-4.518354725709196, 32.20552772821038], [-4.518430346687849, 32.203734160532925], [-4.518084376077657, 32.201945655636], [-4.517542508544472, 32.201055831052116], [-4.517523165843891, 32.19989083371825], [-4.517831910652091, 32.19943896215582], [-4.5172945241068385, 32.19881798126704], [-4.516233151456406, 32.198382549215545], [-4.5146314591453764, 32.19714688406812], [-4.513999105979173, 32.19715445800458], [-4.5127166033250905, 32.19609421119308], [-4.511956633441926, 32.19475880348773], [-4.511003683699499, 32.19450129579874], [-4.510893851259668, 32.194233708601296], [-4.510163529749518, 32.1946905998939], [-4.509321892572464, 32.19479028290468], [-4.509117030457072, 32.19515126131447], [-4.505852885172317, 32.19536944616511], [-4.504255805811279, 32.194402490529825], [-4.502140651887557, 32.19397947033148], [-4.502030845765806, 32.19371187461038], [-4.4979148033825656, 32.193402170184285], [-4.497272197863948, 32.19278234691198], [-4.496535948682129, 32.192880696697216], [-4.49579090083194, 32.1924413451182], [-4.494631636122551, 32.19245505375634], [-4.492400938729565, 32.191405799262], [-4.491330993532665, 32.19043245315415], [-4.489435512110165, 32.190544428285705], [-4.489022725342377, 32.19108709197625], [-4.487556062676451, 32.191642157140706], [-4.486840212692401, 32.192995082205435], [-4.486418657707516, 32.19300003863479], [-4.484821816240045, 32.192032829725], [-4.483451775320916, 32.19204891069327], [-4.482916115317186, 32.1915173913781], [-4.4814392416152105, 32.1914450694618], [-4.480056151626074, 32.190654561860704], [-4.479198562988354, 32.18976825846715], [-4.477191896349669, 32.189522814961855], [-4.476445517836927, 32.188993728544276], [-4.4759200411325235, 32.18908949692076], [-4.475384441660679, 32.18855794363974], [-4.474545703424967, 32.188836628846666], [-4.4712773380666455, 32.18878506523582], [-4.469913099728385, 32.1891594672186], [-4.468875083741008, 32.1901575038697], [-4.467831290567306, 32.190797063124634], [-4.467095018596982, 32.19089524193041], [-4.466581019195879, 32.19170791115894], [-4.465114199823313, 32.19226272020791], [-4.463220066602526, 32.192463921775676], [-4.462265830055674, 32.192116424251424], [-4.461409827085531, 32.19131961329856], [-4.459292053564178, 32.190716632623584], [-4.458225316215352, 32.18992223106624], [-4.4567513316332645, 32.190028854953106], [-4.456005062281591, 32.18949964454621], [-4.455265932700053, 32.189418518816794], [-4.4543032045457265, 32.18853325176267], [-4.45335473808799, 32.1885441563881], [-4.4529289255468125, 32.188280146667765], [-4.452285229950712, 32.18757046619177], [-4.451017776100006, 32.187405747412825], [-4.450378365334743, 32.18696491081111], [-4.449432754300415, 32.187155021809446], [-4.447319404225992, 32.18682068968515], [-4.446571796608271, 32.186201802730714], [-4.443504376191484, 32.18551977822663], [-4.4419391860172395, 32.18652361513143], [-4.433948297949332, 32.187779730895855], [-4.431934751469291, 32.18708547013324], [-4.4285722439960145, 32.18775094458068], [-4.427615380546349, 32.187223942068], [-4.425298308808348, 32.187339714192156], [-4.4246576212423685, 32.18680912481378], [-4.422971468097281, 32.18682810977089], [-4.420980299441353, 32.18756757926312], [-4.416457043291214, 32.18815613622483], [-4.414264717045619, 32.18952519919342], [-4.414062256148967, 32.19006527331996], [-4.412396799850593, 32.19142841178713], [-4.411244421195543, 32.19188945348022], [-4.407661124029612, 32.19192939526776], [-4.406400564751438, 32.19221232739116], [-4.405973485999969, 32.19185853651931], [-4.404604776726682, 32.19196338306994], [-4.403439968833072, 32.19161777620937], [-4.402587217221328, 32.190999791954326], [-4.401426549356679, 32.19092302577338], [-4.398389416287735, 32.192211542886504], [-4.396811274730233, 32.19240825647309], [-4.395532888777395, 32.19152601934639], [-4.395631440446371, 32.19107675528338], [-4.395309797805889, 32.190721763760635], [-4.394567964589526, 32.19046104147731], [-4.3943612842879025, 32.190732226617996], [-4.393519526568651, 32.19083114122902], [-4.393106156815726, 32.1913735079569], [-4.391324051306097, 32.192020576634825], [-4.390803907205491, 32.19247447554024], [-4.390708056788574, 32.19310297712404], [-4.389977115845956, 32.193559191015154], [-4.388501601033229, 32.19357540255423], [-4.388085467755654, 32.19393851297263], [-4.384924990764657, 32.19406280452748], [-4.384196725952404, 32.19469822705429], [-4.3836629668582425, 32.194255892034484], [-4.3818698971154815, 32.19418586550151], [-4.38101861482704, 32.193657353295244], [-4.379228261367566, 32.19376653039646], [-4.378062166388106, 32.193331066969165], [-4.377948668127878, 32.19279449064166], [-4.3765758531181165, 32.192630172400015], [-4.37560708717963, 32.19129618142543], [-4.375812477019522, 32.19093540446182], [-4.374947783323867, 32.189510639614475], [-4.370941620058833, 32.189464500393804], [-4.370930871226094, 32.18874753125947], [-4.370289135487793, 32.18812703679733], [-4.368809671668822, 32.187874152529844], [-4.367739704083699, 32.18681010033042], [-4.369084244547539, 32.18509247116652], [-4.368433161283719, 32.18384461679431], [-4.366318793361595, 32.18341929872308], [-4.364956835512417, 32.18397182107722], [-4.364437937645722, 32.184515235855784], [-4.361070962722726, 32.18491006167793], [-4.359696957670707, 32.184655934273], [-4.359282077621517, 32.18510857403516], [-4.358438993474094, 32.18511763312585]]]}}, {"type": "Feature", "properties": {"id": 18, "name": "Subbasin 18", "Subbasin": 18, "AREA_HA_TOTAL": 30885.82, "HRU_COUNT": 16, "DOM_LANDUSE": "PAST", "DOM_LANDUSE_HA": 15680.18, "DOM_LANDUSE_PCT": 50.77, "DOM_SOIL": "I-Bk-X-2c-1237", "DOM_SOIL_HA": 30885.82, "DOM_SOIL_PCT": 100.0, "DOM_SLOPE_BAND": "0-9.0", "DOM_SLOPE_BAND_HA": 14145.23, "DOM_SLOPE_BAND_PCT": 45.8}, "geometry": {"type": "Polygon", "coordinates": [[[-4.36087272383897, 32.24944975207943], [-4.369166360458636, 32.246850357314834], [-4.369800443639872, 32.24693311860866], [-4.371787944436835, 32.24583593368818], [-4.373471176745861, 32.245548740569106], [-4.3748488380442385, 32.245981930028194], [-4.376030468599252, 32.24740322291248], [-4.37625895633918, 32.248565986795555], [-4.375772211267207, 32.251260333062426], [-4.376091298355107, 32.2514361270944], [-4.376106169701067, 32.25242194770898], [-4.376429318465607, 32.25286660083265], [-4.377278434343425, 32.25321588466973], [-4.378957717503932, 32.25265975562707], [-4.3795959145572, 32.25301132606625], [-4.378979394866958, 32.254093674459035], [-4.379723066857012, 32.25444409251082], [-4.379737979175992, 32.255429911147296], [-4.3792147159315205, 32.25570452975354], [-4.37911602539164, 32.25615378071722], [-4.379541958438275, 32.25641803355349], [-4.378911866821711, 32.2566041830003], [-4.378917286663355, 32.25696266252292], [-4.3795595811966725, 32.25758309164942], [-4.379366265778285, 32.25875045330592], [-4.3808564095072136, 32.25963051715663], [-4.380971380052943, 32.26025670234391], [-4.38182601417591, 32.26096443172337], [-4.381840952980566, 32.261950248466086], [-4.381317659730727, 32.26222487636763], [-4.381435352897316, 32.26303030010332], [-4.381124359351456, 32.26339223953259], [-4.38007096656524, 32.2634933890642], [-4.38018458103655, 32.264029954879696], [-4.3788228836209875, 32.26467227038771], [-4.37692836636309, 32.26496184333316], [-4.3757816434239745, 32.26587068638823], [-4.37516634840018, 32.26704263752628], [-4.3749797195124405, 32.268658092172004], [-4.373831580735514, 32.26947729892879], [-4.373751759532791, 32.27118122419174], [-4.372608976627396, 32.2723589002355], [-4.372220764936985, 32.27460398330651], [-4.371390343805157, 32.27550935024027], [-4.370984564355868, 32.27658937109963], [-4.371117022239736, 32.278380623305594], [-4.37070853186834, 32.27928140350911], [-4.370750324882789, 32.28205961884942], [-4.371507689720108, 32.28330627637188], [-4.371859270567744, 32.2856329515289], [-4.372281274683418, 32.285628365290655], [-4.3729048268458435, 32.28499414537699], [-4.373955774432965, 32.28471380959721], [-4.3765688961470515, 32.28307192690577], [-4.377410169185519, 32.2828834830578], [-4.378347445668392, 32.282066545249904], [-4.382120850957205, 32.28041187786486], [-4.3837005465923555, 32.28021530735766], [-4.384851448812555, 32.279575249586664], [-4.39021246561477, 32.278261457780665], [-4.396114498777255, 32.277837800984415], [-4.40062856520102, 32.27635366418406], [-4.40221089971266, 32.276336102458025], [-4.402520470530789, 32.27588449420208], [-4.404208283904274, 32.275865735947875], [-4.404938412557681, 32.275319810396425], [-4.40777688606435, 32.274660759085926], [-4.40819190958681, 32.274207961672694], [-4.409348099923133, 32.27392616086563], [-4.412089340410408, 32.27380590226127], [-4.41294017112117, 32.27424455422563], [-4.413678573068512, 32.27423628971491], [-4.414744561358157, 32.274941421839856], [-4.415584279198555, 32.27466310943242], [-4.417591307104227, 32.27481986122005], [-4.418546264554057, 32.2751676719109], [-4.418976583722678, 32.2757006394948], [-4.422250886546348, 32.27593270283833], [-4.423421047248049, 32.276546952937814], [-4.427540697508555, 32.27685897943639], [-4.429871283010567, 32.27746004398121], [-4.428830444493972, 32.27836816201125], [-4.427800819010637, 32.27999321333618], [-4.425710609058115, 32.281271702862675], [-4.425621941810284, 32.28234830682234], [-4.426049531642167, 32.282702012160435], [-4.426167652058511, 32.283507379775116], [-4.426591039774179, 32.283592229990305], [-4.426720393908036, 32.2851145379879], [-4.426100031806058, 32.285928248545716], [-4.426849753363115, 32.28663684537393], [-4.426668228003276, 32.28852119969208], [-4.426984733709802, 32.28851762248737], [-4.427417975989056, 32.28922979213033], [-4.4274362333222195, 32.29039482023355], [-4.428287291970288, 32.29083336114184], [-4.429056757762687, 32.292796587103616], [-4.429917696096326, 32.293862437833155], [-4.431413118200324, 32.295010722186476], [-4.431642451810127, 32.296173354010186], [-4.432065903260173, 32.29625818387115], [-4.432177051641108, 32.29661545585875], [-4.431984350279933, 32.29778287438135], [-4.432843961329885, 32.29875908479409], [-4.432859474189355, 32.2997448739909], [-4.4321307387817965, 32.30038057702762], [-4.431621480459435, 32.30155158595326], [-4.4319521259321375, 32.30244416701128], [-4.431987366597587, 32.30468459633725], [-4.430617009351049, 32.30478977027966], [-4.428702166925001, 32.30382549565672], [-4.4263765229947465, 32.30358290050477], [-4.425525351430949, 32.30314435069324], [-4.423943968886411, 32.303251835160204], [-4.423199731142022, 32.30290169623076], [-4.4203507231898005, 32.30293378980401], [-4.416121598424778, 32.30244351088295], [-4.405780753574594, 32.3025591106966], [-4.405149021880336, 32.30265577895909], [-4.403791089508708, 32.30356722593933], [-4.403591102408171, 32.30428651920557], [-4.402437271571514, 32.3047475138527], [-4.401820701027765, 32.305829967371025], [-4.402777313771517, 32.306267506571096], [-4.402891124299117, 32.306804043209624], [-4.403639466887833, 32.307423157673185], [-4.403865720699725, 32.308406610459684], [-4.406192829093772, 32.308739236667485], [-4.406310817345694, 32.30954462363479], [-4.407274418465443, 32.31043021704291], [-4.407604863291393, 32.31132286649997], [-4.407304905102847, 32.31240181351368], [-4.406888324872583, 32.31276499233698], [-4.406803574596571, 32.31411043899509], [-4.407135415416668, 32.31509270691083], [-4.406506369304436, 32.31536862015756], [-4.40502335858965, 32.31502660735394], [-4.403652803472858, 32.31513149351579], [-4.404202599456009, 32.31655951217661], [-4.403809493146534, 32.3184461885369], [-4.402976247072128, 32.319172523446674], [-4.403331567564686, 32.32167830796971], [-4.401544266096916, 32.32214634094134], [-4.401027597294747, 32.32286914647101], [-4.401567738395248, 32.32366984827863], [-4.401166269261825, 32.32501880838603], [-4.4012883817470625, 32.32609305282635], [-4.400448148035334, 32.326371282397865], [-4.399300917948756, 32.32728034551208], [-4.396873310386684, 32.32730724706279], [-4.396248275363078, 32.327851966475926], [-4.394133175422427, 32.32760645619288], [-4.392151068659421, 32.32915211277635], [-4.39078439243367, 32.32952572036561], [-4.389966007766676, 32.331237776211495], [-4.388920057606317, 32.33187673052668], [-4.38882271571102, 32.33241560319885], [-4.388197596983311, 32.33296028459219], [-4.387588881319968, 32.33458038450009], [-4.38664296730019, 32.33485968611767], [-4.386335859545434, 32.335490496023425], [-4.385182910656465, 32.33604096251448], [-4.3850923691619945, 32.33702792523807], [-4.3844699260547495, 32.33775182628531], [-4.383943485622687, 32.33784723659526], [-4.384384834405868, 32.33909726252256], [-4.3863959868178455, 32.339433707905904], [-4.388840357992139, 32.34048241891031], [-4.389895996462041, 32.34047079131061], [-4.3904347811571585, 32.34118192019584], [-4.390443005679125, 32.341719629637154], [-4.389961771478336, 32.34477246697421], [-4.389650545662263, 32.345134429639685], [-4.389576489572509, 32.347196811492026], [-4.388642776247393, 32.34828269488406], [-4.388556373256129, 32.349538512127594], [-4.3882396500093614, 32.349541998838035], [-4.388350700947939, 32.34989930949837], [-4.387633572344205, 32.35134133426582], [-4.38734694452404, 32.353316419312996], [-4.386620201109934, 32.35413111138975], [-4.38643502409124, 32.35583617881291], [-4.38572055527252, 32.35745742987795], [-4.385751996645667, 32.359518647943005], [-4.385337852217029, 32.36006099763436], [-4.384705697538312, 32.360157574295876], [-4.384209172532584, 32.36222458913609], [-4.3845327706981845, 32.36266920216882], [-4.385902703350045, 32.36247488603424], [-4.387179358209092, 32.3630882793861], [-4.387721001522521, 32.36397865034086], [-4.388893468063414, 32.36468280535931], [-4.389420056953242, 32.364587370636485], [-4.390270278854896, 32.36493653089634], [-4.390592544105867, 32.36529150920632], [-4.39249595836084, 32.36544976816843], [-4.3941978227741565, 32.36623765781482], [-4.397897731811273, 32.366465589620546], [-4.398222791345731, 32.36699978253313], [-4.399716304443293, 32.367969172272964], [-4.399414709790611, 32.36895848142374], [-4.398579599484215, 32.369595177972194], [-4.397038382876092, 32.372390883678435], [-4.395893309609379, 32.37347916154669], [-4.395366677343031, 32.37357462441857], [-4.3948510584900164, 32.37438702598855], [-4.3951926573812825, 32.37599663672178], [-4.396162396407005, 32.377240759518166], [-4.398906776174846, 32.37712070205367], [-4.3988467429994085, 32.38007924784076], [-4.399813812588812, 32.38114410450948], [-4.39993601020402, 32.382218339322115], [-4.399737225365263, 32.38302724072398], [-4.399010368256046, 32.38384200401069], [-4.39785551756847, 32.384302979823374], [-4.397242527487909, 32.38565426625259], [-4.397366082874159, 32.38681812081772], [-4.39864868469094, 32.387789853226444], [-4.398027400455543, 32.3886034394599], [-4.397941110564471, 32.389859252803426], [-4.397208664405813, 32.39031553769858], [-4.39721418454774, 32.39067400683396], [-4.396485866222578, 32.391399139631595], [-4.395018170972691, 32.392132454606575], [-4.395031950844256, 32.39302862798449], [-4.394195216388091, 32.393575682749756], [-4.394103362493776, 32.394473024729045], [-4.392948351872363, 32.39493395924013], [-4.392960736668658, 32.39574051563882], [-4.3922378460522475, 32.39682409489008], [-4.3921666026073085, 32.39906569608636], [-4.389119746882456, 32.40017491061023], [-4.386591396998276, 32.40065091974624], [-4.383862688925742, 32.40184614023759], [-4.3815619160685655, 32.403395142055466], [-4.380718181439372, 32.40349402272018], [-4.38020636116298, 32.404575222060345], [-4.378848045600669, 32.40557605269484], [-4.37885485914063, 32.40602414151584], [-4.3780219918638865, 32.40683994704605], [-4.373713765325333, 32.40841074737058], [-4.373732774667571, 32.40966539813122], [-4.372163018364392, 32.41066846351439], [-4.37164698977771, 32.41148077691436], [-4.371010395857547, 32.4113084403504], [-4.369861819299999, 32.41221726105731], [-4.369767003779835, 32.41293535378427], [-4.367374925344359, 32.41547105510857], [-4.363811068075026, 32.417391973752856], [-4.363504889966787, 32.41811235006095], [-4.362354804808714, 32.418931487533364], [-4.362361540327036, 32.419379578500354], [-4.360390380263311, 32.42182096508677], [-4.35944347523791, 32.42210008573623], [-4.359240220065055, 32.42264007567238], [-4.357972290397021, 32.422653750627006], [-4.357013290636403, 32.42212628839527], [-4.356922391281238, 32.4231132283935], [-4.356406157041954, 32.423925483373914], [-4.356423596600489, 32.425090521774834], [-4.355488710276708, 32.42617617889839], [-4.35508481418364, 32.42743538346593], [-4.353934534817346, 32.42825444808079], [-4.35341824574828, 32.429066691669064], [-4.353325964243593, 32.4299640108738], [-4.352384302571577, 32.43060155453131], [-4.351462682230365, 32.43258336769589], [-4.350622645201093, 32.43295090977474], [-4.350086265249686, 32.43241886394356], [-4.349346557094432, 32.432426790929654], [-4.348705849898855, 32.43198548946138], [-4.348582834172176, 32.43082158008957], [-4.347831138660505, 32.430022930754035], [-4.347302789202151, 32.43002858350149], [-4.347459481533458, 32.426351959379176], [-4.346915167163679, 32.425282185945086], [-4.3471145049334785, 32.42447335795765], [-4.346794850621249, 32.42429751016188], [-4.346892521457246, 32.423758668205345], [-4.346040564359476, 32.42331961001255], [-4.3460285839322115, 32.422513041303176], [-4.346340241769094, 32.42215117885262], [-4.345995307479409, 32.42027257210282], [-4.347039905057053, 32.41945470960516], [-4.347026585602328, 32.418558521962005], [-4.3462803337828255, 32.41811833398094], [-4.342585022887708, 32.418337036217785], [-4.342048778565557, 32.41780495139945], [-4.340886563485024, 32.4178173270365], [-4.33917885425719, 32.416670260819984], [-4.339170909995133, 32.41613254627645], [-4.338210761758802, 32.41551531647703], [-4.338090556377497, 32.41453062804246], [-4.337341735679963, 32.41391114643126], [-4.337324548814204, 32.41274609680697], [-4.335719988971416, 32.411418619101276], [-4.335496810269011, 32.41061428529337], [-4.334757275607544, 32.41062212194069], [-4.334952736575246, 32.40954445132195], [-4.3342000228572, 32.40865609078295], [-4.334189473185097, 32.40793913567609], [-4.3327989664402615, 32.40678861780684], [-4.332894071212767, 32.40607054461196], [-4.332031816473509, 32.40491442827001], [-4.3318047399909165, 32.403841227223225], [-4.330432733516673, 32.40394535420768], [-4.329686681578605, 32.4035050616244], [-4.328628970750705, 32.403426584971385], [-4.328073212149895, 32.401550139567206], [-4.327221554219291, 32.40111094467784], [-4.326998479077883, 32.40030659188256], [-4.326362040963133, 32.40013402506845], [-4.326558894836617, 32.39914598349673], [-4.326026790176761, 32.39888268288138], [-4.325484211754055, 32.39790242113962], [-4.3248504111712105, 32.39790908584996], [-4.323997494807545, 32.39738024770785], [-4.315745114237062, 32.39657033984506], [-4.3141476464642725, 32.39569066972845], [-4.3134082270751115, 32.39569837794156], [-4.312238503512146, 32.39517275988406], [-4.3058890345593195, 32.394432007225724], [-4.304824998296103, 32.393905224138884], [-4.303554866815732, 32.39373909976863], [-4.302608061444925, 32.394017791317566], [-4.298802816689526, 32.393877795693456], [-4.298385427672678, 32.39424063279418], [-4.29732784282753, 32.39416188975833], [-4.297332969185722, 32.39452037342227], [-4.29691300884837, 32.39470396399631], [-4.296617891947683, 32.39623078036546], [-4.294713944433779, 32.39607108661847], [-4.292799785176342, 32.395194395451476], [-4.292272903533668, 32.395289433318595], [-4.291104576272058, 32.394853236867675], [-4.289610449640963, 32.393792923986176], [-4.28601393997368, 32.393471136911586], [-4.2840986474498255, 32.39250468827784], [-4.283042358439522, 32.3925154459257], [-4.2818652453900565, 32.39145181117133], [-4.279541433753549, 32.39147542446395], [-4.278478840723193, 32.391038035497694], [-4.277193650279303, 32.389796183044524], [-4.274974243635108, 32.389729018944095], [-4.2736941509487325, 32.388845616134624], [-4.270947897927439, 32.38887333815697], [-4.26977724180975, 32.38825769493261], [-4.267875999543509, 32.3882768340895], [-4.2660728776988925, 32.38775715101995], [-4.2638560188106736, 32.38786903394854], [-4.262157303443078, 32.38725861267002], [-4.258772370555387, 32.38693392331593], [-4.256768006760272, 32.38713319387886], [-4.254957529836408, 32.38607561456204], [-4.2497721428713335, 32.385410055324776], [-4.2475577752707, 32.38570089617404], [-4.247131590655606, 32.385436208664515], [-4.243537978086904, 32.38529244264754], [-4.240795476738017, 32.38558837410865], [-4.237941219831126, 32.38543716819432], [-4.236575453553984, 32.38598838487003], [-4.235305534625497, 32.38582156651723], [-4.232043383779863, 32.38674984598925], [-4.231197173377804, 32.38666847923314], [-4.230045024810819, 32.387396809515884], [-4.228465500385938, 32.38777075465818], [-4.227405607279071, 32.38751217449343], [-4.226777912980713, 32.38796646150573], [-4.225303990280237, 32.38833933945637], [-4.225099997310723, 32.38887913388483], [-4.2237268452961025, 32.38889247306731], [-4.222993494974607, 32.389347767295426], [-4.221937217988246, 32.389358012013076], [-4.221508674741359, 32.38891398939145], [-4.220558029494353, 32.38892319872889], [-4.217715712872759, 32.38966777358814], [-4.214126747605093, 32.38988166715985], [-4.213076451780491, 32.39033995709924], [-4.21149201293159, 32.3903551966269], [-4.210020373328187, 32.39090714603092], [-4.206641402586448, 32.39102917558721], [-4.204649895396956, 32.392213487245975], [-4.202439942426233, 32.39286203915365], [-4.201488062251367, 32.39278148145146], [-4.2013658157720934, 32.39152774915215], [-4.200294092177118, 32.390372697555144], [-4.198920904944871, 32.39038576706673], [-4.1970266613923926, 32.390941585001144], [-4.195753189024281, 32.39050549484623], [-4.194911688968264, 32.390782382377374], [-4.192165295812678, 32.39080838947407], [-4.192052600622031, 32.3902716411911], [-4.191308484100267, 32.38992013375457], [-4.1910854605985906, 32.38902588426938], [-4.190552614322584, 32.38867237547585], [-4.190422296321637, 32.386791255429024], [-4.188823817563943, 32.38573071204779], [-4.187657253052016, 32.385383165624376], [-4.187545764911252, 32.38493603685878], [-4.186487182118342, 32.38476673370834], [-4.1873052057067985, 32.382697406607925], [-4.18729465441397, 32.381890783114216], [-4.188239371317181, 32.38143370228987], [-4.1887416485277145, 32.37945697744067], [-4.189161770326946, 32.37927374332803], [-4.188932928484553, 32.37793136325812], [-4.189541961301663, 32.37604326375696], [-4.188782716822777, 32.374526614218674], [-4.1888742459635955, 32.37345011953756], [-4.188019980434172, 32.372741084322705], [-4.187904990559302, 32.372025079804736], [-4.185879693164536, 32.37060996907268], [-4.18535048660378, 32.37052530943673], [-4.1852366908460885, 32.36989892675294], [-4.184596036890447, 32.369367131049856], [-4.184253506734163, 32.367398354403576], [-4.18372081582297, 32.367044811931834], [-4.181503146348361, 32.367065611872015], [-4.181390547951544, 32.366528849904014], [-4.180006067423318, 32.365645452109476], [-4.180105846646633, 32.36519633728237], [-4.179677621303203, 32.364752163241874], [-4.179664817030704, 32.36376628453868], [-4.179342199860637, 32.36332112110327], [-4.1797611039870235, 32.36304829381227], [-4.179425688400962, 32.361617251400375], [-4.180058106672248, 32.36152169849877], [-4.18026231375041, 32.36098196979064], [-4.179198206299566, 32.36036447096531], [-4.179065856578735, 32.358304073560234], [-4.178641157973541, 32.35812877101017], [-4.178528589202407, 32.35759200508589], [-4.178208324950061, 32.357326088640775], [-4.177787118095051, 32.35741965952047], [-4.177459887478532, 32.356615988042755], [-4.176826339159891, 32.35662190171431], [-4.176822856554556, 32.35635302509693], [-4.176294901042072, 32.356357950675495], [-4.175985087932924, 32.35689865834781], [-4.175244786191011, 32.35681592314798], [-4.173320986990221, 32.35504110814796], [-4.171744075755085, 32.35559358806733], [-4.170887802801018, 32.35470517626631], [-4.170879718391555, 32.35407779594617], [-4.171406506267583, 32.3539832675926], [-4.170966827688413, 32.352642803254106], [-4.1715934164271955, 32.35209916506105], [-4.171577239742712, 32.35084440415447], [-4.17062466654061, 32.3506739761108], [-4.170929872884585, 32.349774777550934], [-4.1708150521640235, 32.34905875107062], [-4.170495995026092, 32.34888243930771], [-4.172699352237337, 32.34778633374529], [-4.173648426326333, 32.34768786951399], [-4.174170542726354, 32.347234827415605], [-4.174585915644221, 32.34669314074638], [-4.174576650025162, 32.3459761346998], [-4.17394086010742, 32.34580278060428], [-4.173937387488842, 32.345533903246405], [-4.17656641066059, 32.344702678516036], [-4.176457353168034, 32.34443478611808], [-4.177183626515743, 32.34344200822543], [-4.176647625357492, 32.34281955342908], [-4.176953908120048, 32.342009966942456], [-4.176421396664968, 32.34165638809246], [-4.176610505359672, 32.33995152910079], [-4.178804276205781, 32.338138316123185], [-4.179752078864068, 32.337950182605994], [-4.180283417175711, 32.33821412211543], [-4.180385496395049, 32.33794425727076], [-4.180158070980606, 32.336691472881206], [-4.178988686526205, 32.33607495081592], [-4.178984038216054, 32.33571644776685], [-4.178347151575641, 32.335453488343056], [-4.1782334556738245, 32.3348270937665], [-4.18032732543854, 32.33346297123493], [-4.180527982903087, 32.33265436398312], [-4.181161363373113, 32.33264843561324], [-4.181156707113481, 32.33228993265024], [-4.1822065112505005, 32.331831916543656], [-4.181668218414855, 32.33103022968447], [-4.18176446322867, 32.330312234961035], [-4.180596315202295, 32.3297853513061], [-4.18048377548167, 32.32924858421144], [-4.180901358703741, 32.328886129645305], [-4.18058235489465, 32.32870984164616], [-4.18056955859969, 32.32772395762521], [-4.180142676362654, 32.327369404337055], [-4.180342160802755, 32.32647117103871], [-4.18002432932606, 32.32638450719985], [-4.18001967867184, 32.326026003733425], [-4.180967353088427, 32.325837863749925], [-4.181471849598135, 32.32404040600084], [-4.181456718104354, 32.32287526983369], [-4.181025201955695, 32.32216221527139], [-4.181332545542442, 32.32144224399526], [-4.180800140698915, 32.321088680076016], [-4.180685286091452, 32.32037266036035], [-4.182041123699407, 32.31910505165643], [-4.18286336752592, 32.317394247408856], [-4.182857542257255, 32.316946117892904], [-4.181890175016701, 32.315610628990264], [-4.1823053628152, 32.315068918704554], [-4.182583558580734, 32.312108295125256], [-4.183208639464928, 32.311474978004775], [-4.185429621539869, 32.31181268339146], [-4.187623720709301, 32.31008895509508], [-4.189737973816415, 32.31033795242068], [-4.18982593726108, 32.30899257073574], [-4.190446257399287, 32.308000715992875], [-4.190321971520146, 32.30656769855675], [-4.1894777089902755, 32.306575657960316], [-4.187776319514061, 32.3056056749249], [-4.187745917570787, 32.30327540087494], [-4.187106899996735, 32.30283322766753], [-4.186985013118992, 32.301579456367826], [-4.1863460112892215, 32.301137278822665], [-4.186537209823905, 32.29961165265442], [-4.1862089597054615, 32.29871836752919], [-4.1865208599682635, 32.29835688805759], [-4.185348435542713, 32.29747153240936], [-4.185008543111242, 32.295681982114125], [-4.1850825751293295, 32.29326108539191], [-4.184757861519881, 32.292636673303], [-4.184960733189391, 32.29200730931409], [-4.185589163467752, 32.29164286062663], [-4.184944409844737, 32.29075254248715], [-4.185041762501272, 32.29012416860466], [-4.183752301030367, 32.288343521840304], [-4.18394468805428, 32.28690752247927], [-4.184784107666781, 32.28654109926464], [-4.185403172476046, 32.28545964189186], [-4.187301157182071, 32.28535217075185], [-4.187393816773062, 32.2843652901675], [-4.186750267022608, 32.28356460569463], [-4.186739760906061, 32.282757969350335], [-4.187048103623595, 32.28212761022381], [-4.189346976997507, 32.280402869792184], [-4.18943727146015, 32.279236735138205], [-4.19112060366963, 32.27886231847379], [-4.191956403021082, 32.2782269710526], [-4.193433401188413, 32.27821302024667], [-4.194799023395567, 32.27775192010817], [-4.195434370078403, 32.2779251812414], [-4.199333127202523, 32.2775296628682], [-4.204597399660877, 32.27667282025915], [-4.213527684650531, 32.2738085689063], [-4.216053559390581, 32.27333608598573], [-4.21879878047633, 32.273488894463505], [-4.22068205710807, 32.27230542458192], [-4.22142170147085, 32.27238790979428], [-4.223307325960244, 32.27138365241665], [-4.224139216296852, 32.27047922267375], [-4.228025428352534, 32.269186577369766], [-4.228230366973259, 32.26873640025474], [-4.229173712351746, 32.2682790382312], [-4.232221929120083, 32.267442602776256], [-4.233263451583686, 32.266446431931755], [-4.234629897083551, 32.266074534290794], [-4.2367395794828315, 32.266053893219706], [-4.238645597362209, 32.26657303479326], [-4.243494215682013, 32.26625647893204], [-4.2444337855554926, 32.26553013146629], [-4.245487392522607, 32.26543010906479], [-4.246217198436065, 32.264795453615925], [-4.247377502646256, 32.26478399934922], [-4.248423734205228, 32.26414620585561], [-4.253163000763994, 32.26356145216692], [-4.2534732821436965, 32.26311019048251], [-4.256630268685212, 32.26254100090026], [-4.257256965290772, 32.262086581678844], [-4.265769617768083, 32.25976064861458], [-4.266396248612765, 32.25930618547294], [-4.2676619489934415, 32.25929348909279], [-4.267973389646907, 32.25893181753538], [-4.269339568942341, 32.2585595502622], [-4.269649752713359, 32.25810825093275], [-4.2710184103182405, 32.25791521352938], [-4.271957670131209, 32.25718866803505], [-4.276481688762429, 32.256336304537115], [-4.277631828461735, 32.25560758638048], [-4.279002942248457, 32.25559371085848], [-4.279418537505067, 32.25514132085364], [-4.283103670397253, 32.25465576105842], [-4.284572662908421, 32.25410301386966], [-4.28541767211414, 32.254184054178275], [-4.286361831537511, 32.25381589831361], [-4.288261518496392, 32.25388617509563], [-4.289097662093392, 32.25333982823834], [-4.290149798964902, 32.25314981467888], [-4.292891938227446, 32.25312177894802], [-4.293940249716236, 32.25266286489614], [-4.2978386716994335, 32.25235396470448], [-4.299109365388267, 32.25269944726989], [-4.301536362313142, 32.25276410053688], [-4.302702887951455, 32.253200255770984], [-4.304708032333076, 32.2532691975066], [-4.307883589802895, 32.25404308147906], [-4.313059219359177, 32.25452720270143], [-4.314744116607671, 32.2543304057729], [-4.314958927223854, 32.254597076980275], [-4.315803960682208, 32.254677913151866], [-4.32192237395593, 32.25470366749686], [-4.327614997650008, 32.25446469451412], [-4.33572412073899, 32.253572487858854], [-4.336991020257084, 32.253648720491285], [-4.340777238117722, 32.25289150694468], [-4.342570134146259, 32.252872464310826], [-4.345093349464331, 32.25230781008163], [-4.347727290965059, 32.25210046556702], [-4.352037998612349, 32.251158049468636], [-4.353724060407624, 32.251050357254044], [-4.354036455217366, 32.250778103701045], [-4.355301992829296, 32.25076453245482], [-4.36087272383897, 32.24944975207943]]]}}, {"type": "Feature", "properties": {"id": 19, "name": "Subbasin 19", "Subbasin": 19, "AREA_HA_TOTAL": 38075.92, "HRU_COUNT": 20, "DOM_LANDUSE": "PAST", "DOM_LANDUSE_HA": 26466.52, "DOM_LANDUSE_PCT": 69.51, "DOM_SOIL": "I-Bk-X-2c-1237", "DOM_SOIL_HA": 38075.92, "DOM_SOIL_PCT": 100.0, "DOM_SLOPE_BAND": "25.0-9999", "DOM_SLOPE_BAND_HA": 19448.87, "DOM_SLOPE_BAND_PCT": 51.08}, "geometry": {"type": "Polygon", "coordinates": [[[-4.483499115381985, 32.09739444526323], [-4.481824780780717, 32.0980414926085], [-4.480665256553207, 32.09796541973002], [-4.479724963894752, 32.09842458522109], [-4.47910483798348, 32.09914891005696], [-4.476063213263515, 32.09990147950247], [-4.473041678337346, 32.101908634994054], [-4.471359997334252, 32.102107455929925], [-4.4703157642876725, 32.102657395662135], [-4.470009958519028, 32.10328839219487], [-4.468015251973278, 32.103670073030166], [-4.46749741823337, 32.10421388640879], [-4.466447407252075, 32.1044053209898], [-4.465620853119506, 32.10540087783056], [-4.464570824099029, 32.10559229732897], [-4.463741378996616, 32.10640860523588], [-4.462899056725609, 32.10641833940304], [-4.459343419359016, 32.107983168020766], [-4.458098430875916, 32.109162769701996], [-4.457364222699323, 32.10935049306204], [-4.456432230044573, 32.11034720527182], [-4.455699431012655, 32.11062453828449], [-4.456131995034379, 32.111336646877376], [-4.456036657773907, 32.11196519040207], [-4.455308110862459, 32.11251137835839], [-4.455110312449289, 32.11332036948012], [-4.453963393923932, 32.11405062811338], [-4.453765580789125, 32.11485961738788], [-4.453138038330686, 32.1151357275095], [-4.45283633402499, 32.11603554306767], [-4.451474502405067, 32.11649933987059], [-4.449604559147686, 32.118134200527464], [-4.449297144998609, 32.11867553211097], [-4.449418033270399, 32.11966013665831], [-4.448796109005192, 32.12029470281224], [-4.448929741647924, 32.1220858794525], [-4.446627084420163, 32.12300856715889], [-4.445154154883552, 32.123115026028245], [-4.444638901087081, 32.12383798988853], [-4.440863189618867, 32.12486701167536], [-4.439307422312897, 32.12640851248324], [-4.4394225878170355, 32.127034650696835], [-4.438811798620113, 32.128386125636894], [-4.4378751956895055, 32.12911385157241], [-4.437140783214832, 32.129301462891185], [-4.436317902916, 32.13056569872651], [-4.435271727204749, 32.1310257430287], [-4.433482690546195, 32.131135652446225], [-4.431602327617295, 32.13214292421267], [-4.428873752711768, 32.13280120515443], [-4.4261576889697904, 32.134266006602154], [-4.425227893015957, 32.135441741970325], [-4.4242813572412185, 32.13554203277212], [-4.422928824814187, 32.13663287272758], [-4.4206171901917335, 32.137017383433474], [-4.419150934183375, 32.13757164682626], [-4.416542669453311, 32.13921430829743], [-4.414437449324931, 32.13932748998562], [-4.413187308281604, 32.14023781241139], [-4.412984938576299, 32.14077788598463], [-4.412146425939757, 32.141056152274096], [-4.410587137397356, 32.14241807724988], [-4.407131758691644, 32.14380108106718], [-4.405681811427349, 32.145430638363464], [-4.405397425102652, 32.14749541834786], [-4.402999311218932, 32.14913547292929], [-4.402070439866044, 32.15040066863321], [-4.402078672313636, 32.150938391656624], [-4.401026600484342, 32.15103968074707], [-4.400093572358939, 32.15203600123153], [-4.3970604234009905, 32.15350369965154], [-4.396331190896031, 32.15404956397509], [-4.396026077372441, 32.15477001687129], [-4.39539671515255, 32.15495623096344], [-4.394151628567875, 32.15622485730572], [-4.392141788396497, 32.15570917305324], [-4.390561534810996, 32.155726550811465], [-4.390252287842327, 32.15617812840298], [-4.38951755213436, 32.15636547138144], [-4.389302770370407, 32.156098922488034], [-4.388353254269562, 32.15601970939878], [-4.3875009417152455, 32.15540160791487], [-4.386551433908936, 32.15532238104691], [-4.3859234033723125, 32.155598169678335], [-4.385618202278512, 32.156318599727804], [-4.385095513561575, 32.156593230659006], [-4.383096541126294, 32.15679437052015], [-4.381539252406471, 32.158335196066396], [-4.379869801873401, 32.15942904655555], [-4.379772551179733, 32.15996792294402], [-4.376737451878765, 32.16134552733971], [-4.375687918383799, 32.16162585230961], [-4.3744222795516405, 32.16154997256333], [-4.374102170613644, 32.16128454174616], [-4.372313780771988, 32.16148322570043], [-4.3706213472237625, 32.16105339233681], [-4.368757076192009, 32.16322484237989], [-4.367915536260279, 32.163323580742635], [-4.367274005281433, 32.162703063095954], [-4.3656976257594975, 32.162988998744105], [-4.3641345918883125, 32.16417113257153], [-4.36318634108838, 32.16418135413646], [-4.361831312211761, 32.16518194619987], [-4.359202572948404, 32.16556876240594], [-4.358566404051407, 32.16530668737268], [-4.35845306049894, 32.1647700871532], [-4.356555213268953, 32.164700816332946], [-4.356035041408264, 32.16515457459038], [-4.355505573532603, 32.16498097642731], [-4.353615674899323, 32.165449394205936], [-4.353519589147141, 32.16607787642846], [-4.352684625599626, 32.16662462524998], [-4.352609725341884, 32.16868706087093], [-4.351563997813499, 32.16923605606299], [-4.35082377904605, 32.169064690261706], [-4.3500205037744895, 32.17176235460928], [-4.347279548513279, 32.17170194246588], [-4.344243548113459, 32.17307878849553], [-4.343829956310875, 32.17362100137874], [-4.343408464516225, 32.17362547870981], [-4.342890807070369, 32.17425843019769], [-4.3421558202489265, 32.17444550410944], [-4.34142740008409, 32.17508068602769], [-4.34026302647341, 32.1747344838633], [-4.339429215394647, 32.17537077120615], [-4.338372841690334, 32.17520268069268], [-4.337747143553997, 32.175657482019794], [-4.337324331343272, 32.17557231675498], [-4.336595867913819, 32.17620747187406], [-4.3351271395164055, 32.17667116639172], [-4.334090360581216, 32.17784738031673], [-4.333253865201916, 32.178304383184184], [-4.332620286868272, 32.178221423945885], [-4.3316810103809535, 32.178858772419375], [-4.331364871878354, 32.17886210067262], [-4.3295447644998095, 32.17690924356062], [-4.328801916199549, 32.17655850388029], [-4.328583353483596, 32.17602298052768], [-4.326578602658852, 32.17586474951875], [-4.325615932417443, 32.174888839718236], [-4.324661067870771, 32.17445066027184], [-4.323695839931742, 32.17329548850515], [-4.322954338428473, 32.17303433603671], [-4.322124302832867, 32.173939381693934], [-4.320866280545277, 32.174400708642175], [-4.31791707424144, 32.174521108887475], [-4.31750718868422, 32.175332109792215], [-4.316148902958408, 32.17615298176963], [-4.3150938440481, 32.17607431928687], [-4.31392440015903, 32.17536937867146], [-4.312766547201401, 32.17547103800839], [-4.311810449517868, 32.17494313659841], [-4.311094651504197, 32.176474384622416], [-4.310913432797643, 32.17853790988273], [-4.309976562752294, 32.17935434820728], [-4.309981696343219, 32.17971284227302], [-4.308286621056551, 32.17910292996516], [-4.307020770949843, 32.17902638083396], [-4.305549277241297, 32.179310489431515], [-4.304399030076607, 32.1799498158599], [-4.3034416536535565, 32.179332227757655], [-4.300695368158422, 32.178912315832896], [-4.298807418673956, 32.17955917634643], [-4.2975441091854325, 32.17966178020591], [-4.297233047272206, 32.18002351908712], [-4.295965919970186, 32.179857235392625], [-4.290931601063163, 32.18161182535437], [-4.288613143239984, 32.1816354691768], [-4.288196653841579, 32.181998260527585], [-4.2875618209670225, 32.18182545089217], [-4.287461482028713, 32.1821850208628], [-4.2865180573098876, 32.18255316984633], [-4.286526881393369, 32.18318053997125], [-4.285688829371374, 32.183547610956836], [-4.283995090547617, 32.183026995386854], [-4.283461871038702, 32.182584221966565], [-4.281986469086613, 32.18259918622643], [-4.281257555666271, 32.183234033322414], [-4.28041320763887, 32.183152947381664], [-4.278839926562168, 32.18370668940349], [-4.276207743407972, 32.18391255308617], [-4.275058474315024, 32.184641243601604], [-4.2742328470099205, 32.185904486996954], [-4.272978146161125, 32.18663422129706], [-4.272669456617302, 32.18717515191674], [-4.269728445910693, 32.187921813820616], [-4.268484869261139, 32.189458128440144], [-4.267115984132793, 32.18956148967032], [-4.2664985125589965, 32.190643323356], [-4.264590232210925, 32.18985568509582], [-4.263324254018126, 32.189778701500835], [-4.26246995837082, 32.18898049660366], [-4.261099835321566, 32.18899416760583], [-4.260039719262188, 32.18855654794746], [-4.259518922957269, 32.18900992340219], [-4.25899071799196, 32.188925545767475], [-4.257816589527307, 32.18786157988962], [-4.257076374839394, 32.187689665152334], [-4.254554323653693, 32.188252535639336], [-4.253076357598243, 32.188087914219466], [-4.252763860671903, 32.18835992302888], [-4.251080012653117, 32.18855586798772], [-4.250453776078395, 32.18901024987046], [-4.248239265629525, 32.18894249061819], [-4.245807863077222, 32.18842864110937], [-4.243284496011169, 32.18890166328345], [-4.242973184637935, 32.18926327437676], [-4.242886061839435, 32.19060869601623], [-4.242048974900757, 32.191065109169394], [-4.241740085697072, 32.19160596886874], [-4.239331724579565, 32.1927948857965], [-4.238162621863335, 32.19208923691255], [-4.234896472902574, 32.192210813271956], [-4.233731038458277, 32.191774000284134], [-4.232574071813992, 32.191964558535204], [-4.231183373391858, 32.190454263182644], [-4.230125786075547, 32.190195641932235], [-4.228756832283691, 32.19029858918577], [-4.22811241377545, 32.189408470220954], [-4.22673865946338, 32.18915289037219], [-4.226827221929557, 32.18789710001311], [-4.226082252641019, 32.18736649714455], [-4.225451091643973, 32.18746225281675], [-4.225025914849046, 32.187197458227445], [-4.22459594010434, 32.18657415662195], [-4.224581539447063, 32.18549863995064], [-4.221297643798958, 32.184275462536064], [-4.221164732087527, 32.182215069745084], [-4.2162114947832565, 32.18226279888752], [-4.216207919788974, 32.18199391871279], [-4.214511003789889, 32.18120348142595], [-4.213561331560531, 32.18112295908555], [-4.212815304847201, 32.180502647418535], [-4.211868015652105, 32.18060136590601], [-4.210168790168676, 32.17963161475126], [-4.208798780072518, 32.1796447157963], [-4.20805634772828, 32.179293255928144], [-4.208451842038542, 32.17731743412873], [-4.20896691243039, 32.1764161283888], [-4.210226750326048, 32.17604552700952], [-4.210222008270049, 32.175687018958726], [-4.209583798942528, 32.17524493184871], [-4.209577874717754, 32.17479679661857], [-4.2089373063862485, 32.174175451814826], [-4.209028474535307, 32.17309891960057], [-4.208389105679181, 32.17256719859302], [-4.208062324689544, 32.1717635739616], [-4.207821998504891, 32.16952490737962], [-4.205185291011712, 32.16937077811052], [-4.203597612064544, 32.16884806288418], [-4.200012569993017, 32.1687028446693], [-4.198847594638526, 32.168265697284646], [-4.1976884945199995, 32.16827667655837], [-4.197473058276634, 32.16792016147584], [-4.195997844661001, 32.16793411709469], [-4.194301359069194, 32.16714339642232], [-4.193564926597605, 32.1672399854257], [-4.191978513794545, 32.16680674942219], [-4.188394723061952, 32.16675082733069], [-4.187968584350745, 32.166396274531564], [-4.185650421635383, 32.16641802200981], [-4.184594390515036, 32.166248637213485], [-4.183956368075382, 32.16580641560177], [-4.181737801707341, 32.16537896451489], [-4.180790627334459, 32.16547744751756], [-4.180363367548774, 32.165033240046185], [-4.177936402952828, 32.1647869438405], [-4.178124070945732, 32.162992416837255], [-4.179160427644899, 32.161638177168115], [-4.180313673649825, 32.16117922862972], [-4.182630550370826, 32.16106795393429], [-4.182514766036089, 32.16026228555858], [-4.182921167789153, 32.159093179960365], [-4.182387408968243, 32.15856033528722], [-4.182379306774067, 32.157932938060824], [-4.18290264011807, 32.157659129460654], [-4.182895692581173, 32.157121360436896], [-4.1836332159257505, 32.157114463219536], [-4.18447030223593, 32.15665843478982], [-4.185001741501062, 32.15701201459404], [-4.18563506373117, 32.157095720540205], [-4.186053022161461, 32.15682288645595], [-4.186899387701424, 32.15708386674718], [-4.190780231269989, 32.155702819129885], [-4.190875099069357, 32.154895176083926], [-4.190450172919347, 32.15463025786554], [-4.190333164975879, 32.15373496931115], [-4.1892714536620135, 32.153117479885836], [-4.191378565548551, 32.15309765817377], [-4.191887845625233, 32.151748278040316], [-4.1925141340010725, 32.1512941826612], [-4.193146254454532, 32.15128822393302], [-4.1927108340419625, 32.15021666142738], [-4.191543797421597, 32.14960018307422], [-4.191640986112174, 32.14897179501908], [-4.191319104843131, 32.14852663073243], [-4.190580487664567, 32.14844394305174], [-4.190362798316927, 32.14790815686691], [-4.189730700547151, 32.14791410113771], [-4.189275554770102, 32.14531884687996], [-4.187585359431427, 32.14497616287681], [-4.185794470776819, 32.14499295611941], [-4.185367286118871, 32.1445487624424], [-4.18484055635003, 32.14455369497215], [-4.184832441746337, 32.14392629691254], [-4.186407976866594, 32.143552980105994], [-4.187237957907914, 32.14255916622744], [-4.187219374524307, 32.14112511421973], [-4.186690342990205, 32.14095079743129], [-4.186469213481441, 32.14014611807221], [-4.18677478761595, 32.13933650045755], [-4.186636947286406, 32.13682789513832], [-4.186525807559284, 32.13638074092826], [-4.186102141267321, 32.13620543336191], [-4.186090540460145, 32.135309149626345], [-4.18946243050913, 32.13536714663104], [-4.189888426494559, 32.13572169941338], [-4.191150123534692, 32.13553055372394], [-4.194106518844971, 32.13604053189624], [-4.194628524180959, 32.135677049599835], [-4.1971518884549255, 32.13529465174881], [-4.198627748170347, 32.13537032322997], [-4.199356881065071, 32.134735942870684], [-4.2006197159370755, 32.13463433147133], [-4.200929845146087, 32.13418319410148], [-4.202087336887775, 32.13408256761926], [-4.20292059129536, 32.133357539186555], [-4.203345451392035, 32.133622417908065], [-4.204395244405619, 32.133343516247336], [-4.206820247049675, 32.13349969673706], [-4.208293718644383, 32.13339600063899], [-4.209131646401452, 32.133029443245036], [-4.2100808156508975, 32.13311001166557], [-4.2114679009980405, 32.13444132710482], [-4.212415900618381, 32.13443225005234], [-4.2132633129595884, 32.134782685591176], [-4.215683607283942, 32.13458018516357], [-4.2171618443311685, 32.13483489517223], [-4.21749689724656, 32.136265893515215], [-4.218131291076323, 32.136439067149894], [-4.218467557597111, 32.13795968933322], [-4.21952569969601, 32.1383080530066], [-4.220169659603569, 32.139198233628996], [-4.220801690157341, 32.139192138805846], [-4.220954804073223, 32.14277620872417], [-4.2221231367001195, 32.14348204082445], [-4.222860539596057, 32.14347491766851], [-4.2242503635952176, 32.14498533645337], [-4.224992572210206, 32.145336708430314], [-4.2259406797741095, 32.14532752733461], [-4.226457806146953, 32.14460540838755], [-4.227714731593682, 32.144055389708164], [-4.2281240909522895, 32.14315503245933], [-4.229063757797711, 32.142518440501014], [-4.229470691859424, 32.14143882545866], [-4.2304139427842244, 32.14107110449691], [-4.229431003632963, 32.13848113844475], [-4.229843931748717, 32.1378496565939], [-4.231098336088909, 32.1371203527739], [-4.2329943764138696, 32.13710189619922], [-4.233512608459516, 32.136469376825346], [-4.234463036073075, 32.13663938768911], [-4.235826346051284, 32.13617789099727], [-4.236461980133789, 32.136440598597865], [-4.237107297950884, 32.13742031619818], [-4.238370115020678, 32.13731832825064], [-4.238692179655835, 32.1377633689622], [-4.239429531936137, 32.137756150417815], [-4.240263727989026, 32.13712050955234], [-4.241318294440407, 32.13719980965508], [-4.242050782008169, 32.136834069949394], [-4.242346129630068, 32.1353073180541], [-4.24317663553953, 32.134402779311074], [-4.243064009213529, 32.13386605481372], [-4.244110022705603, 32.1333179471924], [-4.2439888766848854, 32.13215383809091], [-4.244717661767731, 32.131519204479915], [-4.2444863162203115, 32.12999762530903], [-4.2448978853882116, 32.1292764705414], [-4.244573388534803, 32.12865219199598], [-4.244670194775301, 32.12802377070959], [-4.245189512875825, 32.12748083245481], [-4.244337187764121, 32.12677210541063], [-4.24496425801048, 32.126407385881805], [-4.245389201887773, 32.12667212153612], [-4.246125244725257, 32.126575239703456], [-4.246642108433582, 32.125853042789494], [-4.247688009703347, 32.12530490774662], [-4.248744885834327, 32.12556340223552], [-4.248950644863189, 32.125202818508164], [-4.249791992544162, 32.12510487659036], [-4.251978030431296, 32.12320086867914], [-4.252072333303478, 32.12239318990625], [-4.252701791224252, 32.12220768601941], [-4.253101012838412, 32.12059024274833], [-4.252534032703291, 32.1176377828626], [-4.25430840565252, 32.11645491606441], [-4.254406360862344, 32.11591611452572], [-4.255139853086154, 32.11563992981815], [-4.2566178766018, 32.11589418466055], [-4.258809706468537, 32.11443819651363], [-4.260494641058103, 32.11442143364125], [-4.261085823783509, 32.11145747777837], [-4.260135616440865, 32.111287660827806], [-4.260315439616444, 32.109044908469194], [-4.259679934011091, 32.108782316479235], [-4.259141122181514, 32.10789128993197], [-4.258587566044684, 32.10592474437803], [-4.257630048761897, 32.10521714851699], [-4.257382604092927, 32.10253044665653], [-4.257909078257904, 32.10252521832237], [-4.257896791271376, 32.101628953857855], [-4.257470703064523, 32.10127463067527], [-4.259777312770089, 32.10053459764352], [-4.263356019288547, 32.100409309835655], [-4.264402765927798, 32.09995067069519], [-4.265350390122592, 32.09994120627055], [-4.2656712095118365, 32.100296554710326], [-4.267144058595772, 32.100192188154274], [-4.267448792619911, 32.09938239194025], [-4.26807806046927, 32.09919681575096], [-4.2701875927971535, 32.09944459159089], [-4.270285439644149, 32.09890577919301], [-4.271226843137385, 32.09844814086888], [-4.271631856638498, 32.097278774427174], [-4.273512119786964, 32.09618421996516], [-4.274672765043973, 32.096351821187085], [-4.275101384584035, 32.096885337487905], [-4.276366082444945, 32.096962236919275], [-4.27646513726554, 32.09651304642237], [-4.277091871501918, 32.096148174592464], [-4.277726087277313, 32.09632105482814], [-4.2788767494029845, 32.095771610767066], [-4.280981221674497, 32.095660705185274], [-4.2816004224316115, 32.09475805723909], [-4.2813760887735395, 32.09377430462476], [-4.282532958129164, 32.09367295712829], [-4.283056870642127, 32.093488374179785], [-4.283053112123607, 32.09321949709655], [-4.284634866997509, 32.09338274083342], [-4.2847351323333385, 32.09302317040732], [-4.285470856768441, 32.092926067310316], [-4.285794237796464, 32.09346061497676], [-4.288211978128202, 32.09316713292958], [-4.28947789004627, 32.09333352797793], [-4.290415356559289, 32.0926068742055], [-4.291365417150292, 32.092776467958586], [-4.291466916354398, 32.09250651828302], [-4.292201366419461, 32.09231975097532], [-4.293471061306001, 32.092754982292874], [-4.2940875913713565, 32.09167302592127], [-4.294612731688141, 32.091578021326626], [-4.295131548191861, 32.09103488809432], [-4.296606735136856, 32.091109433957406], [-4.296909913114595, 32.09020994799282], [-4.297858691833808, 32.09028986820601], [-4.298273470663219, 32.089837426569446], [-4.299857725420505, 32.09017973139037], [-4.30037777207364, 32.08972620270644], [-4.30269262346049, 32.08961277872928], [-4.303215197208797, 32.08933848889305], [-4.302896819683218, 32.08916248786152], [-4.303198657478031, 32.088173363301664], [-4.304874163502195, 32.0875286474374], [-4.305182345653074, 32.086987643634124], [-4.306340370847142, 32.086975706448136], [-4.3079054505700425, 32.08597353741011], [-4.308000509813753, 32.08525545106985], [-4.308826084680095, 32.084081628486], [-4.308697820151089, 32.08246946742879], [-4.309009796384728, 32.082197329740445], [-4.310167759402312, 32.0821853591579], [-4.310688988968886, 32.08182141499441], [-4.311323161972265, 32.08199412829812], [-4.311630008009575, 32.08136348498852], [-4.312577422751349, 32.08135367229637], [-4.313202623982681, 32.08089900259166], [-4.314046048130076, 32.080979894975876], [-4.31571749106694, 32.08006616623253], [-4.317189938394464, 32.07996122732475], [-4.31751088110196, 32.08031644210016], [-4.318138622979004, 32.08004099807532], [-4.317180940048958, 32.07933385461626], [-4.317799674109182, 32.07843103969569], [-4.317890791848153, 32.077444073326795], [-4.320413250431447, 32.07714889466238], [-4.320297680282613, 32.0764329948901], [-4.321132043652218, 32.075886468960135], [-4.317269359365435, 32.07081731597434], [-4.316388784715536, 32.06813732200983], [-4.3168020894422385, 32.06759519835658], [-4.317952151104442, 32.06704541251173], [-4.317606835934202, 32.06498732474378], [-4.318959639053193, 32.063897592603546], [-4.318637464486821, 32.06345275437507], [-4.3186310341199, 32.06300463011117], [-4.318945488735097, 32.062911719376885], [-4.3188312381809, 32.062285440775895], [-4.320611406642329, 32.06163943429344], [-4.320707635961598, 32.061010963849334], [-4.319824492415242, 32.05815174014793], [-4.321186188562848, 32.057689360473255], [-4.321178458953868, 32.05715161141622], [-4.320430189902034, 32.056352665081704], [-4.320196541221573, 32.054741609538574], [-4.3196639205417, 32.054298964824625], [-4.319436723478479, 32.053136031712015], [-4.319121016443665, 32.05313931792305], [-4.318879686541799, 32.050990508261144], [-4.3179158855089215, 32.049835234011844], [-4.3178940463326, 32.04831160766064], [-4.317360190715453, 32.047779326426515], [-4.317663036162432, 32.04687979396146], [-4.316497822368326, 32.0463540702881], [-4.317011126117041, 32.04545235318533], [-4.31752955633694, 32.04490913476511], [-4.318367512159598, 32.0446315069847], [-4.31888207364168, 32.043819407934706], [-4.319933037310748, 32.04371883057408], [-4.32034878969429, 32.04335594695544], [-4.320752954761155, 32.04218643642771], [-4.321479213944825, 32.04146175980579], [-4.322531435910194, 32.0414507866891], [-4.323379661168132, 32.041890126842475], [-4.324112348439916, 32.04161356057066], [-4.324315049871376, 32.04107361252574], [-4.325781692932567, 32.04061009038269], [-4.325881745992493, 32.04025049026811], [-4.327045638475018, 32.04068650392789], [-4.329047428556595, 32.04084480980894], [-4.329368273811988, 32.04119999911585], [-4.33062963580876, 32.04109712713007], [-4.331357104106402, 32.04046202082699], [-4.332723673536678, 32.04035802323963], [-4.333131565001447, 32.03945735128986], [-4.334483813444849, 32.03836746417674], [-4.334900783890358, 32.03809415934283], [-4.335743827595291, 32.03817491785455], [-4.336360811790123, 32.03718239434726], [-4.337411675379601, 32.03708167450819], [-4.3376129857038155, 32.03645208265331], [-4.3392755607327915, 32.03500031787764], [-4.3399068450706775, 32.03499364763681], [-4.340735495413296, 32.034088504561986], [-4.340831564759385, 32.03346002066533], [-4.34145891767686, 32.03318446963089], [-4.341660192523917, 32.03255487195399], [-4.34333441044166, 32.03190967648139], [-4.344281303488627, 32.031899640492625], [-4.344381275467714, 32.03154002750955], [-4.345113813765907, 32.03126334334114], [-4.345212471521045, 32.03081410543292], [-4.346052832422516, 32.03071554839803], [-4.346884007668092, 32.029989615831234], [-4.346768305218505, 32.02927373898504], [-4.347076054379217, 32.02873264034942], [-4.347703355724008, 32.02845705959805], [-4.347588961805651, 32.02783080774926], [-4.34935642755973, 32.026377799241864], [-4.349777242633585, 32.02637332037743], [-4.349978446905009, 32.02574371079329], [-4.350916064530031, 32.02510625747034], [-4.3509055398597924, 32.02438926373559], [-4.3512198282892065, 32.02429627683741], [-4.351084366051033, 32.02223604050786], [-4.351399962939436, 32.02223267757676], [-4.351597199763832, 32.02133419285525], [-4.351142202639414, 32.01900844605045], [-4.3520836942283365, 32.0186398583457], [-4.35239269512672, 32.018188372006556], [-4.353022543456262, 32.01809201537254], [-4.3536405294168485, 32.01718903769414], [-4.354372925239646, 32.01691230330176], [-4.354562211329171, 32.015476069077785], [-4.3551828037593365, 32.01475233283126], [-4.355362838743749, 32.01268872786691], [-4.3562976476411, 32.01187198972335], [-4.357032634942654, 32.011774489487976], [-4.357866198755417, 32.011227738197356], [-4.360182939365457, 32.011382190426744], [-4.3611203409215245, 32.01074466620201], [-4.363635498284087, 32.01009018202208], [-4.363736700892136, 32.009820179256295], [-4.364366478283195, 32.0097237680548], [-4.364666092355506, 32.0086448861537], [-4.365413003273195, 32.00935395342851], [-4.366359655697174, 32.009343758964434], [-4.366679196839979, 32.009609230778096], [-4.37025544483307, 32.009570645340204], [-4.370785365540679, 32.009833833577424], [-4.370991730333832, 32.00956268876968], [-4.371939717966792, 32.00964207626328], [-4.373401595299296, 32.00890915049895], [-4.37466512599673, 32.00898510054991], [-4.375289530224587, 32.008530141405764], [-4.3755903506776965, 32.00754086070519], [-4.376318581795024, 32.00699513253343], [-4.377894947015703, 32.00688837986643], [-4.378938697748885, 32.00633920898885], [-4.379569775180181, 32.006332346750845], [-4.379784162503887, 32.00659892882676], [-4.383256440390541, 32.006650747544185], [-4.3844012922427815, 32.005831515881404], [-4.386388894757209, 32.00509270368414], [-4.386917483091129, 32.00526620097224], [-4.387334145015153, 32.00499273078956], [-4.388280743882587, 32.004982374000114], [-4.388590871815997, 32.004620427829565], [-4.389958174879294, 32.0046054523671], [-4.390475942166556, 32.00406195053512], [-4.391426592058034, 32.004320439528726], [-4.39268735718293, 32.00421696551668], [-4.393851080515552, 32.004652372163974], [-4.398586761239602, 32.00477952039901], [-4.3997260006593315, 32.00360166392136], [-4.401089192159316, 32.003317701002224], [-4.401190277105101, 32.003047671369316], [-4.406444905881843, 32.002720605820734], [-4.406435326630658, 32.002093248775275], [-4.407060891407358, 32.001727760912416], [-4.40748569197054, 32.00199196098162], [-4.409063291498085, 32.00197444661179], [-4.409925255207665, 32.00330943206308], [-4.411500128776045, 32.00311264226019], [-4.412960196950471, 32.00228964941564], [-4.414745391465409, 32.00209047676824], [-4.415171591731634, 32.0024442725008], [-4.416855745788326, 32.00251510966481], [-4.41738850895399, 32.002957344833334], [-4.418545422581248, 32.00294441223422], [-4.419287163946677, 32.0032946646193], [-4.421491673413907, 32.003001067152624], [-4.422117181519269, 32.00263550661125], [-4.42327547358424, 32.002712152787666], [-4.4241071614124925, 32.002075357080216], [-4.425262673831091, 32.001972741824005], [-4.425677815252141, 32.001609527511285], [-4.428723632766672, 32.00130634699202], [-4.428716682431267, 32.0008582390502], [-4.430499022876797, 32.00047960329648], [-4.430922489471708, 32.00065410162585], [-4.431650327275315, 32.00010806610677], [-4.433851922901252, 31.99963501412791], [-4.438165264412047, 31.99967582340094], [-4.438493367902346, 32.000478837000905], [-4.43934033080069, 32.0008277779244], [-4.441863019624705, 32.00070949163391], [-4.442595001019466, 32.00043225837169], [-4.4439650196767815, 32.00059594470302], [-4.444486653891272, 32.000321094864105], [-4.446382522680328, 32.00047876598204], [-4.446794756340697, 31.999936243297682], [-4.447951617128865, 31.999923043661923], [-4.449090149826668, 31.99874476295723], [-4.4508723544158, 31.998365844407374], [-4.450868120043878, 31.998096982142954], [-4.451814621960827, 31.998086153391114], [-4.452638998795598, 31.997001073582457], [-4.453689240096838, 31.996899406228412], [-4.454747969695972, 31.99733545394668], [-4.458114692365039, 31.997386438046163], [-4.4581232032204845, 31.99792416089052], [-4.456650873403112, 31.99794107569391], [-4.456592470103471, 32.00089976010313], [-4.456072287511222, 32.00126427924944], [-4.46001472443544, 32.00444588412091], [-4.461883668331335, 32.00290053520814], [-4.4655318836388895, 32.00079679582592], [-4.468646952392836, 31.99825094448735], [-4.471150904340602, 31.99696701902622], [-4.4732857273695625, 31.998914247048553], [-4.476453655635466, 31.999684142939635], [-4.478045547512833, 32.000561968573834], [-4.4786880673087595, 32.001271571336744], [-4.479107305053299, 32.00117704718462], [-4.479754156575937, 32.002155502752224], [-4.479769994428803, 32.00314131760768], [-4.478725475235315, 32.00360168036689], [-4.479287320574086, 32.00583603695725], [-4.479611482837571, 32.00637007364007], [-4.48024253271006, 32.00636271062253], [-4.481732284912522, 32.007420950761265], [-4.482892107829455, 32.00758666843786], [-4.484276732215632, 32.00864610663661], [-4.485645483406948, 32.008719717383926], [-4.485965354112539, 32.00898487859712], [-4.487331215897824, 32.00887923264976], [-4.489460857685482, 32.0104676900442], [-4.4898815744614025, 32.010462748490745], [-4.490205814462152, 32.01099675537016], [-4.492215848253211, 32.0116902097112], [-4.494429000477912, 32.01193305856172], [-4.4969839335220785, 32.01378528066498], [-4.49793495132408, 32.01404295893691], [-4.4986653960267144, 32.013675785848285], [-4.499617876625108, 32.01402306996507], [-4.499626635325212, 32.01456078130703], [-4.500053209745928, 32.01491427960634], [-4.501315414594583, 32.014899343530935], [-4.502272304479966, 32.0155154622836], [-4.503854461015559, 32.015765617406146], [-4.5044797099432765, 32.015399658493386], [-4.506891608358359, 32.01492284395209], [-4.50774188218452, 32.015450551857235], [-4.509113681128067, 32.01570314186123], [-4.509433642068706, 32.01596824079022], [-4.509243842762731, 32.01722539834017], [-4.510110323529359, 32.01873888798044], [-4.51089959578576, 32.0219563657532], [-4.51121811266459, 32.022131841132634], [-4.511351266069081, 32.02383332849572], [-4.511881649876763, 32.02409591200567], [-4.512207539155316, 32.024719474043955], [-4.51515888154303, 32.02504278296843], [-4.515585563720592, 32.025396225127444], [-4.517784310696829, 32.024742477021654], [-4.519153313418556, 32.024815717703774], [-4.519581489116125, 32.02525876356735], [-4.523161069964459, 32.02539508404864], [-4.5233788769628775, 32.025840643582185], [-4.525161251982212, 32.025460675753486], [-4.526949559310059, 32.02543915237096], [-4.5274799943179715, 32.025701668894726], [-4.528634159005028, 32.02550848924199], [-4.529363073440145, 32.02505152371254], [-4.531782532097162, 32.02502231799696], [-4.5329530989807, 32.02581488687515], [-4.533585760125465, 32.02589687139466], [-4.533701410251159, 32.02652291781482], [-4.539270760769795, 32.02609688793825], [-4.53979823344019, 32.02618011823628], [-4.539910926606832, 32.02662692422722], [-4.540334707647606, 32.02680104643931], [-4.541586542472123, 32.02615838803006], [-4.541908132755288, 32.02651301717055], [-4.542540804789347, 32.0265949565874], [-4.543187004090105, 32.02748344185298], [-4.5445545518792345, 32.02746678976068], [-4.544770961738151, 32.0278226925328], [-4.546672026559977, 32.02824768999453], [-4.54869640578748, 32.02974676901191], [-4.549658284587544, 32.03063136277631], [-4.54980575355058, 32.03313933083901], [-4.550656434026934, 32.03366673653129], [-4.551815175297619, 32.03374219277663], [-4.552154976773806, 32.03517218636719], [-4.5541674855661585, 32.03595424093234], [-4.554810834663437, 32.03666342820661], [-4.554505818462453, 32.03729461039375], [-4.555469348861529, 32.03826877069634], [-4.555784972068226, 32.03826489749132], [-4.556445032324465, 32.039959849447555], [-4.557186051530926, 32.040219652001205], [-4.557208812222869, 32.04156388854421], [-4.558578078969747, 32.04163669438648], [-4.558587191701288, 32.042174388562856], [-4.559120848587727, 32.04261599748115], [-4.558928653790316, 32.04369397352081], [-4.55925493202552, 32.044317400586074], [-4.559170990974549, 32.04557331363514], [-4.55949271828367, 32.04592789284132], [-4.559291404026264, 32.046468175399504], [-4.559614655154204, 32.046912369720104], [-4.560253563183302, 32.047352677780516], [-4.5610937845840205, 32.047252697609046], [-4.562385331011084, 32.04893983368646], [-4.563225563911214, 32.0488398390181], [-4.563629676618894, 32.047848878030166], [-4.564366204513715, 32.047839789520175], [-4.564392126647143, 32.04936325052657], [-4.565346735411678, 32.049799634818946], [-4.565265927718998, 32.05123477894302], [-4.565793564432325, 32.051317895441464], [-4.566440167430014, 32.052206246231954], [-4.567268201742098, 32.05138930244146], [-4.567689090336417, 32.05138409694082], [-4.567606790749658, 32.05272962594315], [-4.567927047371889, 32.05299456638315], [-4.56845010900761, 32.052808826029725], [-4.569958443414057, 32.05485173214987], [-4.570190327860121, 32.05610373495518], [-4.568834608025695, 32.05683759733745], [-4.568851434710674, 32.05782336275749], [-4.568221587036349, 32.05792079272497], [-4.568029475407434, 32.058998777696075], [-4.567311199341088, 32.06008327118251], [-4.567843475388331, 32.06043522250141], [-4.568500873065655, 32.06195086388341], [-4.568430820009432, 32.064013310907974], [-4.56833017225367, 32.06428345837696], [-4.567700279920418, 32.064380887077306], [-4.567425846089272, 32.06680439730899], [-4.5680178151078525, 32.070651328073666], [-4.569338924396348, 32.074041054187944], [-4.5692811428538205, 32.07682041557089], [-4.568016598154821, 32.07674643995699], [-4.565090944085436, 32.07803749114776], [-4.56435417441696, 32.07804659147791], [-4.563321478093823, 32.0792245791828], [-4.5623818132162866, 32.07968434098817], [-4.558705496462982, 32.08017779889142], [-4.553785772897607, 32.081851649528545], [-4.55220842120081, 32.081960621579114], [-4.552465909405041, 32.08473611832826], [-4.553426905662011, 32.08553104158062], [-4.553326192400875, 32.085801178371675], [-4.55156096561392, 32.08725695615285], [-4.548842242268447, 32.08836583766982], [-4.547699431271188, 32.08927614679963], [-4.540436024150904, 32.08936469386957], [-4.53833969382794, 32.08992797715657], [-4.535184655877538, 32.09014552641418], [-4.5348733468608575, 32.09041820188626], [-4.533080788165521, 32.09026064380031], [-4.531613011309815, 32.09063693856314], [-4.530573771055346, 32.091456209751044], [-4.529203768942319, 32.091383124123894], [-4.526708593400157, 32.09329554617801], [-4.52544532669527, 32.09331076796051], [-4.524085715607126, 32.09386494254522], [-4.523995323669367, 32.094762373500565], [-4.522208637491288, 32.09496312948207], [-4.521489545790861, 32.09604738265221], [-4.520656250572772, 32.09659519713495], [-4.520777863167507, 32.09757971461111], [-4.519931190860493, 32.097320976016], [-4.518144443773544, 32.09752167636576], [-4.517124264743931, 32.09950585849541], [-4.516187112071298, 32.100144522915514], [-4.514504101512183, 32.100254296476834], [-4.512312405931433, 32.10144573694568], [-4.510652973215311, 32.10298932956239], [-4.508237330349859, 32.10337666222165], [-4.507092448080764, 32.10419700384489], [-4.505829019835265, 32.10421203454372], [-4.504580288041258, 32.10512322338623], [-4.501101419903918, 32.10489560800406], [-4.500247401672518, 32.104188652191766], [-4.500134788858417, 32.1037418132076], [-4.499500146509069, 32.103570060741], [-4.495604586104956, 32.10361613062214], [-4.495275584217061, 32.10281330348053], [-4.4933556627611235, 32.101312168426446], [-4.492870376912131, 32.09737395832059], [-4.492229962177156, 32.096843696778684], [-4.491792825645083, 32.095862863105175], [-4.491158252296301, 32.095691066504195], [-4.491045695570324, 32.095244217208986], [-4.489049809671092, 32.09553660425153], [-4.488426870859245, 32.09608173657724], [-4.486433859919292, 32.096553318964006], [-4.4848662914930895, 32.09728878778722], [-4.483499115381985, 32.09739444526323]]]}}]}